quantity,revenue,order_date,client_id,product_id,category,country,channel
10,46.15,2022-06-04,C-15227782,Gar-355104,Garden,Norway,App
2,260.92,2024-08-26,C-64967803,Toy-175331,Toys,France,Marketplace
9,10.92,2022-05-18,C-48574985,Clo-832143,Clothing,Australia,Store
5,47.98,2025-12-23,C-24825971,Mus-819555,Music,Norway,Social Media
14,413.32,2025-06-11,C-22579567,Tra-600226,Travel,United States,Email
1,467.47,2025-10-25,C-29463459,Mus-421302,Music,Portugal,Email
17,208.57,2025-07-13,C-56445786,Ele-364608,Electronics,Brazil,Store
4,138.05,2023-07-19,C-76800708,Ele-908568,Electronics,Belgium,Phone
12,379.2,2025-09-21,C-14348130,Toy-924203,Toys,Poland,Marketplace
2,410.35,2023-06-19,C-35700115,Bea-289275,Beauty,Austria,Email
16,102.96,2024-07-21,C-25814587,Bea-838792,Beauty,Denmark,Social Media
1,288.92,2023-06-21,C-60590184,Fur-598772,Furniture,Canada,Web
17,440.83,2024-02-25,C-11172597,Jew-435942,Jewelry,United States,App
7,224.12,2023-11-01,C-93572459,Tra-127793,Travel,Poland,Marketplace
11,331.65,2025-02-07,C-58207115,Spo-809315,Sports,Spain,Marketplace
19,462.81,2025-07-03,C-84984031,Jew-301302,Jewelry,Spain,Social Media
11,281.3,2024-06-29,C-78669599,Tra-336587,Travel,Belgium,Marketplace
1,273.7,2022-04-22,C-25479673,Tra-015845,Travel,United States,Web
14,317.44,2022-06-16,C-96295925,Gar-815973,Garden,Belgium,Email
5,168.83,2023-06-27,C-45499076,Boo-079445,Books,United States,Phone
2,149.19,2022-03-02,C-95370570,Boo-610753,Books,Portugal,App
6,380.88,2025-12-06,C-89047975,Off-883998,Office,Brazil,Social Media
16,144.9,2022-09-24,C-86887776,Mus-828935,Music,Mexico,Email
8,362.16,2023-03-30,C-09095261,Boo-812476,Books,Denmark,Email
4,294.24,2025-03-06,C-88764007,Foo-618433,Food,Spain,Marketplace
7,344.27,2024-02-16,C-58815004,Aut-750895,Automotive,Netherlands,Social Media
16,492.33,2022-07-25,C-94561312,Off-917807,Office,Belgium,Marketplace
10,207.78,2023-05-11,C-08084208,Jew-195467,Jewelry,Japan,Phone
5,127.3,2022-11-02,C-48219660,Toy-713542,Toys,Netherlands,Marketplace
11,148.93,2022-08-08,C-37282969,Fur-595258,Furniture,Spain,Marketplace
18,104.83,2025-11-30,C-12198751,Tra-398008,Travel,Germany,Phone
12,462.12,2023-10-27,C-77772036,Boo-695224,Books,Denmark,Web
11,152.58,2023-09-02,C-74765923,Boo-404653,Books,Denmark,Store
16,449.98,2024-10-07,C-11593189,Jew-380230,Jewelry,Spain,Phone
14,20.15,2025-10-23,C-75609212,Off-364606,Office,Italy,Email
4,389.29,2024-08-13,C-17074239,Toy-258212,Toys,Belgium,Store
9,498.88,2022-12-11,C-37619890,Jew-181027,Jewelry,Mexico,Phone
7,152.28,2024-02-07,C-99951237,Jew-824151,Jewelry,United States,Web
6,387.6,2024-01-28,C-25479673,Toy-024465,Toys,United States,Web
11,353.51,2025-05-06,C-12290630,Hea-807307,Health,Netherlands,Email
14,351.19,2023-07-18,C-98325575,Boo-080514,Books,Germany,Store
11,21.27,2023-11-12,C-16444729,Tra-689870,Travel,Switzerland,App
18,314.01,2024-05-13,C-09095261,Gar-428816,Garden,Australia,Marketplace
17,90.51,2022-12-26,C-85555041,Bea-497897,Beauty,Austria,Email
4,33.79,2022-12-01,C-59357876,Ele-245892,Electronics,Poland,Phone
10,38.02,2025-09-30,C-46779506,Clo-750578,Clothing,Portugal,Web
2,381.77,2024-05-19,C-54942359,Off-383397,Office,Belgium,Marketplace
3,230.48,2022-08-19,C-59637217,Ele-091301,Electronics,Austria,App
2,110.15,2025-06-13,C-27458375,Ele-408148,Electronics,Mexico,Store
17,116.51,2025-10-25,C-16115109,Hea-699229,Health,United Kingdom,Store
6,464.3,2022-04-26,C-40759502,Boo-272032,Books,Canada,Store
13,14.91,2025-06-16,C-57391425,Hea-107974,Health,France,Email
14,279.57,2024-02-25,C-63261242,Toy-538100,Toys,Japan,App
18,221.69,2025-05-26,C-25746750,Hea-728541,Health,Australia,Email
3,405.72,2022-01-18,C-83525743,Aut-918039,Automotive,Japan,App
8,493.59,2023-10-01,C-85555041,Gar-894493,Garden,Sweden,Store
14,458.79,2023-10-29,C-35862539,Foo-436364,Food,France,App
7,136.84,2024-10-01,C-82162312,Toy-710102,Toys,Canada,App
12,9.98,2024-05-05,C-25746750,Tra-968593,Travel,Austria,Phone
11,433.9,2025-06-01,C-52165873,Gar-873435,Garden,Italy,Store
12,5.63,2023-02-06,C-86898981,Aut-423302,Automotive,Mexico,Marketplace
7,415.69,2023-02-10,C-29227444,Aut-233517,Automotive,France,Store
2,61.24,2025-02-05,C-33071308,Boo-198959,Books,Portugal,Social Media
13,203.76,2023-07-08,C-27206525,Fur-536739,Furniture,Canada,Store
6,233.1,2023-12-28,C-76605428,Tra-996451,Travel,Brazil,Social Media
18,52.53,2024-11-15,C-11177777,Off-456937,Office,Portugal,Marketplace
18,341.75,2024-11-29,C-28481406,Gar-511304,Garden,Switzerland,App
12,205.82,2022-12-11,C-83525743,Jew-028939,Jewelry,Belgium,Web
15,48.62,2022-07-13,C-25569498,Spo-918688,Sports,Canada,Email
1,110.98,2024-05-15,C-49938177,Fur-023566,Furniture,Netherlands,Store
18,115.45,2024-08-12,C-01878061,Aut-247204,Automotive,Belgium,Marketplace
17,201.09,2023-09-01,C-44131482,Foo-956541,Food,Japan,Web
8,213.76,2025-06-08,C-14348130,Hea-382544,Health,Spain,Email
17,13.38,2024-04-10,C-69814469,Hea-158334,Health,Germany,Web
10,400.81,2025-02-20,C-57391425,Jew-426794,Jewelry,Poland,Marketplace
7,56.45,2023-06-13,C-89665842,Off-770543,Office,Austria,Store
8,476.73,2023-08-08,C-76319842,Ele-234491,Electronics,Austria,Social Media
16,80.79,2023-06-18,C-09237099,Off-470766,Office,Poland,Social Media
6,128.27,2023-06-26,C-31562395,Off-202127,Office,Switzerland,Web
18,196.02,2023-07-09,C-58631788,Gar-062197,Garden,Switzerland,Store
15,444.08,2022-01-31,C-11498981,Spo-270854,Sports,Portugal,Marketplace
19,393.15,2023-11-05,C-22258680,Mus-871201,Music,Poland,Marketplace
15,354.34,2024-05-29,C-31562395,Aut-057097,Automotive,Austria,App
14,15.99,2023-12-26,C-74975237,Hea-857848,Health,Denmark,App
6,231.13,2025-12-28,C-23316927,Gar-534358,Garden,Portugal,Email
10,166.21,2023-12-05,C-59804289,Jew-105199,Jewelry,Italy,Phone
3,351.97,2023-09-14,C-44131482,Gar-392995,Garden,Denmark,Web
15,25.72,2024-04-19,C-33414707,Bea-675199,Beauty,Japan,Marketplace
18,75.68,2025-04-03,C-96319520,Foo-591029,Food,Poland,Email
3,38.52,2023-01-23,C-64838435,Bea-701443,Beauty,Poland,Social Media
13,48.58,2023-07-23,C-21013148,Bea-763754,Beauty,France,Email
19,216.85,2022-02-23,C-41080844,Jew-500084,Jewelry,Canada,Phone
5,82.44,2025-09-02,C-74975237,Spo-875882,Sports,United Kingdom,App
7,11.38,2025-11-08,C-76399890,Clo-799405,Clothing,Australia,Marketplace
9,418.88,2023-03-25,C-79340041,Tra-465843,Travel,Switzerland,App
9,256.95,2024-10-14,C-23912425,Jew-084322,Jewelry,Spain,Social Media
1,332.63,2024-04-21,C-73541394,Mus-054109,Music,Switzerland,Web
10,262.25,2025-10-31,C-10628881,Foo-148532,Food,Mexico,Store
17,184.3,2023-06-07,C-03964660,Mus-243531,Music,Belgium,Email
15,255.99,2022-09-10,C-75123250,Bea-838630,Beauty,Austria,Social Media
18,164.16,2025-07-22,C-03929539,Mus-268607,Music,United States,Social Media
15,19.52,2023-03-25,C-10353855,Gar-039103,Garden,France,Web
11,83.81,2024-01-16,C-21047218,Jew-729775,Jewelry,Poland,Web
4,397.73,2024-04-27,C-86898981,Mus-191978,Music,Switzerland,Social Media
7,71.86,2022-10-31,C-77990744,Boo-425482,Books,Belgium,Social Media
11,498.73,2022-03-25,C-08804410,Mus-698005,Music,Australia,Phone
7,227.63,2022-08-03,C-42970743,Bea-550585,Beauty,Switzerland,Email
1,381.84,2023-06-20,C-41080844,Boo-132236,Books,Belgium,Web
11,161.16,2022-04-01,C-41080844,Jew-067231,Jewelry,Sweden,Marketplace
14,439.54,2022-08-09,C-91611921,Foo-228607,Food,Denmark,Email
1,323.63,2024-02-02,C-71521183,Hea-996762,Health,Mexico,Social Media
3,92.81,2024-03-21,C-69425350,Boo-408352,Books,Denmark,Social Media
19,321.11,2025-12-16,C-66370870,Clo-628982,Clothing,Netherlands,Store
13,408.03,2025-03-19,C-08084208,Off-964026,Office,Norway,Web
17,49.66,2024-05-10,C-79632009,Jew-958774,Jewelry,Switzerland,Marketplace
10,453.63,2024-01-23,C-76800708,Clo-284664,Clothing,Austria,Store
10,435.33,2025-09-23,C-76264318,Tra-301393,Travel,Brazil,App
18,76.92,2022-03-06,C-65793662,Boo-001053,Books,Italy,Phone
12,125.71,2025-01-24,C-55264133,Toy-812046,Toys,Canada,Store
9,276.58,2025-12-22,C-82799399,Foo-624505,Food,Norway,App
13,117.53,2023-07-03,C-44561552,Tra-506437,Travel,Mexico,Phone
10,479.58,2024-11-21,C-88072442,Toy-777339,Toys,Switzerland,Phone
11,38.98,2024-01-06,C-64105322,Jew-363375,Jewelry,Canada,Social Media
14,5.16,2022-09-17,C-94779946,Jew-929917,Jewelry,Sweden,App
15,143.84,2023-05-08,C-54527481,Gar-707488,Garden,Poland,Social Media
18,51.47,2024-05-09,C-35605602,Boo-908448,Books,Mexico,Social Media
5,207.07,2023-01-03,C-87547612,Boo-912940,Books,Italy,App
8,293.26,2023-06-03,C-96295925,Tra-536321,Travel,Norway,Phone
12,254.91,2024-04-24,C-35863083,Mus-388357,Music,Austria,Phone
19,237.21,2024-01-01,C-97457004,Off-682461,Office,United Kingdom,Store
3,173.66,2024-04-05,C-75123250,Toy-894380,Toys,Italy,Email
7,135.96,2024-10-21,C-99882419,Spo-812614,Sports,Denmark,Store
12,425.91,2022-07-07,C-21013148,Fur-591547,Furniture,United Kingdom,Social Media
6,411.42,2022-10-28,C-51629298,Gar-893997,Garden,Portugal,Web
13,496.69,2022-07-18,C-68421440,Toy-935544,Toys,Brazil,Store
3,220.46,2024-10-28,C-59473796,Hea-172472,Health,Spain,Store
13,134.27,2025-09-08,C-35862539,Ele-772418,Electronics,Austria,Web
8,351.52,2024-11-09,C-28558128,Jew-745782,Jewelry,United States,Web
5,391.97,2022-09-02,C-23912425,Tra-216302,Travel,Italy,Email
17,135.88,2023-07-03,C-95192926,Gar-094170,Garden,Belgium,Web
3,359.62,2025-12-01,C-59473796,Bea-131376,Beauty,Austria,Phone
19,214.86,2025-06-27,C-92601313,Spo-796132,Sports,France,App
10,101.59,2025-05-09,C-84592199,Aut-560309,Automotive,Poland,Store
8,87.43,2023-12-10,C-12290630,Mus-443826,Music,Italy,Email
16,15.87,2022-04-04,C-54527481,Off-540099,Office,Belgium,Web
18,321.16,2022-08-08,C-22258680,Clo-027802,Clothing,Germany,Store
18,17.47,2025-12-02,C-51790735,Hea-431140,Health,Canada,App
19,261.18,2025-05-18,C-72026020,Mus-335152,Music,Mexico,Web
16,252.54,2023-04-25,C-11133828,Foo-355114,Food,Netherlands,Email
7,439.39,2022-01-12,C-13247287,Hea-598131,Health,France,Store
17,68.73,2025-08-27,C-84592199,Bea-872259,Beauty,Norway,Phone
7,359.45,2023-12-01,C-23912425,Gar-406253,Garden,Norway,Store
11,196.61,2024-03-07,C-82193345,Fur-656190,Furniture,Mexico,App
19,13.78,2024-04-29,C-77186257,Fur-857196,Furniture,France,App
17,458.13,2023-08-03,C-66370870,Hea-852893,Health,Australia,Phone
19,278.29,2024-08-05,C-17074239,Fur-137791,Furniture,Germany,Marketplace
13,412.26,2022-10-21,C-47614337,Spo-288746,Sports,Spain,Social Media
16,60.41,2025-09-08,C-23316927,Bea-163464,Beauty,Austria,Store
4,42.66,2023-01-16,C-99178431,Spo-781735,Sports,Norway,Email
8,224.08,2022-12-06,C-48219660,Spo-935144,Sports,Belgium,Email
4,162.41,2025-03-31,C-89601719,Hea-143176,Health,Portugal,Phone
6,303.86,2023-06-16,C-14348130,Foo-485490,Food,Germany,Email
15,340.38,2025-03-23,C-57391425,Hea-646037,Health,Switzerland,Social Media
19,444.19,2025-10-29,C-11593189,Hea-821475,Health,Brazil,App
9,105.43,2023-04-27,C-11985335,Ele-055060,Electronics,Sweden,Web
9,217.0,2023-09-29,C-77186257,Clo-467106,Clothing,Australia,Store
12,353.75,2025-08-04,C-48219660,Clo-165305,Clothing,Italy,Marketplace
3,134.93,2022-08-27,C-66447024,Boo-750033,Books,Denmark,Social Media
6,120.3,2023-10-23,C-42531372,Gar-045831,Garden,Netherlands,Store
16,227.08,2022-10-30,C-35605602,Gar-426133,Garden,Norway,Email
17,217.3,2022-12-13,C-96295925,Bea-886862,Beauty,United Kingdom,App
3,354.79,2023-06-13,C-99336445,Mus-519713,Music,Austria,App
18,399.38,2024-06-22,C-24696321,Boo-824525,Books,Austria,Phone
11,342.8,2024-12-25,C-22393430,Tra-119243,Travel,Spain,Phone
17,186.21,2024-07-02,C-50560434,Tra-901033,Travel,Sweden,App
10,345.29,2024-01-27,C-34043398,Tra-992181,Travel,Canada,Store
8,195.3,2022-09-12,C-29230901,Fur-950119,Furniture,France,Social Media
11,432.97,2022-03-27,C-27858217,Bea-812970,Beauty,Italy,Store
11,147.72,2022-09-24,C-86887776,Boo-158991,Books,Australia,Social Media
7,439.14,2025-07-10,C-75609212,Gar-487644,Garden,Denmark,Phone
11,317.34,2023-12-23,C-24193676,Bea-107707,Beauty,Japan,Store
7,76.81,2022-02-25,C-41080844,Clo-864417,Clothing,Brazil,Phone
3,19.39,2024-06-24,C-76605428,Toy-858047,Toys,Sweden,App
15,52.5,2024-02-19,C-01499930,Fur-377276,Furniture,Italy,App
8,410.86,2025-01-06,C-83990482,Mus-711728,Music,Austria,Email
3,354.6,2023-01-23,C-34043398,Bea-736021,Beauty,Netherlands,Store
2,68.25,2023-06-06,C-83990482,Gar-012307,Garden,Italy,Store
4,292.9,2022-12-04,C-47831844,Clo-647203,Clothing,Austria,Phone
5,98.2,2025-06-29,C-84862724,Hea-917382,Health,Portugal,Marketplace
14,387.55,2025-06-29,C-25746750,Gar-710242,Garden,Brazil,App
2,89.38,2025-11-21,C-65793662,Clo-254367,Clothing,Mexico,App
9,126.34,2025-08-15,C-45499076,Aut-708885,Automotive,Japan,Email
17,331.73,2022-12-25,C-42435059,Mus-979023,Music,Switzerland,Email
16,191.0,2024-05-13,C-53923828,Hea-056306,Health,France,Marketplace
15,29.29,2023-01-24,C-10382808,Boo-846470,Books,Australia,Social Media
8,32.12,2023-11-24,C-02638398,Toy-639976,Toys,Canada,Marketplace
18,406.75,2024-12-18,C-77186257,Fur-838681,Furniture,Portugal,Email
16,149.34,2025-08-04,C-48042983,Boo-618317,Books,Denmark,Social Media
13,39.66,2022-02-25,C-80272452,Bea-862009,Beauty,Poland,Social Media
5,228.65,2025-06-30,C-44394558,Boo-745282,Books,Germany,Marketplace
18,280.96,2022-05-03,C-15619280,Fur-466515,Furniture,Canada,Web
4,308.0,2024-08-17,C-95405257,Boo-490723,Books,Australia,Phone
5,84.22,2022-08-10,C-63261242,Off-883416,Office,United Kingdom,Social Media
12,219.02,2023-10-19,C-73541394,Jew-841937,Jewelry,Norway,Store
13,449.43,2025-03-09,C-88072442,Boo-137265,Books,Sweden,Marketplace
3,277.21,2025-04-13,C-53923828,Off-138779,Office,Sweden,Email
10,251.77,2024-01-17,C-84862724,Fur-068692,Furniture,Austria,Phone
15,95.35,2025-01-24,C-69814469,Bea-327869,Beauty,Belgium,Web
1,22.17,2024-09-30,C-10628881,Ele-927853,Electronics,United Kingdom,Phone
8,105.71,2024-01-19,C-24254708,Aut-165592,Automotive,Netherlands,Store
19,124.67,2023-09-03,C-47831975,Toy-897695,Toys,Japan,Marketplace
8,256.93,2023-08-10,C-27853549,Bea-413315,Beauty,Mexico,Social Media
10,255.31,2025-07-03,C-11985335,Mus-029808,Music,Switzerland,Social Media
4,69.28,2022-08-14,C-39719554,Fur-528115,Furniture,Germany,Store
15,437.18,2025-01-25,C-03298924,Mus-617030,Music,Australia,Email
14,27.81,2022-07-03,C-89619648,Bea-737458,Beauty,Italy,App
19,473.63,2025-09-20,C-76605428,Jew-568817,Jewelry,Brazil,Email
9,390.16,2025-10-02,C-09237099,Spo-978071,Sports,Japan,Email
5,85.43,2024-08-19,C-51510185,Boo-843961,Books,Norway,Marketplace
5,419.18,2022-08-09,C-32186206,Mus-538000,Music,Canada,Social Media
15,81.42,2023-12-25,C-59637217,Foo-998537,Food,Sweden,App
15,186.02,2025-10-07,C-01425733,Spo-906991,Sports,Norway,App
10,376.17,2025-06-02,C-88072442,Foo-766028,Food,Sweden,Social Media
1,340.37,2023-08-16,C-12376621,Off-836610,Office,United Kingdom,Web
16,226.06,2022-08-19,C-86887776,Gar-464430,Garden,Belgium,Phone
6,472.51,2023-04-30,C-76399890,Mus-930151,Music,United States,App
19,154.92,2023-08-23,C-29004750,Toy-500909,Toys,Austria,Social Media
3,465.66,2022-05-18,C-76399890,Foo-352218,Food,Germany,Marketplace
15,341.64,2023-03-17,C-73352991,Hea-974945,Health,France,Social Media
9,85.83,2023-02-04,C-12290630,Off-969236,Office,Brazil,Email
9,203.98,2023-04-03,C-82799399,Mus-199295,Music,Brazil,App
16,163.78,2025-01-12,C-99466366,Aut-796472,Automotive,France,App
11,167.9,2022-03-31,C-85460227,Jew-787544,Jewelry,United Kingdom,Email
4,96.37,2023-06-29,C-44489996,Hea-053328,Health,United Kingdom,Store
1,260.69,2023-07-20,C-46590586,Hea-591792,Health,Mexico,Social Media
11,41.97,2022-12-07,C-93819002,Off-747385,Office,Spain,Social Media
6,148.37,2025-02-28,C-45499076,Mus-377539,Music,Austria,Web
17,194.01,2022-10-23,C-17074239,Foo-912628,Food,Canada,App
19,344.76,2025-06-16,C-04759341,Clo-583467,Clothing,Japan,Social Media
7,376.96,2022-07-21,C-79340041,Jew-483944,Jewelry,Germany,Marketplace
1,381.09,2025-08-26,C-94751185,Toy-778873,Toys,Germany,Web
15,100.56,2024-05-23,C-76319842,Fur-855012,Furniture,Austria,Social Media
7,156.75,2023-05-04,C-59473796,Aut-472906,Automotive,Spain,Marketplace
16,48.89,2024-02-06,C-42435059,Off-431347,Office,Italy,Store
8,388.45,2023-03-25,C-31776064,Fur-075310,Furniture,United Kingdom,Web
11,234.71,2024-11-06,C-40066424,Gar-744442,Garden,Canada,Phone
15,170.15,2024-01-30,C-45499076,Toy-092023,Toys,Sweden,App
3,116.09,2022-12-10,C-90940416,Hea-266037,Health,Denmark,Email
4,167.36,2025-05-15,C-40816416,Gar-503701,Garden,France,Marketplace
18,442.87,2022-01-18,C-66370870,Jew-140325,Jewelry,France,Web
7,319.14,2024-12-10,C-58125275,Foo-840363,Food,France,Web
13,366.34,2022-06-23,C-31562395,Hea-612308,Health,Portugal,Store
17,171.33,2022-05-08,C-99178431,Fur-028724,Furniture,Canada,Email
14,8.72,2025-11-25,C-79340041,Clo-960063,Clothing,Poland,Email
11,92.63,2025-06-24,C-71521183,Toy-759093,Toys,United States,Store
3,422.34,2024-04-11,C-95575943,Tra-889886,Travel,United States,Store
12,29.2,2025-05-03,C-51073307,Jew-479043,Jewelry,Spain,App
11,338.95,2025-07-09,C-99178431,Mus-141607,Music,Mexico,Web
12,471.4,2025-06-03,C-28442622,Off-617766,Office,Brazil,Social Media
2,421.93,2022-04-10,C-76270600,Spo-770073,Sports,Canada,Social Media
10,353.86,2024-03-29,C-01425733,Foo-677027,Food,United States,Email
12,378.45,2022-11-19,C-26931360,Jew-929635,Jewelry,United States,Store
5,264.74,2022-11-10,C-76270600,Boo-665506,Books,Denmark,Web
12,339.35,2025-12-06,C-68110109,Tra-935615,Travel,United States,Social Media
12,384.5,2023-03-03,C-15627644,Clo-538403,Clothing,Denmark,Marketplace
11,123.73,2024-04-06,C-86452949,Fur-188584,Furniture,Norway,Email
8,228.3,2023-11-21,C-12198751,Hea-445317,Health,Canada,Web
10,176.31,2024-08-09,C-69358962,Foo-299612,Food,Portugal,Phone
6,490.87,2025-10-23,C-71521183,Hea-700968,Health,Germany,Social Media
8,216.49,2022-02-10,C-85947324,Hea-660362,Health,Germany,Web
2,149.89,2022-07-10,C-55264133,Fur-094493,Furniture,Sweden,Phone
19,487.21,2024-01-29,C-34043398,Foo-365548,Food,Switzerland,App
11,201.95,2025-04-17,C-17640864,Clo-970991,Clothing,Brazil,App
11,198.55,2023-08-01,C-38044479,Aut-139817,Automotive,Belgium,App
3,31.43,2022-07-08,C-11172597,Aut-475670,Automotive,Spain,App
12,325.77,2025-11-15,C-44259536,Spo-882797,Sports,Austria,Social Media
10,122.21,2025-12-28,C-55290918,Aut-114064,Automotive,Mexico,Social Media
18,438.45,2023-04-03,C-33971496,Clo-339267,Clothing,Australia,Store
1,493.84,2022-03-31,C-14863834,Ele-910199,Electronics,Spain,Web
6,392.12,2023-11-14,C-69850346,Hea-006543,Health,Netherlands,Store
19,67.73,2022-11-26,C-27407092,Off-412940,Office,Spain,Web
4,75.98,2024-12-06,C-32024053,Jew-389260,Jewelry,Austria,Store
4,183.02,2024-06-18,C-75310409,Fur-171072,Furniture,United Kingdom,Phone
5,273.4,2025-06-13,C-39312362,Tra-778713,Travel,Belgium,Email
7,473.7,2025-09-21,C-45499076,Jew-017328,Jewelry,Austria,Marketplace
4,124.46,2022-04-13,C-56155330,Toy-616975,Toys,Denmark,Store
14,474.95,2024-11-06,C-73291975,Spo-247665,Sports,Norway,Marketplace
7,11.43,2023-03-15,C-59357876,Bea-433193,Beauty,Japan,Web
3,481.85,2022-06-23,C-33237296,Spo-826495,Sports,Poland,App
16,473.82,2024-03-24,C-12247689,Tra-688213,Travel,France,Email
12,173.0,2024-10-03,C-69654804,Off-185712,Office,Italy,Email
2,284.22,2023-05-09,C-04131834,Aut-961546,Automotive,Netherlands,Email
1,23.74,2024-11-11,C-71521183,Bea-166759,Beauty,Netherlands,Phone
10,42.4,2025-06-09,C-28663874,Tra-694295,Travel,Portugal,Marketplace
6,183.11,2025-03-15,C-65347335,Fur-429102,Furniture,Spain,App
14,240.18,2025-06-20,C-44131482,Foo-989112,Food,France,Marketplace
12,181.72,2023-06-23,C-31490891,Toy-687402,Toys,Switzerland,Phone
16,445.59,2025-03-02,C-32024053,Off-575723,Office,Australia,Phone
12,89.56,2025-07-27,C-89667087,Off-300604,Office,Switzerland,Phone
8,59.58,2023-10-23,C-76810864,Off-775736,Office,Spain,Phone
18,167.03,2022-07-21,C-14582549,Ele-919743,Electronics,Denmark,Email
14,114.17,2022-11-22,C-85730245,Off-621920,Office,Mexico,App
11,394.62,2023-01-12,C-95950020,Gar-930494,Garden,Norway,Web
4,85.45,2025-09-05,C-25388461,Gar-514718,Garden,Spain,App
2,483.41,2025-03-10,C-03613300,Clo-485551,Clothing,Japan,Store
2,307.51,2023-10-22,C-36596055,Tra-007232,Travel,Denmark,Marketplace
5,168.68,2025-06-26,C-96295925,Gar-773535,Garden,Brazil,Web
10,161.38,2023-10-25,C-69723028,Aut-128418,Automotive,Denmark,Social Media
12,85.03,2023-09-26,C-33389851,Off-652780,Office,Denmark,Phone
12,223.59,2023-06-07,C-95897450,Toy-728645,Toys,France,Web
5,439.83,2025-03-26,C-43344687,Jew-553255,Jewelry,Austria,Email
19,170.49,2022-01-16,C-07305300,Boo-415757,Books,Brazil,Marketplace
8,89.23,2025-01-08,C-20120738,Jew-621950,Jewelry,Belgium,Email
11,367.08,2022-12-20,C-69752771,Jew-243066,Jewelry,United States,Store
3,253.09,2025-11-28,C-85947324,Aut-251337,Automotive,Poland,Social Media
1,26.6,2023-02-13,C-72687598,Aut-212538,Automotive,Australia,Web
6,416.27,2022-01-11,C-73659733,Ele-292599,Electronics,Poland,Social Media
8,296.33,2025-01-16,C-29680788,Aut-712777,Automotive,Switzerland,Marketplace
13,143.6,2022-08-21,C-24825971,Toy-983156,Toys,Portugal,Store
5,197.95,2024-12-29,C-42531372,Toy-618625,Toys,Mexico,App
16,417.12,2023-08-24,C-19818284,Gar-029091,Garden,Australia,Phone
7,216.46,2025-08-27,C-93572459,Ele-304350,Electronics,Brazil,Marketplace
9,146.69,2024-02-22,C-36104271,Tra-390654,Travel,Sweden,Email
6,206.44,2025-10-16,C-98797738,Aut-090709,Automotive,Denmark,Marketplace
1,82.0,2022-12-14,C-96319520,Fur-464736,Furniture,Italy,Email
13,234.4,2024-03-14,C-28616400,Gar-331770,Garden,Germany,App
4,219.54,2025-12-12,C-59357876,Clo-459780,Clothing,Japan,Social Media
18,271.51,2024-09-13,C-32317799,Toy-897647,Toys,Spain,App
17,129.02,2023-08-27,C-67555445,Aut-056041,Automotive,Germany,Email
13,23.4,2024-07-06,C-53923828,Aut-567348,Automotive,Belgium,App
17,158.01,2023-05-27,C-79851234,Aut-213494,Automotive,Germany,App
13,65.42,2022-03-31,C-96638930,Gar-203202,Garden,Poland,Phone
4,272.98,2023-01-25,C-09095261,Hea-355915,Health,Austria,Store
14,175.76,2022-09-19,C-76319842,Bea-178638,Beauty,Portugal,Social Media
14,60.55,2025-12-12,C-68110109,Mus-306621,Music,Germany,Social Media
5,313.51,2025-04-29,C-33648030,Mus-442627,Music,Australia,Marketplace
15,207.18,2023-04-12,C-89619648,Mus-895984,Music,Germany,App
15,162.7,2022-03-09,C-44561552,Foo-625228,Food,Australia,Social Media
5,43.1,2022-02-19,C-44777025,Tra-808693,Travel,United States,Marketplace
16,43.72,2024-12-18,C-82799399,Aut-526332,Automotive,Denmark,Web
7,154.05,2025-05-28,C-48888222,Foo-475623,Food,Austria,App
13,393.63,2023-05-29,C-52165873,Toy-152786,Toys,Australia,Phone
1,291.91,2025-04-06,C-12564518,Ele-205726,Electronics,Sweden,Email
12,250.22,2025-01-15,C-13247287,Toy-867041,Toys,Australia,Phone
4,20.2,2022-06-19,C-58263729,Mus-402995,Music,Germany,Phone
7,199.11,2022-06-28,C-28442622,Toy-736148,Toys,Japan,Social Media
18,80.19,2025-02-08,C-22258680,Gar-691466,Garden,Norway,Web
19,48.2,2023-08-24,C-83990482,Foo-229024,Food,United States,Social Media
16,388.69,2025-01-09,C-87914090,Fur-751753,Furniture,Germany,Phone
6,440.11,2024-08-01,C-38044479,Jew-653462,Jewelry,Belgium,Web
2,381.66,2025-12-23,C-40066424,Mus-673664,Music,Spain,App
15,295.91,2025-02-15,C-90940416,Off-902379,Office,United Kingdom,Phone
6,467.46,2024-08-24,C-75123250,Ele-035093,Electronics,United States,Web
2,218.15,2022-05-10,C-51214215,Toy-350103,Toys,Brazil,Store
17,321.53,2025-10-06,C-73478428,Ele-991103,Electronics,Germany,Phone
15,400.85,2023-04-01,C-84862724,Clo-348098,Clothing,Spain,Web
17,190.59,2023-10-06,C-17074239,Tra-819330,Travel,Norway,Store
6,203.28,2025-05-03,C-59357876,Tra-708614,Travel,Italy,Email
2,305.96,2022-02-25,C-11172808,Boo-933854,Books,Austria,Marketplace
5,211.48,2023-10-11,C-81261231,Spo-158605,Sports,France,Social Media
9,468.4,2023-07-24,C-66005265,Toy-975018,Toys,Austria,App
6,428.06,2025-02-10,C-77391210,Tra-017995,Travel,United Kingdom,Marketplace
12,347.11,2023-01-29,C-22393430,Hea-490462,Health,France,Email
18,207.65,2023-06-07,C-68110109,Tra-157557,Travel,Austria,Marketplace
5,193.57,2024-04-21,C-12198751,Boo-048163,Books,United States,Social Media
4,337.57,2022-03-05,C-10975431,Jew-744738,Jewelry,United States,Social Media
3,434.8,2022-08-03,C-04857421,Gar-210504,Garden,United Kingdom,Marketplace
13,64.0,2023-09-27,C-21013148,Jew-236264,Jewelry,Norway,Email
13,340.6,2025-10-17,C-86887776,Ele-723435,Electronics,Belgium,Email
10,292.23,2025-09-12,C-57442109,Fur-944615,Furniture,Brazil,App
19,370.67,2022-04-18,C-03298924,Clo-888499,Clothing,Portugal,Web
18,313.18,2024-08-20,C-95364434,Bea-226176,Beauty,Poland,Social Media
3,255.02,2022-11-04,C-57589671,Ele-597114,Electronics,Belgium,Marketplace
1,351.34,2023-01-02,C-10353855,Ele-903284,Electronics,Canada,Email
7,86.45,2024-01-14,C-58815004,Hea-578690,Health,Switzerland,Web
17,75.86,2023-10-09,C-41080844,Bea-660361,Beauty,Poland,Store
15,67.25,2025-04-02,C-67555445,Jew-859285,Jewelry,Mexico,Email
14,178.44,2022-12-10,C-85002220,Off-091669,Office,United States,App
18,150.6,2023-07-13,C-03989784,Boo-141975,Books,Austria,App
17,456.49,2023-08-21,C-45237494,Tra-738763,Travel,Portugal,App
5,343.72,2025-01-21,C-22579567,Boo-172122,Books,Belgium,Web
4,268.66,2025-07-05,C-66540515,Ele-672158,Electronics,Norway,Email
14,400.39,2023-05-28,C-69425350,Spo-511958,Sports,France,Phone
3,445.23,2025-02-13,C-54942359,Bea-710164,Beauty,Japan,Social Media
8,68.04,2022-04-14,C-58815004,Ele-982496,Electronics,Norway,Web
9,375.74,2023-05-23,C-80839328,Hea-619239,Health,Spain,Phone
3,332.34,2023-08-14,C-44394558,Clo-116920,Clothing,Germany,Web
5,330.65,2024-04-11,C-52687437,Foo-275142,Food,United Kingdom,Marketplace
4,103.18,2023-03-26,C-38567964,Spo-985319,Sports,Denmark,Email
14,483.18,2024-04-20,C-45189196,Foo-119137,Food,Sweden,Phone
6,295.7,2023-07-27,C-21964351,Jew-598188,Jewelry,Sweden,App
7,343.27,2024-01-05,C-03964660,Ele-532417,Electronics,Poland,Social Media
1,114.22,2024-10-12,C-67555445,Off-312387,Office,Netherlands,Phone
17,227.73,2024-07-14,C-28663874,Aut-241411,Automotive,Brazil,Web
9,450.93,2023-04-29,C-07674407,Clo-928334,Clothing,Australia,Email
2,83.82,2022-08-05,C-76319842,Aut-963120,Automotive,United States,Phone
7,326.98,2025-01-27,C-24254708,Spo-097011,Sports,Japan,App
15,233.93,2023-05-09,C-36207775,Ele-198540,Electronics,Belgium,Store
10,424.54,2023-09-28,C-60323692,Off-717262,Office,Italy,Phone
4,23.77,2025-05-20,C-92010806,Bea-926828,Beauty,Sweden,Marketplace
11,245.32,2024-12-04,C-07718924,Boo-391441,Books,Norway,Email
7,37.64,2025-04-26,C-37619890,Off-163594,Office,Denmark,Marketplace
17,59.64,2024-12-01,C-17115537,Hea-895305,Health,Norway,Social Media
11,160.86,2023-06-20,C-88131584,Bea-987958,Beauty,Belgium,Store
13,287.81,2023-09-02,C-37619890,Fur-464027,Furniture,Sweden,Web
6,103.26,2023-02-27,C-55521351,Hea-979980,Health,Canada,App
12,122.92,2022-12-03,C-49373053,Aut-975652,Automotive,Sweden,Phone
7,466.81,2025-06-11,C-40066424,Off-379551,Office,Japan,Marketplace
17,187.16,2025-07-20,C-61850780,Fur-088484,Furniture,Mexico,Email
2,288.67,2023-04-15,C-85201177,Boo-286841,Books,Netherlands,App
13,115.07,2025-01-12,C-66447024,Off-957844,Office,Mexico,App
8,461.73,2023-07-19,C-31776064,Off-505585,Office,Italy,Phone
8,332.64,2023-10-06,C-32024053,Spo-253547,Sports,Spain,Marketplace
1,299.31,2025-12-01,C-40816416,Tra-976767,Travel,United Kingdom,App
16,142.15,2022-11-19,C-21815651,Clo-904316,Clothing,Italy,Phone
7,386.52,2022-10-07,C-85645658,Boo-752522,Books,Sweden,Marketplace
7,19.5,2023-01-17,C-52196791,Fur-881897,Furniture,Netherlands,Email
6,17.4,2024-01-26,C-51510185,Toy-468070,Toys,Australia,Store
3,52.12,2024-03-22,C-73741620,Off-773968,Office,United Kingdom,Store
11,86.49,2023-11-13,C-48219660,Jew-447693,Jewelry,Brazil,Email
14,446.53,2024-07-11,C-44214705,Aut-592715,Automotive,Italy,Web
1,18.98,2022-11-25,C-77772036,Hea-148311,Health,Austria,Email
11,496.93,2024-10-17,C-64801937,Toy-120239,Toys,Portugal,Email
19,355.95,2025-02-07,C-68849874,Tra-931645,Travel,Australia,App
13,81.37,2025-05-20,C-15619280,Clo-037157,Clothing,Brazil,Email
11,413.67,2024-02-05,C-67404415,Hea-313384,Health,United States,App
4,459.82,2025-04-14,C-95538520,Hea-337897,Health,France,Web
4,208.07,2023-03-17,C-80730111,Bea-534909,Beauty,Belgium,Marketplace
1,324.64,2024-02-04,C-07674407,Spo-184020,Sports,United Kingdom,Phone
3,127.99,2022-10-02,C-53082079,Toy-556763,Toys,Portugal,Web
15,285.29,2022-06-01,C-55597799,Ele-954756,Electronics,United States,App
16,169.03,2022-05-17,C-74975237,Off-926555,Office,Netherlands,Phone
6,158.35,2023-12-05,C-84862724,Fur-991020,Furniture,Brazil,Store
19,383.97,2022-06-18,C-09095261,Spo-492709,Sports,Poland,Store
14,325.93,2022-08-23,C-17115537,Tra-590286,Travel,Poland,Store
11,152.39,2024-09-29,C-83069633,Hea-805533,Health,Spain,Email
16,193.65,2024-09-24,C-74765923,Ele-380123,Electronics,Australia,Social Media
15,43.71,2025-12-02,C-67404415,Jew-959460,Jewelry,Italy,App
19,402.1,2024-09-17,C-41585681,Foo-945793,Food,Switzerland,Store
12,269.34,2024-10-31,C-30786627,Hea-121275,Health,Poland,App
11,494.96,2023-09-16,C-07305300,Tra-002664,Travel,Denmark,Web
13,6.96,2022-01-18,C-64933370,Gar-379873,Garden,Canada,Social Media
6,427.93,2025-12-16,C-03929539,Ele-754891,Electronics,Italy,App
18,314.04,2022-03-26,C-38567964,Tra-852572,Travel,Norway,Email
17,322.49,2025-01-26,C-59473796,Jew-906373,Jewelry,United Kingdom,Web
4,173.92,2022-02-23,C-03797010,Fur-816945,Furniture,United States,Social Media
12,403.16,2025-06-13,C-13247287,Off-283702,Office,Switzerland,App
10,302.62,2025-02-27,C-71666979,Boo-095859,Books,Netherlands,Web
5,406.23,2025-09-01,C-71666979,Clo-715860,Clothing,Brazil,Email
3,105.08,2025-07-22,C-85730245,Foo-044178,Food,Sweden,Marketplace
16,130.76,2022-12-18,C-66592869,Bea-173851,Beauty,Switzerland,Email
10,123.68,2024-01-21,C-44131482,Boo-275515,Books,Austria,Store
12,372.7,2023-03-19,C-54942359,Ele-804773,Electronics,Mexico,Marketplace
8,429.63,2025-07-02,C-99178431,Mus-228090,Music,Australia,Marketplace
13,222.18,2025-05-22,C-29832082,Ele-830268,Electronics,Netherlands,App
16,169.5,2022-09-04,C-46779506,Clo-893248,Clothing,Netherlands,Web
3,213.35,2025-04-11,C-94752604,Bea-136389,Beauty,Canada,App
16,409.46,2023-02-04,C-61453651,Aut-493671,Automotive,Germany,Email
8,292.29,2024-10-19,C-54942359,Boo-398427,Books,Portugal,Email
2,21.54,2023-03-02,C-61453651,Aut-648355,Automotive,Portugal,Phone
13,9.04,2025-03-24,C-07375902,Tra-087169,Travel,Australia,Web
9,388.15,2025-06-14,C-28523979,Bea-032934,Beauty,Canada,Email
16,400.93,2022-06-16,C-63879404,Off-226629,Office,France,Phone
17,63.92,2025-12-01,C-99178431,Boo-179017,Books,Germany,Email
10,415.3,2023-07-18,C-27206525,Boo-734478,Books,Norway,Email
12,308.12,2024-07-24,C-25814587,Toy-800438,Toys,Mexico,Phone
12,499.72,2024-11-30,C-39719554,Spo-041160,Sports,Portugal,Phone
15,402.02,2025-12-22,C-61223304,Foo-921803,Food,Poland,Phone
19,21.56,2023-10-12,C-67555445,Gar-175990,Garden,Switzerland,Social Media
17,77.91,2024-08-08,C-35862539,Boo-835120,Books,Canada,Social Media
10,485.83,2025-10-30,C-75232822,Fur-083881,Furniture,Portugal,Store
13,326.06,2023-10-14,C-74514164,Foo-475635,Food,Portugal,App
8,66.38,2025-10-02,C-13247287,Fur-747861,Furniture,Netherlands,Store
14,372.31,2025-10-11,C-91848903,Foo-356029,Food,Norway,Email
14,121.29,2024-09-29,C-27185779,Aut-198736,Automotive,Canada,Social Media
14,81.46,2022-07-22,C-24874629,Toy-975716,Toys,Belgium,Email
18,5.31,2024-03-11,C-12290630,Off-442700,Office,Japan,App
18,41.4,2022-02-20,C-51510185,Bea-065870,Beauty,Belgium,Store
4,425.41,2023-12-15,C-49373053,Jew-771246,Jewelry,United States,Phone
9,483.43,2024-05-06,C-20625702,Tra-162307,Travel,Denmark,Web
19,23.19,2025-04-13,C-11498981,Boo-368164,Books,Denmark,Store
13,219.86,2022-08-14,C-89101666,Off-847393,Office,France,App
17,462.38,2025-12-23,C-10353855,Mus-635989,Music,Austria,Social Media
10,333.25,2024-02-04,C-65235738,Off-637496,Office,Portugal,Email
17,409.15,2022-12-01,C-50560434,Boo-870089,Books,Japan,App
18,489.86,2025-05-03,C-07718924,Bea-265793,Beauty,Canada,Phone
17,85.48,2024-08-02,C-95950020,Spo-262209,Sports,France,Marketplace
10,277.74,2024-01-04,C-41585681,Gar-589247,Garden,Norway,Web
10,87.29,2024-10-05,C-55264133,Bea-977308,Beauty,Norway,App
15,335.76,2023-03-02,C-82799399,Tra-731896,Travel,Japan,Web
19,478.42,2022-07-31,C-33414707,Tra-940407,Travel,Denmark,Social Media
11,34.76,2023-09-27,C-08303045,Aut-729830,Automotive,Spain,Social Media
10,456.88,2022-04-16,C-32024053,Gar-096792,Garden,Netherlands,Store
10,11.52,2023-09-18,C-55631850,Clo-693508,Clothing,Belgium,Marketplace
18,170.56,2024-11-27,C-59804289,Foo-785852,Food,Canada,Phone
5,88.58,2022-08-19,C-01425733,Mus-709307,Music,Netherlands,Phone
5,144.19,2022-01-20,C-64967803,Mus-270478,Music,United States,Social Media
19,333.35,2023-05-11,C-14989806,Hea-096969,Health,Portugal,Phone
11,144.57,2022-01-27,C-61850780,Boo-206974,Books,Mexico,App
17,484.9,2023-09-13,C-29004750,Foo-354780,Food,Belgium,Marketplace
9,393.87,2024-09-30,C-32681044,Foo-058441,Food,Canada,Marketplace
10,466.48,2023-04-27,C-69425350,Aut-056861,Automotive,Belgium,Phone
9,153.48,2025-10-20,C-95370570,Ele-555424,Electronics,Sweden,Marketplace
15,359.0,2023-10-29,C-42970743,Bea-552565,Beauty,Norway,Marketplace
8,207.52,2024-06-26,C-83069633,Aut-888084,Automotive,Portugal,Marketplace
1,398.11,2022-06-23,C-99951237,Fur-759159,Furniture,France,Store
2,281.15,2022-10-28,C-92141302,Fur-168249,Furniture,Norway,Phone
8,415.1,2025-06-19,C-82924856,Mus-345694,Music,Japan,Web
15,494.21,2025-02-18,C-47467171,Clo-743059,Clothing,Poland,Web
15,180.56,2022-09-09,C-45237494,Tra-756679,Travel,France,Web
9,143.85,2022-10-29,C-28616400,Foo-866984,Food,Spain,Marketplace
15,215.24,2022-05-01,C-07680834,Toy-997666,Toys,Portugal,App
6,401.42,2023-03-28,C-35605602,Aut-456761,Automotive,Belgium,Marketplace
4,29.7,2023-01-12,C-47614337,Boo-005235,Books,Japan,Email
8,281.49,2025-05-12,C-35169198,Toy-821872,Toys,Netherlands,Email
13,331.01,2022-03-08,C-80730111,Jew-247346,Jewelry,United Kingdom,Web
5,172.28,2025-05-03,C-37619890,Mus-887575,Music,Portugal,Marketplace
11,149.28,2024-10-05,C-13247287,Boo-973874,Books,United States,Phone
9,286.51,2025-12-08,C-84592199,Clo-665477,Clothing,Austria,Email
11,80.52,2023-12-02,C-65347335,Foo-065078,Food,Austria,Store
11,476.04,2024-04-30,C-59610177,Ele-659822,Electronics,United Kingdom,Social Media
11,262.29,2024-01-19,C-69425350,Bea-599209,Beauty,France,Email
2,112.41,2024-09-21,C-71703240,Jew-545433,Jewelry,Japan,Web
7,277.99,2024-05-28,C-65793662,Fur-708074,Furniture,Belgium,Social Media
17,205.53,2024-04-11,C-73659733,Jew-633594,Jewelry,Spain,Store
12,136.1,2023-10-04,C-33414707,Jew-803067,Jewelry,Canada,Web
10,262.01,2024-08-22,C-61453651,Gar-903221,Garden,Poland,Marketplace
6,414.84,2024-05-03,C-96984679,Off-877225,Office,Mexico,Web
2,49.51,2024-06-15,C-17640864,Ele-615126,Electronics,Belgium,Phone
6,497.53,2025-11-10,C-95575943,Fur-777334,Furniture,Mexico,Social Media
6,115.98,2022-11-26,C-58631788,Off-232140,Office,Canada,Phone
4,289.1,2022-05-13,C-75310409,Clo-229958,Clothing,Sweden,Social Media
10,38.15,2022-12-28,C-19818284,Hea-213578,Health,Norway,Phone
18,232.22,2025-10-27,C-56155330,Hea-551352,Health,Denmark,Social Media
9,476.83,2025-03-16,C-85460227,Fur-770579,Furniture,France,App
2,94.89,2023-03-02,C-67404415,Gar-715057,Garden,Belgium,Social Media
3,88.42,2023-05-09,C-38567964,Jew-657566,Jewelry,Portugal,Social Media
9,77.62,2022-11-11,C-96295925,Aut-259352,Automotive,France,Phone
6,492.15,2023-12-02,C-14582549,Mus-136445,Music,Denmark,App
9,286.32,2025-03-15,C-39200287,Mus-508355,Music,Brazil,Web
12,92.26,2024-12-14,C-99336445,Mus-095410,Music,Switzerland,Social Media
13,311.87,2025-01-19,C-82193345,Off-525586,Office,Germany,Marketplace
14,107.81,2024-12-09,C-03016393,Clo-168854,Clothing,Germany,Email
4,421.79,2023-04-29,C-03298924,Clo-610233,Clothing,Portugal,Web
7,96.31,2023-02-20,C-03077799,Spo-306093,Sports,Spain,Web
3,89.1,2023-02-11,C-33648030,Bea-636429,Beauty,Poland,Marketplace
8,75.21,2025-07-26,C-82983097,Clo-321210,Clothing,Belgium,Marketplace
10,451.25,2023-03-09,C-85270860,Jew-584167,Jewelry,United Kingdom,Email
10,191.3,2025-01-10,C-39200287,Hea-663663,Health,Belgium,Marketplace
10,163.16,2024-01-29,C-48574985,Off-668281,Office,Sweden,Store
6,255.9,2022-04-16,C-61223304,Tra-346354,Travel,United Kingdom,Email
10,139.53,2025-05-29,C-01878061,Fur-239348,Furniture,Japan,Marketplace
8,372.88,2023-11-14,C-95950020,Ele-878308,Electronics,Norway,Web
16,237.88,2024-09-04,C-04675267,Off-710052,Office,Denmark,Email
15,42.06,2024-03-04,C-74765923,Boo-693758,Books,United States,Email
11,319.93,2025-09-17,C-95192926,Aut-198418,Automotive,Portugal,Web
9,491.94,2024-11-03,C-66049568,Aut-953401,Automotive,Norway,Email
8,482.09,2022-12-17,C-34043398,Spo-841603,Sports,Italy,Store
12,462.11,2025-09-01,C-23562036,Hea-960121,Health,Poland,Phone
4,417.1,2022-03-16,C-56171343,Hea-099470,Health,Sweden,Email
1,277.75,2024-03-07,C-35862539,Hea-590133,Health,Brazil,Store
13,92.73,2024-02-28,C-98797738,Tra-957212,Travel,Spain,Social Media
9,69.03,2025-05-23,C-65189987,Aut-331713,Automotive,Netherlands,Social Media
7,74.59,2022-07-01,C-27458375,Mus-695166,Music,Belgium,App
16,11.4,2025-02-07,C-99336445,Foo-447650,Food,Spain,Web
18,499.53,2023-06-05,C-81261231,Spo-271309,Sports,Austria,Social Media
15,164.46,2023-07-24,C-15627644,Gar-617041,Garden,Austria,Web
11,326.56,2024-11-09,C-48248138,Foo-760870,Food,Belgium,App
18,288.57,2023-06-26,C-65189987,Ele-016456,Electronics,Switzerland,Phone
19,396.68,2024-08-20,C-33389851,Tra-443306,Travel,Belgium,Web
18,366.0,2025-04-15,C-11133828,Fur-327029,Furniture,Switzerland,App
15,117.62,2023-01-08,C-95950020,Off-006745,Office,Switzerland,Phone
6,405.91,2022-02-05,C-07718924,Ele-507308,Electronics,United Kingdom,App
5,223.53,2022-12-12,C-71679333,Clo-638675,Clothing,Canada,Web
1,168.22,2025-07-28,C-08845506,Aut-216113,Automotive,Italy,App
10,247.57,2024-05-14,C-17474126,Aut-756644,Automotive,Switzerland,Web
19,322.52,2022-08-02,C-54942359,Aut-120880,Automotive,Denmark,Marketplace
1,159.76,2022-12-28,C-75021103,Fur-267124,Furniture,Portugal,Store
5,108.16,2025-08-03,C-69723028,Tra-696720,Travel,Sweden,App
1,203.75,2022-06-03,C-00221948,Ele-691052,Electronics,Japan,Email
16,447.28,2025-05-29,C-46238432,Aut-433904,Automotive,Italy,Social Media
15,139.88,2025-01-21,C-14167380,Boo-128779,Books,Portugal,Store
4,241.01,2024-01-29,C-75310409,Clo-441081,Clothing,Sweden,Web
12,268.57,2024-10-04,C-18110411,Clo-412366,Clothing,Italy,App
5,414.93,2023-04-29,C-30456182,Ele-078140,Electronics,Brazil,Web
14,96.12,2025-08-17,C-44214705,Boo-076973,Books,Brazil,Social Media
5,244.01,2025-09-13,C-75609212,Mus-519423,Music,Germany,Web
17,144.74,2022-10-09,C-72957339,Jew-783240,Jewelry,Norway,Store
9,23.57,2022-06-08,C-69358962,Gar-560044,Garden,Switzerland,App
16,486.5,2022-04-17,C-28252670,Fur-956023,Furniture,Italy,App
2,208.51,2024-11-24,C-69358962,Bea-601620,Beauty,Switzerland,Store
8,90.53,2023-05-19,C-85270860,Gar-677238,Garden,Sweden,Web
18,23.57,2023-03-31,C-18110411,Boo-198218,Books,Austria,Web
12,112.87,2025-06-05,C-86752706,Toy-898030,Toys,Japan,Email
8,390.38,2025-03-06,C-37792256,Spo-420885,Sports,Netherlands,Email
4,176.29,2023-09-24,C-80410341,Gar-219760,Garden,Germany,Marketplace
7,209.1,2024-07-07,C-94751185,Fur-447426,Furniture,Austria,Email
3,197.69,2024-08-07,C-81260270,Mus-501911,Music,Germany,Web
17,97.32,2025-08-12,C-55521351,Boo-711787,Books,Japan,Phone
19,53.49,2022-04-26,C-76932090,Toy-110642,Toys,Sweden,App
14,219.95,2023-12-11,C-23111318,Clo-349540,Clothing,United States,Phone
1,129.62,2025-09-03,C-44561552,Aut-791809,Automotive,Mexico,Web
6,152.13,2025-04-12,C-61648314,Fur-901288,Furniture,France,Email
10,283.46,2024-12-01,C-47607714,Clo-834123,Clothing,Germany,Marketplace
11,381.75,2025-06-19,C-51629298,Foo-129609,Food,France,Email
8,286.53,2023-07-20,C-65680713,Mus-187218,Music,Germany,Social Media
14,191.58,2024-08-06,C-84862724,Off-277442,Office,Netherlands,App
7,356.01,2025-12-22,C-27858217,Aut-987536,Automotive,Portugal,Email
11,433.67,2025-02-08,C-25096724,Clo-240909,Clothing,Germany,Store
5,190.48,2023-10-22,C-60323692,Foo-461792,Food,France,Marketplace
6,412.79,2025-12-04,C-11593189,Fur-687166,Furniture,United Kingdom,Marketplace
18,99.56,2023-11-10,C-67404415,Mus-625338,Music,United States,Marketplace
11,443.42,2023-05-30,C-75609212,Fur-878346,Furniture,Italy,Web
14,198.76,2022-08-02,C-72893017,Foo-408022,Food,United Kingdom,Store
2,59.11,2024-08-26,C-38242955,Boo-552682,Books,United States,Email
19,415.35,2023-09-23,C-85460227,Bea-211162,Beauty,Norway,Web
8,251.07,2022-04-12,C-76319842,Spo-746945,Sports,Mexico,Marketplace
18,498.45,2023-11-17,C-85645658,Ele-490290,Electronics,Germany,Phone
19,488.84,2023-04-21,C-35862539,Mus-139724,Music,Australia,Phone
7,89.72,2025-12-21,C-10382808,Boo-453737,Books,Mexico,Marketplace
14,476.64,2025-01-18,C-48365033,Ele-098103,Electronics,Canada,App
6,300.61,2022-05-10,C-04202589,Clo-250575,Clothing,United States,Store
6,140.96,2022-10-13,C-42435059,Tra-462381,Travel,Norway,Marketplace
14,421.95,2024-09-06,C-27407092,Toy-269266,Toys,Spain,App
6,283.48,2022-02-05,C-77990744,Ele-190185,Electronics,Mexico,Social Media
13,86.13,2022-02-21,C-55290918,Ele-293953,Electronics,Denmark,Email
15,400.85,2023-06-02,C-92295932,Off-405905,Office,Germany,Email
18,47.45,2022-07-27,C-89572422,Tra-945360,Travel,United Kingdom,Phone
1,68.02,2024-03-03,C-65235738,Jew-644461,Jewelry,Mexico,Store
6,50.26,2025-03-07,C-32186206,Gar-643944,Garden,Austria,Store
7,71.17,2023-12-05,C-68110109,Tra-505224,Travel,Netherlands,Social Media
5,383.75,2024-04-16,C-74975237,Hea-231791,Health,Austria,Social Media
7,326.62,2025-01-20,C-71679333,Toy-336890,Toys,Netherlands,Marketplace
6,130.41,2024-10-31,C-24254708,Off-622793,Office,Austria,Email
4,151.92,2024-10-03,C-34194127,Ele-954444,Electronics,France,Marketplace
8,463.75,2022-05-04,C-34043398,Off-989220,Office,United States,Email
17,265.66,2022-05-21,C-04675267,Tra-605581,Travel,Netherlands,Phone
3,176.02,2024-06-12,C-01878061,Hea-843265,Health,Mexico,Web
6,283.82,2024-03-24,C-78758323,Jew-011809,Jewelry,Poland,Email
8,69.59,2024-10-29,C-28252670,Clo-800811,Clothing,Belgium,Phone
1,172.77,2024-07-18,C-79632009,Tra-026582,Travel,Austria,Email
14,369.1,2025-07-20,C-00221948,Spo-340156,Sports,United Kingdom,Email
1,283.53,2024-08-19,C-38044479,Clo-119148,Clothing,United States,Web
12,326.14,2023-03-21,C-76270600,Ele-381909,Electronics,Italy,Social Media
15,449.53,2024-06-06,C-16444729,Ele-863438,Electronics,Belgium,Store
18,258.61,2025-12-23,C-55521351,Jew-544155,Jewelry,Switzerland,Store
9,173.47,2023-02-24,C-69752771,Clo-652369,Clothing,United Kingdom,Web
18,394.63,2022-04-11,C-85270860,Fur-562052,Furniture,France,Phone
19,436.14,2024-03-15,C-19336679,Clo-837758,Clothing,Switzerland,Phone
5,112.18,2025-12-04,C-33971496,Boo-425516,Books,United Kingdom,Web
19,423.85,2025-12-12,C-10382808,Fur-645153,Furniture,Austria,App
19,53.26,2023-10-08,C-59804289,Fur-415459,Furniture,Canada,Email
13,305.48,2024-09-08,C-19495025,Boo-679241,Books,Canada,Web
17,35.54,2025-12-24,C-85645658,Toy-412290,Toys,Portugal,Email
6,489.81,2025-07-26,C-23316927,Spo-554976,Sports,Germany,App
5,82.12,2022-10-14,C-29832082,Aut-579136,Automotive,Italy,Web
9,300.19,2024-05-04,C-61295722,Foo-886604,Food,Norway,Social Media
13,20.56,2022-05-31,C-49938177,Ele-694373,Electronics,Switzerland,Marketplace
9,28.46,2025-05-09,C-35700115,Ele-947669,Electronics,United Kingdom,Email
8,299.13,2022-01-08,C-63879404,Clo-782788,Clothing,Australia,Marketplace
9,320.65,2025-08-29,C-12025094,Aut-731569,Automotive,Australia,Email
13,409.76,2025-06-04,C-52196791,Tra-767092,Travel,Denmark,App
3,240.42,2024-05-06,C-46803455,Clo-320359,Clothing,Netherlands,Marketplace
1,290.95,2023-05-10,C-84862724,Boo-826980,Books,United States,Marketplace
18,372.12,2025-11-11,C-83984056,Boo-292045,Books,Italy,App
12,121.67,2022-12-14,C-99466366,Bea-400238,Beauty,United Kingdom,Marketplace
12,191.0,2023-11-01,C-35169198,Off-839946,Office,Spain,Phone
19,33.38,2023-01-13,C-07706214,Jew-631833,Jewelry,Portugal,Social Media
3,286.4,2023-11-10,C-27728798,Tra-071604,Travel,Sweden,Marketplace
11,250.01,2022-10-17,C-17640864,Tra-976534,Travel,Switzerland,App
9,204.8,2025-12-25,C-79340041,Hea-710258,Health,Mexico,App
15,301.07,2025-01-31,C-96295925,Mus-140999,Music,France,Email
15,480.98,2024-08-25,C-00221948,Bea-764901,Beauty,Canada,App
16,406.46,2024-04-24,C-25569498,Fur-279129,Furniture,United Kingdom,Phone
10,100.87,2025-06-09,C-61223304,Spo-521524,Sports,Austria,Social Media
17,372.16,2022-07-13,C-94751185,Gar-928419,Garden,Mexico,Social Media
5,476.26,2023-12-31,C-59804289,Mus-994042,Music,Belgium,Social Media
1,24.81,2024-04-02,C-73352991,Hea-545901,Health,Switzerland,Social Media
12,136.51,2025-12-29,C-82799399,Hea-880394,Health,France,Store
2,172.12,2025-08-17,C-47831975,Aut-378236,Automotive,Australia,Store
6,214.7,2023-08-16,C-44394558,Ele-464491,Electronics,Brazil,Social Media
8,439.22,2022-02-12,C-35700115,Hea-166634,Health,Belgium,Phone
14,134.96,2024-01-26,C-02638398,Fur-482340,Furniture,United States,Web
10,305.49,2022-06-25,C-28655580,Off-891639,Office,Australia,Web
13,342.55,2022-08-23,C-54087604,Boo-157768,Books,Sweden,Marketplace
2,172.73,2024-01-09,C-55290918,Ele-638287,Electronics,Mexico,Social Media
5,88.57,2025-04-08,C-35700115,Mus-385425,Music,Australia,Phone
10,254.98,2025-06-11,C-10975431,Foo-234743,Food,Denmark,Store
13,425.23,2023-08-14,C-60708577,Boo-203583,Books,Austria,Social Media
8,89.33,2022-08-04,C-04131834,Mus-354317,Music,Denmark,Phone
7,230.95,2022-11-25,C-24254708,Jew-107064,Jewelry,Australia,Marketplace
2,73.38,2023-09-18,C-61223304,Off-439553,Office,Portugal,Email
2,181.85,2022-04-23,C-78924248,Off-131450,Office,Sweden,App
10,279.38,2025-09-15,C-52196791,Hea-251792,Health,Belgium,App
11,12.67,2025-11-19,C-12564518,Jew-392428,Jewelry,Belgium,Phone
7,438.98,2022-12-16,C-82162312,Clo-141862,Clothing,Belgium,App
10,332.86,2022-11-24,C-08085231,Gar-090226,Garden,Italy,Phone
7,78.62,2024-02-13,C-69850346,Jew-841103,Jewelry,Italy,Email
14,347.82,2023-03-11,C-40759502,Bea-168162,Beauty,Austria,Email
15,365.49,2023-07-19,C-31733702,Foo-700733,Food,Switzerland,Web
13,80.32,2025-07-13,C-76803278,Tra-992709,Travel,Poland,Phone
9,362.71,2023-02-14,C-31776064,Aut-946044,Automotive,Spain,Email
5,61.11,2022-04-09,C-69723028,Jew-512534,Jewelry,Poland,Marketplace
2,476.71,2025-07-12,C-78446420,Boo-881466,Books,Mexico,Web
13,323.93,2025-02-22,C-45178159,Bea-449247,Beauty,United States,Store
2,437.13,2023-08-23,C-78924248,Ele-485693,Electronics,Japan,Phone
1,418.35,2025-02-14,C-79851234,Boo-151020,Books,Spain,Store
16,300.49,2025-12-08,C-32681044,Gar-916715,Garden,Italy,Store
7,152.63,2025-01-13,C-95364434,Tra-527530,Travel,United Kingdom,Social Media
4,165.99,2022-05-13,C-77391210,Aut-906049,Automotive,United Kingdom,Web
7,353.73,2023-04-08,C-08085231,Off-977958,Office,Australia,App
10,297.91,2025-02-27,C-13838283,Off-011394,Office,Denmark,App
14,79.83,2024-12-22,C-58844515,Hea-204244,Health,United Kingdom,Store
12,96.55,2022-02-24,C-75310409,Toy-210164,Toys,Mexico,Web
4,49.99,2023-03-25,C-07674407,Bea-772942,Beauty,Canada,Store
17,466.07,2025-04-17,C-97457004,Off-699574,Office,Sweden,Phone
3,53.42,2025-12-14,C-33414707,Bea-807063,Beauty,Switzerland,App
6,207.55,2024-01-20,C-14362275,Gar-816361,Garden,Japan,Web
11,29.98,2025-04-15,C-61223304,Clo-275391,Clothing,Mexico,Store
19,378.58,2022-11-11,C-29230901,Toy-185181,Toys,Australia,App
3,186.12,2022-10-18,C-18110411,Toy-917182,Toys,Portugal,Web
6,206.02,2025-09-23,C-79632009,Fur-404872,Furniture,Norway,Store
5,213.29,2022-05-03,C-17640864,Tra-636347,Travel,Switzerland,App
9,261.87,2025-04-15,C-03989784,Jew-446208,Jewelry,Sweden,Store
19,205.75,2024-09-20,C-85645658,Foo-135381,Food,United Kingdom,Store
9,23.27,2022-10-28,C-76319842,Aut-556041,Automotive,Brazil,Web
5,74.41,2025-04-28,C-40066424,Toy-240413,Toys,Sweden,Social Media
8,85.03,2022-12-17,C-43022236,Bea-576796,Beauty,United Kingdom,Store
12,414.99,2025-04-29,C-72966724,Spo-142180,Sports,Germany,Email
5,252.19,2022-04-25,C-95538520,Jew-268299,Jewelry,United States,Store
15,296.89,2025-01-19,C-80839328,Gar-022442,Garden,France,Web
4,137.94,2022-01-26,C-83896442,Spo-842165,Sports,Canada,App
3,135.56,2024-12-05,C-36596055,Foo-896724,Food,Sweden,Phone
15,474.84,2022-09-04,C-55546816,Mus-944621,Music,Canada,App
14,210.17,2025-11-27,C-41080844,Tra-767635,Travel,Norway,Web
2,351.44,2025-08-04,C-03797010,Gar-391909,Garden,Denmark,App
1,463.11,2022-12-28,C-49819326,Hea-170720,Health,Japan,Email
17,230.62,2022-08-05,C-32024053,Gar-966811,Garden,Italy,Email
15,156.59,2023-10-26,C-25764795,Clo-490881,Clothing,Denmark,Email
8,214.37,2024-09-17,C-77186257,Foo-227572,Food,Australia,Social Media
16,36.77,2022-08-09,C-65347335,Aut-002756,Automotive,United Kingdom,Marketplace
15,233.8,2025-12-18,C-55264133,Ele-898578,Electronics,Spain,Email
3,480.04,2024-12-04,C-87914090,Gar-472708,Garden,Sweden,Web
8,212.65,2022-10-23,C-00716732,Off-752565,Office,Japan,Marketplace
13,275.99,2024-11-28,C-66540515,Clo-460137,Clothing,Sweden,Marketplace
3,211.49,2025-07-12,C-27407092,Aut-268127,Automotive,Germany,Phone
17,381.43,2022-09-19,C-49938177,Jew-718693,Jewelry,United States,Store
7,239.27,2024-02-26,C-29463459,Foo-194764,Food,Spain,Web
10,24.8,2024-06-24,C-99951237,Off-318562,Office,Belgium,App
6,129.89,2024-09-27,C-44394558,Hea-723033,Health,Germany,Phone
15,316.78,2022-06-29,C-28616400,Jew-788688,Jewelry,Japan,Phone
8,237.59,2024-09-25,C-68421440,Tra-895179,Travel,Australia,Social Media
15,241.74,2023-06-27,C-16552411,Toy-848346,Toys,Australia,Phone
11,477.37,2023-08-25,C-28252670,Mus-944338,Music,Canada,Email
7,390.48,2022-11-25,C-73659733,Foo-021849,Food,Belgium,Email
13,100.72,2024-04-16,C-53923828,Toy-858081,Toys,Switzerland,Marketplace
19,87.06,2023-08-17,C-32186206,Jew-494098,Jewelry,United Kingdom,Web
2,400.63,2025-07-26,C-77990744,Clo-744864,Clothing,Norway,Web
9,391.12,2025-06-10,C-65680713,Spo-483961,Sports,Netherlands,Marketplace
8,51.85,2025-09-27,C-19495025,Bea-312267,Beauty,Japan,Web
14,177.42,2024-08-06,C-75310409,Boo-252409,Books,Mexico,Marketplace
17,312.2,2024-10-27,C-68110109,Clo-857955,Clothing,Sweden,Email
11,232.8,2024-09-03,C-14823370,Boo-270668,Books,Belgium,Email
16,20.7,2023-06-17,C-33334129,Hea-827869,Health,Spain,Phone
6,498.33,2025-06-09,C-39312362,Aut-734027,Automotive,Japan,App
7,477.44,2022-04-16,C-51629298,Spo-548254,Sports,Australia,Marketplace
11,52.52,2024-10-27,C-23912425,Aut-577665,Automotive,Brazil,Store
11,179.84,2024-09-27,C-59637217,Spo-899321,Sports,Sweden,Store
11,93.53,2022-11-07,C-41080844,Clo-313745,Clothing,Spain,Social Media
19,228.45,2023-11-30,C-98325575,Hea-897032,Health,Belgium,App
4,317.04,2024-09-29,C-23562036,Aut-162090,Automotive,Sweden,Web
9,189.65,2025-04-22,C-95950020,Bea-554562,Beauty,Poland,Store
6,496.17,2024-12-24,C-42531372,Jew-435241,Jewelry,Netherlands,Store
10,384.83,2024-10-04,C-91258005,Gar-348104,Garden,Portugal,Email
6,460.92,2023-01-15,C-54942359,Jew-670851,Jewelry,Japan,Web
6,336.06,2024-01-01,C-59610177,Bea-023621,Beauty,Japan,App
7,375.02,2022-08-19,C-76764761,Aut-420421,Automotive,Sweden,Marketplace
16,226.62,2022-05-10,C-03298924,Mus-082976,Music,Spain,Email
17,198.55,2023-07-11,C-80434627,Fur-188257,Furniture,Brazil,Marketplace
6,83.63,2023-08-13,C-44034970,Boo-693141,Books,Germany,Marketplace
16,226.03,2024-09-18,C-94779946,Mus-036078,Music,Poland,Store
12,80.44,2022-09-24,C-25746750,Fur-205465,Furniture,Netherlands,Social Media
2,248.54,2022-11-26,C-80730111,Hea-781280,Health,Australia,Email
19,95.61,2024-01-06,C-44259536,Ele-374616,Electronics,Spain,Email
3,349.18,2025-11-13,C-31491448,Tra-946963,Travel,Sweden,Phone
19,397.69,2024-12-19,C-48042983,Hea-282128,Health,Netherlands,Phone
1,65.21,2022-09-30,C-66796277,Clo-579275,Clothing,Sweden,Phone
9,268.67,2022-06-15,C-35862539,Gar-609454,Garden,Sweden,Social Media
11,155.4,2025-08-15,C-64838435,Off-433336,Office,Portugal,Email
5,314.03,2025-10-19,C-43022236,Fur-456582,Furniture,United States,Web
9,339.12,2025-06-26,C-82924856,Bea-966775,Beauty,Germany,Store
12,107.22,2022-04-20,C-14167380,Tra-654547,Travel,Austria,Store
13,103.16,2024-10-23,C-07305300,Foo-947723,Food,Sweden,App
9,219.29,2022-02-22,C-85270860,Off-184281,Office,Denmark,Email
18,249.22,2023-06-19,C-36973153,Foo-364878,Food,Spain,Phone
19,279.05,2023-03-16,C-44777025,Off-075679,Office,Italy,Social Media
8,65.5,2022-09-14,C-45499076,Spo-881854,Sports,Italy,Social Media
9,436.39,2025-03-14,C-66049568,Aut-376508,Automotive,Mexico,Social Media
8,477.43,2024-11-07,C-99336445,Foo-171242,Food,Norway,Social Media
8,292.11,2022-01-14,C-89337463,Mus-722789,Music,Japan,Email
11,53.76,2025-01-15,C-28663874,Gar-483983,Garden,United States,Social Media
3,253.53,2023-01-15,C-44777025,Tra-025099,Travel,Japan,Email
13,256.35,2025-06-12,C-41080844,Ele-941921,Electronics,Germany,Social Media
8,343.76,2023-05-10,C-88131584,Jew-857340,Jewelry,Portugal,Social Media
18,447.44,2024-04-04,C-81261231,Mus-431719,Music,Canada,Marketplace
18,199.28,2024-11-23,C-28616400,Foo-071338,Food,Canada,Phone
10,44.24,2023-10-21,C-85201177,Aut-449922,Automotive,Norway,Web
7,286.72,2025-03-23,C-38044479,Foo-423073,Food,Austria,Email
19,84.32,2025-12-21,C-18732299,Fur-990470,Furniture,Sweden,Web
5,439.64,2023-07-17,C-08804410,Bea-399229,Beauty,Spain,App
1,118.57,2024-02-26,C-27458375,Fur-349536,Furniture,Australia,Social Media
17,116.0,2022-03-24,C-69425350,Clo-744670,Clothing,Sweden,Social Media
11,87.38,2022-06-17,C-80839328,Toy-513455,Toys,United Kingdom,Marketplace
14,37.08,2024-10-20,C-28481406,Boo-771410,Books,Netherlands,Phone
5,240.34,2025-02-27,C-67404415,Fur-291908,Furniture,Austria,Marketplace
3,236.05,2024-02-24,C-04388288,Spo-893177,Sports,United Kingdom,Phone
19,347.06,2025-08-25,C-85002220,Clo-157958,Clothing,Australia,Social Media
2,143.36,2024-01-27,C-42531372,Mus-080312,Music,United Kingdom,Store
14,186.45,2023-11-22,C-49938177,Mus-511615,Music,Japan,Phone
3,119.23,2022-08-18,C-73659733,Foo-378603,Food,Norway,Web
3,13.07,2024-12-30,C-57442109,Gar-711197,Garden,Portugal,Marketplace
6,369.19,2023-03-21,C-51073307,Hea-324012,Health,Poland,Email
2,245.59,2023-02-12,C-10975431,Spo-444485,Sports,Mexico,Marketplace
15,422.3,2024-01-03,C-85460227,Toy-990715,Toys,United Kingdom,Store
7,215.75,2022-05-21,C-94561312,Jew-207088,Jewelry,Canada,Web
4,228.0,2025-02-17,C-66918517,Toy-324801,Toys,Sweden,Email
7,397.8,2023-11-01,C-04202589,Spo-002944,Sports,Austria,Email
11,460.05,2025-11-17,C-47614337,Aut-060353,Automotive,Poland,Web
2,318.39,2024-01-13,C-67124011,Ele-275461,Electronics,Mexico,App
14,396.81,2024-05-30,C-29227444,Fur-506665,Furniture,Brazil,Marketplace
3,339.08,2025-10-26,C-32681044,Fur-057234,Furniture,Sweden,Web
13,183.46,2022-12-11,C-87547612,Clo-461294,Clothing,United Kingdom,Store
14,73.42,2024-12-09,C-06140306,Mus-480244,Music,Belgium,App
15,152.43,2025-11-14,C-55631850,Hea-645081,Health,Netherlands,App
15,93.44,2022-11-25,C-73352991,Aut-072724,Automotive,Poland,Marketplace
13,398.64,2022-01-14,C-38044479,Hea-017681,Health,Japan,Social Media
19,322.61,2023-08-03,C-58844515,Fur-592260,Furniture,Spain,Phone
5,141.64,2023-06-30,C-06670976,Tra-503816,Travel,Germany,Social Media
12,303.88,2022-12-31,C-84069645,Clo-251026,Clothing,Spain,App
16,406.18,2023-08-23,C-02890690,Aut-912661,Automotive,Japan,Email
18,452.05,2025-03-09,C-47831975,Tra-153173,Travel,United Kingdom,Social Media
5,362.58,2024-07-06,C-99466366,Toy-807406,Toys,Sweden,Email
17,120.82,2023-08-15,C-55290918,Bea-283717,Beauty,Switzerland,Phone
3,192.35,2023-11-02,C-96638930,Clo-146026,Clothing,Brazil,Social Media
10,185.77,2024-04-11,C-91848903,Foo-471951,Food,Poland,Web
11,466.67,2024-04-23,C-58623748,Clo-134808,Clothing,Switzerland,Phone
18,90.91,2022-08-11,C-80434627,Clo-544403,Clothing,Austria,Email
10,305.27,2022-01-19,C-72026020,Tra-297095,Travel,Germany,Phone
11,384.1,2024-01-11,C-68421440,Jew-961014,Jewelry,Mexico,Store
13,271.61,2024-03-05,C-64933370,Off-511157,Office,Poland,Web
13,251.88,2022-07-09,C-23912425,Jew-999609,Jewelry,United Kingdom,Store
1,447.31,2022-10-13,C-23562036,Gar-724593,Garden,Poland,Email
3,39.48,2025-02-25,C-35991775,Foo-368357,Food,Italy,Social Media
19,480.86,2024-05-06,C-95405257,Boo-990869,Books,Germany,Social Media
2,316.69,2023-08-21,C-94561312,Tra-144785,Travel,Japan,Social Media
16,449.66,2022-10-03,C-58844515,Tra-234699,Travel,Belgium,Marketplace
4,321.28,2022-12-14,C-76264318,Gar-227672,Garden,Australia,Phone
18,459.94,2023-11-10,C-88764007,Foo-175638,Food,Brazil,Phone
8,136.78,2025-03-08,C-51214215,Hea-458548,Health,Japan,Social Media
1,367.66,2023-11-04,C-29680788,Ele-035873,Electronics,United States,Phone
11,306.78,2023-10-14,C-29230901,Aut-184654,Automotive,United States,Social Media
6,336.7,2025-05-10,C-03929539,Jew-009743,Jewelry,United Kingdom,Marketplace
11,81.53,2023-03-21,C-55696698,Hea-044724,Health,Japan,Phone
8,444.0,2022-10-18,C-52687437,Hea-068513,Health,Mexico,Phone
7,322.27,2022-12-17,C-03077799,Tra-769791,Travel,Netherlands,Store
17,327.86,2023-12-21,C-76810864,Jew-287684,Jewelry,Belgium,Phone
3,91.25,2025-11-03,C-39312362,Off-898335,Office,United Kingdom,Store
14,245.48,2024-12-01,C-80272452,Tra-610567,Travel,Japan,App
11,44.24,2024-12-09,C-80410341,Off-873888,Office,Portugal,Web
6,411.37,2022-05-20,C-55521351,Spo-683383,Sports,Netherlands,Web
8,216.73,2024-10-31,C-99725234,Spo-336722,Sports,Austria,Web
8,240.62,2022-09-22,C-69425350,Tra-348530,Travel,Poland,Store
15,236.05,2023-10-07,C-66918517,Fur-659768,Furniture,Netherlands,Store
5,88.26,2025-02-19,C-14989806,Toy-498347,Toys,Netherlands,Phone
3,496.34,2023-12-27,C-13268463,Mus-987663,Music,Belgium,Marketplace
13,170.84,2024-06-26,C-63062112,Mus-749232,Music,Netherlands,App
3,303.15,2024-07-15,C-66447024,Tra-130866,Travel,Denmark,Marketplace
7,120.31,2024-08-07,C-79109200,Spo-455017,Sports,Sweden,Social Media
7,358.47,2023-09-14,C-47831844,Tra-580844,Travel,Denmark,Marketplace
12,188.07,2025-09-12,C-89047975,Toy-191677,Toys,Netherlands,Social Media
10,93.91,2024-03-09,C-44489996,Ele-286172,Electronics,Switzerland,App
9,404.85,2024-11-09,C-84862724,Off-930738,Office,United States,App
2,475.84,2024-07-03,C-95885847,Hea-930770,Health,Switzerland,Marketplace
16,214.7,2022-09-30,C-43344687,Spo-425937,Sports,Denmark,Store
2,55.83,2023-03-16,C-87547612,Boo-412809,Books,Belgium,Store
11,466.89,2023-08-17,C-72966724,Spo-643700,Sports,Denmark,Email
5,459.46,2024-08-14,C-59473796,Mus-818823,Music,Mexico,App
10,376.01,2023-12-26,C-63261242,Aut-337153,Automotive,Canada,Social Media
1,497.76,2023-08-06,C-96295925,Gar-730849,Garden,United States,Phone
13,169.63,2025-07-17,C-58623748,Bea-551175,Beauty,Mexico,App
1,491.25,2025-11-14,C-27853549,Clo-015149,Clothing,United Kingdom,Email
10,483.52,2024-03-14,C-12025094,Gar-598217,Garden,Germany,Web
18,13.44,2022-07-11,C-52687437,Aut-596350,Automotive,France,Web
4,45.28,2025-02-20,C-33389851,Bea-607679,Beauty,Austria,Phone
9,229.35,2023-04-29,C-93712739,Toy-702853,Toys,Switzerland,App
13,64.75,2025-03-02,C-03016393,Jew-154377,Jewelry,Austria,Web
5,237.28,2022-04-14,C-12780542,Tra-533841,Travel,Australia,Email
10,315.72,2023-02-20,C-53082079,Ele-503611,Electronics,France,Phone
17,321.85,2023-09-10,C-46857022,Off-078034,Office,Spain,Store
2,369.99,2024-08-13,C-85460227,Foo-362678,Food,Poland,Marketplace
4,118.89,2024-05-11,C-26183976,Spo-451693,Sports,Italy,Store
1,197.44,2025-11-16,C-99882419,Gar-901363,Garden,Denmark,Marketplace
1,83.32,2023-10-24,C-89047975,Clo-365805,Clothing,France,Social Media
10,102.51,2025-01-28,C-00716732,Boo-216726,Books,Brazil,Web
14,65.7,2025-07-19,C-65793662,Aut-844172,Automotive,Brazil,Web
9,364.14,2024-07-24,C-66918517,Fur-543775,Furniture,Denmark,App
18,207.01,2022-10-24,C-45237494,Bea-614611,Beauty,Sweden,App
11,335.93,2025-09-27,C-64801937,Off-442557,Office,Switzerland,Store
18,326.97,2025-09-24,C-65235738,Aut-316202,Automotive,Netherlands,Store
3,201.32,2022-02-04,C-33477060,Bea-500493,Beauty,Belgium,Marketplace
17,170.93,2024-01-05,C-14863834,Gar-615603,Garden,Norway,Marketplace
3,79.34,2023-07-07,C-74765923,Hea-126073,Health,Mexico,Marketplace
4,11.82,2025-06-07,C-41080844,Ele-831370,Electronics,Japan,App
18,331.48,2022-08-21,C-27458375,Hea-663142,Health,Canada,Marketplace
2,384.55,2024-11-03,C-12290630,Hea-430057,Health,Netherlands,Email
6,295.14,2023-01-28,C-25096724,Bea-420401,Beauty,Denmark,Email
8,226.41,2023-05-27,C-83525743,Gar-616334,Garden,Brazil,Store
4,337.18,2024-06-08,C-66918517,Gar-087568,Garden,Italy,Marketplace
6,244.97,2024-04-14,C-02885459,Aut-086334,Automotive,Brazil,Phone
6,152.42,2025-07-20,C-47831975,Jew-559703,Jewelry,United States,Marketplace
11,99.29,2025-08-11,C-17074239,Ele-237279,Electronics,Germany,Marketplace
14,376.32,2025-10-09,C-33200552,Bea-241062,Beauty,Mexico,App
1,134.78,2022-12-03,C-00257180,Jew-972034,Jewelry,Denmark,App
14,33.15,2025-09-27,C-16552411,Aut-480500,Automotive,Sweden,Store
9,472.48,2023-02-11,C-95897450,Hea-366105,Health,United Kingdom,App
2,394.28,2022-11-12,C-27206525,Mus-123572,Music,Sweden,Phone
5,256.91,2022-11-14,C-05163875,Jew-554753,Jewelry,France,Email
19,109.91,2024-11-15,C-82799399,Fur-621101,Furniture,Switzerland,Email
2,248.05,2023-06-06,C-96638930,Mus-091314,Music,Denmark,App
5,39.97,2024-08-31,C-48574985,Clo-793337,Clothing,Italy,App
2,292.29,2024-01-19,C-98578568,Jew-847791,Jewelry,Germany,Email
12,171.09,2024-05-05,C-95950020,Toy-152822,Toys,Germany,Social Media
3,83.38,2024-10-31,C-81092571,Hea-867655,Health,Sweden,Email
16,453.07,2024-10-03,C-50907432,Off-031743,Office,Spain,App
9,409.92,2025-09-10,C-95897450,Ele-646311,Electronics,France,Email
17,369.25,2025-07-25,C-85730245,Off-992269,Office,Norway,Web
15,496.46,2022-10-01,C-95885847,Fur-487869,Furniture,Germany,Social Media
6,489.4,2022-06-09,C-86793558,Mus-731981,Music,Belgium,Social Media
12,205.5,2023-11-28,C-86752706,Toy-856697,Toys,Germany,Store
7,417.79,2022-08-30,C-89101666,Hea-615298,Health,Poland,App
2,137.26,2025-09-15,C-14989806,Aut-747492,Automotive,Poland,Store
19,301.25,2022-09-03,C-72966724,Toy-550762,Toys,Belgium,Store
7,117.51,2023-05-16,C-64801937,Mus-011441,Music,United States,Phone
7,265.48,2022-11-22,C-67734713,Bea-487754,Beauty,Norway,Marketplace
3,339.97,2022-06-15,C-07680834,Foo-986888,Food,France,Email
15,319.42,2023-04-30,C-66005265,Ele-635334,Electronics,Japan,Social Media
11,161.46,2025-04-21,C-45237494,Jew-599370,Jewelry,Mexico,Web
11,305.13,2025-03-19,C-48888222,Tra-675101,Travel,Canada,Web
6,222.07,2022-02-02,C-12025094,Aut-303888,Automotive,Poland,Web
8,47.5,2025-11-08,C-14863834,Gar-714835,Garden,Netherlands,Store
15,261.82,2023-01-05,C-10975431,Clo-700396,Clothing,United States,App
12,406.27,2024-09-07,C-44131482,Foo-626198,Food,Poland,Web
4,46.38,2022-07-07,C-24193676,Spo-503493,Sports,Portugal,Email
19,123.14,2022-09-12,C-58844515,Clo-656707,Clothing,Japan,Web
17,117.74,2023-11-11,C-35862539,Toy-534451,Toys,Germany,Marketplace
3,127.26,2025-08-04,C-75123250,Off-054185,Office,Austria,Store
19,299.05,2022-04-18,C-48219660,Spo-814495,Sports,Spain,Social Media
13,314.6,2022-09-22,C-65189987,Tra-879863,Travel,Italy,App
11,146.78,2022-09-27,C-13268463,Bea-465125,Beauty,Portugal,App
4,31.42,2024-07-21,C-76800708,Hea-272635,Health,Sweden,Marketplace
13,232.87,2025-07-30,C-98797738,Gar-388263,Garden,Norway,Social Media
8,380.14,2025-10-07,C-76319842,Gar-657885,Garden,Switzerland,Email
4,367.22,2022-03-28,C-40712411,Mus-557955,Music,Brazil,Web
4,421.4,2023-05-03,C-13268463,Clo-069264,Clothing,Italy,Marketplace
13,133.38,2025-07-14,C-71666979,Foo-497602,Food,Australia,Social Media
16,260.96,2022-12-05,C-27407092,Foo-536343,Food,Denmark,Phone
18,42.08,2022-08-09,C-18244574,Boo-813055,Books,Japan,Web
17,402.02,2022-08-26,C-11498981,Ele-552032,Electronics,Brazil,Store
13,405.38,2025-03-28,C-88131584,Clo-171003,Clothing,Sweden,Phone
9,141.54,2025-02-14,C-35605602,Hea-952000,Health,Portugal,Web
4,445.83,2025-11-04,C-25764795,Spo-638157,Sports,Germany,Web
3,468.6,2023-12-25,C-16276701,Toy-943263,Toys,Brazil,App
6,453.73,2022-01-28,C-03440880,Hea-580242,Health,Belgium,Marketplace
5,292.65,2024-06-03,C-58844515,Clo-637651,Clothing,Austria,Phone
1,469.91,2025-10-20,C-33971496,Mus-511273,Music,Poland,Social Media
19,47.01,2024-07-14,C-00341776,Jew-757264,Jewelry,Brazil,Social Media
2,158.72,2022-11-18,C-37619890,Mus-146461,Music,Belgium,Social Media
17,223.6,2024-01-22,C-35991775,Hea-320906,Health,Canada,Phone
13,142.01,2023-09-03,C-14989806,Boo-404267,Books,United States,Email
4,439.96,2024-02-04,C-02885459,Fur-698176,Furniture,France,Email
2,307.17,2024-11-19,C-88131584,Foo-968004,Food,Mexico,App
7,448.89,2023-11-14,C-67734713,Fur-542878,Furniture,Switzerland,Web
10,171.24,2024-02-06,C-95885847,Aut-364876,Automotive,Belgium,App
19,490.41,2024-08-30,C-64967803,Spo-741620,Sports,Canada,Web
18,344.49,2023-12-25,C-25569498,Mus-436119,Music,Denmark,Social Media
3,99.1,2023-05-12,C-51073307,Gar-403608,Garden,Sweden,Phone
14,163.68,2024-03-26,C-68110109,Toy-981845,Toys,Poland,Email
12,469.06,2025-05-30,C-86452949,Off-076664,Office,Italy,Email
4,165.13,2025-01-21,C-04675267,Jew-862941,Jewelry,Norway,App
14,414.24,2023-07-16,C-93179907,Tra-538431,Travel,Sweden,Web
3,206.95,2025-02-10,C-12247689,Jew-561358,Jewelry,Poland,Web
10,447.4,2023-11-25,C-57589671,Off-892447,Office,United Kingdom,Web
2,35.32,2025-11-25,C-49938177,Jew-552465,Jewelry,Spain,Store
14,474.75,2024-11-19,C-00221948,Jew-066076,Jewelry,Sweden,Phone
1,113.37,2022-01-12,C-74975237,Hea-709531,Health,Belgium,Social Media
10,260.84,2023-07-27,C-72341909,Jew-484457,Jewelry,France,Marketplace
15,474.35,2025-09-19,C-38567964,Gar-466718,Garden,Portugal,Phone
17,300.36,2024-05-28,C-37620194,Bea-854983,Beauty,Switzerland,Marketplace
16,380.97,2022-01-11,C-61295722,Off-889565,Office,Japan,Web
6,265.83,2024-06-02,C-21964351,Spo-335220,Sports,Austria,Web
14,183.8,2024-12-06,C-03964660,Off-103830,Office,Netherlands,Marketplace
9,139.81,2025-08-23,C-31562395,Gar-455820,Garden,Portugal,App
13,27.52,2022-09-30,C-58844515,Foo-313601,Food,France,Web
14,298.56,2024-07-13,C-72957339,Aut-008771,Automotive,United Kingdom,Social Media
8,39.97,2025-01-07,C-38044479,Clo-334058,Clothing,Spain,Web
19,204.35,2023-11-01,C-61635242,Mus-342024,Music,Portugal,Phone
5,75.37,2024-02-04,C-83896442,Clo-127633,Clothing,Netherlands,App
7,18.71,2023-12-02,C-23562036,Boo-967393,Books,Australia,Social Media
10,442.9,2024-09-10,C-53082079,Toy-305533,Toys,Mexico,Store
14,21.04,2024-11-08,C-33648030,Clo-491805,Clothing,Sweden,Web
17,39.32,2023-11-25,C-83984056,Hea-207843,Health,Denmark,Social Media
6,342.62,2025-03-15,C-39312362,Foo-474133,Food,Mexico,Marketplace
16,219.95,2023-07-28,C-78924248,Aut-459112,Automotive,Australia,App
17,488.95,2024-03-30,C-52687437,Off-832836,Office,France,Phone
2,213.22,2023-09-12,C-89572422,Mus-842195,Music,Australia,App
1,228.38,2022-01-09,C-94751185,Fur-797035,Furniture,Poland,Marketplace
4,119.66,2022-06-03,C-85270860,Gar-427728,Garden,Australia,Store
15,414.27,2022-11-15,C-48219660,Fur-779186,Furniture,Italy,Email
17,67.64,2022-12-31,C-33200552,Tra-962835,Travel,Switzerland,Phone
16,355.14,2024-04-30,C-89667087,Clo-905004,Clothing,Sweden,Email
11,304.08,2024-03-12,C-03298924,Mus-043104,Music,Netherlands,Phone
14,446.77,2022-05-24,C-92010806,Bea-806296,Beauty,Belgium,Social Media
6,462.47,2025-12-21,C-47831844,Boo-637283,Books,France,Phone
11,206.32,2024-08-20,C-89619648,Foo-825823,Food,Norway,Phone
14,49.04,2022-05-20,C-81261231,Hea-074059,Health,Japan,Web
13,73.64,2025-03-31,C-94751185,Tra-030893,Travel,Poland,Email
18,441.17,2022-11-01,C-03016393,Tra-542919,Travel,Italy,Marketplace
3,215.02,2025-08-06,C-83990482,Mus-749878,Music,Belgium,Store
1,180.01,2025-10-11,C-59610177,Toy-371449,Toys,Sweden,Web
17,88.81,2025-12-25,C-07305300,Aut-184873,Automotive,Austria,Social Media
2,23.87,2023-12-22,C-13268463,Tra-136419,Travel,Portugal,Web
10,470.0,2022-06-15,C-65189987,Toy-154286,Toys,Switzerland,Phone
9,246.31,2023-03-27,C-47831844,Jew-928975,Jewelry,Brazil,Email
11,363.94,2022-11-10,C-76764761,Spo-449863,Sports,Poland,Email
17,396.06,2022-06-03,C-74975237,Boo-311874,Books,Belgium,App
5,345.59,2025-03-30,C-89619648,Toy-988288,Toys,Portugal,Email
17,189.65,2022-01-06,C-58858217,Tra-329759,Travel,Norway,Social Media
6,377.77,2024-10-03,C-31776064,Fur-184115,Furniture,Germany,Email
17,158.36,2024-07-01,C-48042983,Gar-489673,Garden,France,Email
13,435.87,2024-11-29,C-40066424,Tra-915282,Travel,Mexico,Email
19,429.54,2023-09-15,C-69814469,Tra-729509,Travel,Poland,App
7,355.09,2024-05-12,C-76800708,Aut-946107,Automotive,Netherlands,Email
14,19.59,2024-07-04,C-76764761,Boo-616630,Books,Sweden,Phone
18,441.69,2024-03-31,C-21013148,Aut-772740,Automotive,Norway,Web
10,76.6,2024-09-27,C-80839328,Foo-364247,Food,Austria,Phone
6,355.66,2024-10-16,C-70140173,Clo-526072,Clothing,France,Phone
6,88.67,2025-02-22,C-28481406,Fur-047497,Furniture,Switzerland,Store
13,156.1,2022-03-28,C-76803278,Mus-135941,Music,France,App
17,315.93,2023-11-16,C-44034970,Tra-635960,Travel,Norway,App
10,442.08,2024-07-18,C-80410341,Fur-910330,Furniture,Denmark,Web
18,296.6,2022-04-04,C-67734713,Aut-821068,Automotive,Australia,Marketplace
7,63.5,2024-04-06,C-69850346,Jew-104607,Jewelry,Poland,App
9,72.23,2022-01-22,C-91848903,Gar-262692,Garden,Austria,Social Media
3,139.02,2023-04-09,C-12198751,Toy-293854,Toys,Austria,Phone
14,272.48,2022-03-12,C-75021103,Gar-206027,Garden,Spain,Social Media
18,440.0,2024-05-24,C-13324549,Fur-795160,Furniture,Australia,Store
2,228.78,2025-09-05,C-14989806,Spo-395100,Sports,Germany,Web
9,249.99,2022-07-14,C-85441923,Toy-421794,Toys,Japan,Store
14,142.28,2023-06-12,C-28558128,Clo-526815,Clothing,Poland,Email
18,54.59,2025-10-22,C-16444729,Hea-987453,Health,Netherlands,Web
15,15.26,2022-02-20,C-59804289,Ele-883874,Electronics,Brazil,Web
1,452.92,2025-02-08,C-93594457,Aut-684113,Automotive,Germany,Phone
7,9.86,2022-07-01,C-95370570,Spo-698276,Sports,Austria,Marketplace
8,441.24,2022-10-20,C-84592199,Tra-888442,Travel,Mexico,Web
9,102.73,2022-06-09,C-30786627,Mus-197744,Music,Poland,App
7,132.0,2024-12-19,C-51510185,Spo-371934,Sports,United States,Phone
15,67.39,2023-10-28,C-52729045,Mus-661570,Music,Netherlands,Web
17,402.05,2024-08-14,C-12564518,Jew-198369,Jewelry,Japan,Web
14,486.02,2023-12-25,C-32024053,Tra-258943,Travel,United Kingdom,App
5,466.25,2023-03-12,C-02885459,Off-421676,Office,France,Social Media
14,111.9,2025-04-21,C-09237099,Spo-247473,Sports,Belgium,Web
17,446.11,2025-10-16,C-48365033,Clo-330974,Clothing,Austria,Marketplace
10,370.83,2024-08-26,C-76764761,Hea-219522,Health,Japan,App
12,233.12,2025-07-05,C-63062112,Fur-842907,Furniture,Switzerland,Marketplace
10,179.7,2024-05-21,C-61223304,Spo-988455,Sports,Australia,Store
7,122.83,2025-06-12,C-75021103,Jew-753340,Jewelry,Italy,Store
18,272.37,2022-05-26,C-61295722,Fur-592104,Furniture,Netherlands,Store
17,31.51,2022-01-31,C-68110109,Off-347809,Office,United States,Web
6,490.6,2022-03-26,C-85947324,Spo-486345,Sports,Canada,App
9,440.85,2024-03-16,C-18110411,Jew-148835,Jewelry,Denmark,Web
12,121.1,2024-10-24,C-64838435,Aut-662125,Automotive,Italy,Email
1,141.8,2023-04-16,C-56155330,Jew-094697,Jewelry,Australia,Marketplace
9,15.82,2025-07-24,C-83896442,Toy-598561,Toys,Canada,Phone
12,132.99,2023-09-06,C-04388288,Tra-752678,Travel,Switzerland,App
4,18.95,2022-05-05,C-24825971,Tra-437875,Travel,Austria,Email
7,14.73,2023-10-17,C-43310463,Jew-597796,Jewelry,Spain,Email
2,208.6,2023-08-28,C-92295932,Bea-949941,Beauty,Mexico,Marketplace
5,204.46,2025-05-30,C-85201177,Fur-939498,Furniture,Denmark,Phone
15,499.12,2022-03-28,C-09095261,Gar-680709,Garden,Denmark,App
3,177.31,2025-12-08,C-33200552,Spo-046896,Sports,Brazil,Email
11,84.66,2025-01-26,C-63062112,Clo-558864,Clothing,United States,App
15,344.88,2025-01-18,C-21964351,Boo-355859,Books,United States,Social Media
16,467.26,2022-10-21,C-07706214,Off-285204,Office,United Kingdom,Email
5,153.71,2022-06-30,C-96319520,Jew-970705,Jewelry,Portugal,App
6,420.66,2024-07-11,C-58593771,Hea-104467,Health,United States,Store
10,136.6,2025-08-16,C-25814587,Jew-715356,Jewelry,Belgium,Phone
7,188.23,2024-06-09,C-17474126,Boo-516020,Books,Switzerland,Social Media
1,163.27,2024-12-12,C-46590586,Toy-688236,Toys,Portugal,Marketplace
3,291.32,2022-05-19,C-35862539,Bea-516370,Beauty,Denmark,Email
14,97.13,2022-03-14,C-89619648,Hea-563487,Health,Japan,Store
2,173.16,2025-02-06,C-82799399,Tra-546165,Travel,Portugal,Marketplace
1,391.05,2025-05-02,C-11172597,Toy-023191,Toys,Mexico,Marketplace
18,465.49,2024-07-03,C-87914090,Hea-461675,Health,Austria,App
13,341.88,2023-03-20,C-58988585,Foo-164299,Food,Germany,Phone
19,227.61,2022-09-24,C-46803455,Clo-678046,Clothing,Norway,Social Media
14,424.95,2022-07-23,C-17640864,Off-722282,Office,Brazil,Web
13,278.8,2023-02-18,C-04759341,Gar-231351,Garden,Mexico,Social Media
7,215.48,2025-10-14,C-07375902,Foo-100169,Food,Brazil,Marketplace
8,482.92,2022-04-09,C-03016393,Aut-413111,Automotive,Mexico,Marketplace
6,307.97,2023-11-22,C-35991775,Off-365311,Office,Belgium,Marketplace
14,154.75,2024-10-18,C-44214705,Ele-154867,Electronics,Norway,Web
10,357.01,2024-02-13,C-66796277,Boo-548458,Books,Spain,Email
5,94.87,2024-11-02,C-15627644,Gar-874101,Garden,Denmark,Web
19,239.85,2022-05-22,C-87547612,Hea-697145,Health,France,Phone
15,483.24,2024-07-01,C-94752604,Gar-158743,Garden,Norway,Social Media
2,362.08,2022-06-02,C-33067849,Aut-842902,Automotive,Denmark,Email
19,463.68,2022-11-24,C-04202589,Hea-426579,Health,Netherlands,Phone
11,19.07,2024-08-01,C-74765923,Gar-740423,Garden,Sweden,Email
1,341.65,2023-11-09,C-95897450,Foo-925319,Food,Japan,Phone
2,34.01,2025-07-18,C-94779946,Toy-082729,Toys,Denmark,Social Media
19,413.34,2023-07-30,C-48365033,Foo-425711,Food,Austria,App
17,354.09,2023-05-03,C-68110109,Gar-032463,Garden,Sweden,Store
14,345.41,2025-06-20,C-15627644,Bea-188691,Beauty,Italy,Social Media
6,409.59,2023-05-23,C-25388461,Hea-596781,Health,Spain,Social Media
11,349.29,2025-05-11,C-48732589,Spo-537673,Sports,Austria,Marketplace
17,238.09,2025-05-25,C-29230901,Toy-413137,Toys,Italy,Web
3,425.95,2024-10-20,C-56155330,Boo-176532,Books,France,Social Media
16,192.41,2025-02-15,C-10975431,Spo-232916,Sports,United States,Store
5,122.14,2025-04-30,C-72687598,Off-528321,Office,Japan,App
18,351.02,2023-04-26,C-72341909,Spo-858288,Sports,Italy,Social Media
13,75.4,2025-08-13,C-73659733,Clo-238335,Clothing,Mexico,App
3,138.19,2025-12-04,C-52165873,Off-852150,Office,Spain,Social Media
6,282.68,2023-05-01,C-94752604,Bea-401577,Beauty,Switzerland,Phone
15,339.64,2022-07-17,C-03989784,Boo-367063,Books,France,Store
13,47.65,2022-05-02,C-23912425,Boo-944643,Books,Sweden,Social Media
13,151.43,2022-03-09,C-01878061,Mus-545085,Music,France,Phone
16,483.18,2022-03-09,C-22393430,Ele-396555,Electronics,Norway,Social Media
16,246.33,2022-09-10,C-25764795,Foo-507031,Food,Italy,App
17,407.28,2024-07-14,C-11133828,Ele-368191,Electronics,Norway,Web
19,426.97,2022-02-28,C-33237296,Ele-955255,Electronics,Spain,Store
9,140.62,2022-11-16,C-80272452,Jew-311895,Jewelry,United States,Social Media
13,157.21,2022-04-04,C-86452949,Foo-569903,Food,Poland,Marketplace
16,29.25,2025-02-12,C-14009990,Hea-040540,Health,Spain,Web
5,272.33,2023-07-05,C-86793558,Fur-437258,Furniture,Italy,Social Media
1,62.29,2024-02-21,C-43022236,Clo-889635,Clothing,Spain,App
11,154.46,2025-07-28,C-07375902,Tra-043034,Travel,United States,Social Media
14,85.85,2024-07-29,C-07305300,Bea-984504,Beauty,Japan,Marketplace
4,138.87,2025-01-04,C-57589671,Fur-160849,Furniture,Belgium,Phone
12,443.45,2023-05-31,C-83940354,Boo-778808,Books,Canada,Social Media
1,311.97,2024-12-25,C-29227444,Foo-743212,Food,France,Marketplace
11,403.41,2023-10-29,C-66918517,Fur-848901,Furniture,Mexico,App
7,98.85,2024-02-27,C-26963375,Ele-967044,Electronics,Brazil,Store
18,281.13,2024-04-10,C-93179907,Foo-725426,Food,Japan,Web
5,493.5,2022-05-01,C-79851234,Ele-345561,Electronics,Canada,Store
14,104.18,2023-05-19,C-12290630,Off-433713,Office,Brazil,Marketplace
15,435.47,2025-08-03,C-40066424,Clo-113691,Clothing,United Kingdom,Social Media
9,461.57,2025-09-10,C-08085231,Tra-469509,Travel,Canada,Phone
4,118.34,2024-06-27,C-25569498,Jew-225539,Jewelry,Germany,Social Media
14,270.96,2023-03-17,C-75310409,Mus-704547,Music,United States,Social Media
5,219.33,2024-12-02,C-00257180,Mus-021282,Music,United States,Email
15,293.93,2024-04-02,C-32681044,Fur-213221,Furniture,Austria,App
16,406.56,2022-10-24,C-24193676,Ele-695347,Electronics,Canada,Social Media
11,487.92,2025-07-12,C-80272452,Fur-800481,Furniture,United Kingdom,Email
7,216.38,2025-08-25,C-89047975,Toy-729613,Toys,Norway,Web
1,193.95,2024-08-28,C-55696698,Fur-620632,Furniture,United Kingdom,Web
17,97.87,2023-03-08,C-95192926,Spo-705224,Sports,United States,Store
4,415.82,2022-05-12,C-11172808,Aut-522824,Automotive,Italy,Web
1,53.39,2025-02-02,C-32681044,Clo-888495,Clothing,Italy,App
13,379.34,2024-12-15,C-11172597,Bea-357830,Beauty,Poland,Web
18,252.18,2024-10-28,C-64838435,Off-970813,Office,Belgium,Social Media
3,322.42,2023-05-26,C-04675267,Bea-098180,Beauty,United States,Store
8,72.61,2025-06-15,C-24254708,Mus-565993,Music,Portugal,Phone
17,411.25,2025-02-22,C-57442109,Gar-153285,Garden,Netherlands,App
7,345.23,2024-04-07,C-21047218,Jew-576753,Jewelry,France,Social Media
17,488.3,2025-03-30,C-51790735,Hea-091398,Health,Netherlands,Email
1,99.39,2024-01-30,C-78924248,Jew-867704,Jewelry,Japan,Social Media
18,379.16,2022-02-21,C-33971496,Foo-353833,Food,Austria,Store
4,160.59,2024-11-24,C-28252670,Ele-975394,Electronics,United States,Phone
8,472.78,2023-05-30,C-85441923,Foo-588705,Food,United States,Email
10,158.31,2022-08-30,C-22258680,Aut-044307,Automotive,Germany,Web
6,112.7,2022-03-07,C-85947324,Bea-848458,Beauty,Sweden,Email
9,473.66,2022-06-10,C-44489996,Clo-332969,Clothing,Austria,Social Media
13,100.0,2022-10-25,C-37282969,Off-898880,Office,Belgium,Store
13,265.82,2024-06-06,C-59610177,Clo-522936,Clothing,Italy,Email
13,92.94,2023-04-23,C-51073307,Foo-395615,Food,Australia,Social Media
17,99.73,2024-01-19,C-73541394,Off-557724,Office,Switzerland,Phone
17,95.53,2024-08-15,C-83525743,Boo-798145,Books,Germany,Phone
19,73.55,2022-07-17,C-33477060,Ele-401035,Electronics,United Kingdom,Marketplace
7,395.61,2022-07-29,C-76605428,Aut-818811,Automotive,France,Phone
17,178.52,2022-01-24,C-95575943,Boo-800187,Books,Spain,Store
12,16.23,2022-12-12,C-65235738,Jew-729019,Jewelry,Norway,App
17,17.66,2023-08-11,C-08303045,Fur-068431,Furniture,France,App
12,415.38,2023-02-21,C-18244574,Mus-107491,Music,Japan,Email
16,54.07,2024-08-06,C-09095261,Tra-345883,Travel,Canada,Social Media
9,136.39,2023-02-06,C-03077799,Clo-080884,Clothing,Poland,Store
8,174.95,2024-09-11,C-58815004,Tra-497345,Travel,Austria,Store
13,359.57,2025-08-11,C-28875386,Aut-103375,Automotive,Brazil,Phone
9,475.33,2022-07-15,C-48888222,Bea-228289,Beauty,Mexico,Marketplace
10,83.24,2024-12-31,C-41080844,Gar-526222,Garden,Portugal,Store
15,306.23,2023-04-29,C-22393430,Fur-236309,Furniture,France,Web
15,233.89,2023-10-28,C-86887776,Tra-557691,Travel,Poland,Marketplace
1,384.31,2022-07-19,C-05163875,Mus-673477,Music,United Kingdom,Email
18,483.09,2024-05-06,C-81261231,Foo-038087,Food,Netherlands,Web
1,275.73,2023-11-21,C-59610177,Ele-847065,Electronics,Sweden,Store
9,185.49,2023-02-15,C-36596055,Off-013989,Office,United States,Social Media
9,444.25,2022-10-17,C-21047218,Aut-909368,Automotive,United Kingdom,Social Media
8,15.34,2022-09-04,C-33071308,Gar-306755,Garden,Mexico,Marketplace
4,497.21,2025-10-08,C-73659733,Toy-556920,Toys,Japan,Web
19,472.03,2025-09-16,C-76800708,Fur-317907,Furniture,Austria,Social Media
18,207.95,2024-11-04,C-24232452,Off-771729,Office,Mexico,Marketplace
10,245.49,2024-03-05,C-07706214,Jew-166999,Jewelry,Spain,App
6,495.77,2023-12-24,C-35991775,Hea-654909,Health,Austria,Store
5,76.21,2022-05-23,C-86752706,Aut-192556,Automotive,Netherlands,Marketplace
6,18.33,2024-11-22,C-42531372,Foo-703666,Food,Norway,Phone
18,448.25,2023-02-28,C-72966724,Mus-049533,Music,Poland,Social Media
3,22.42,2022-12-04,C-96319520,Boo-022673,Books,Mexico,Store
19,315.55,2023-09-02,C-44394558,Toy-753601,Toys,Sweden,App
6,483.34,2023-08-02,C-43344687,Clo-861472,Clothing,Austria,Web
14,381.43,2024-06-05,C-91848903,Mus-177092,Music,United States,Marketplace
13,360.95,2025-12-11,C-59804289,Fur-032271,Furniture,France,Store
7,92.66,2023-06-26,C-42435059,Tra-348506,Travel,Canada,Social Media
3,454.51,2023-02-17,C-61850780,Foo-435926,Food,United States,Marketplace
6,329.32,2023-09-11,C-24193676,Bea-579112,Beauty,Denmark,Marketplace
16,150.7,2025-08-21,C-57589671,Spo-435378,Sports,Italy,Marketplace
2,443.39,2024-09-10,C-11985335,Off-921681,Office,Brazil,Web
19,401.95,2023-04-24,C-75021103,Jew-787379,Jewelry,Australia,Web
15,22.56,2024-05-28,C-68110109,Hea-443458,Health,Brazil,Phone
12,35.61,2022-04-02,C-21047218,Ele-549519,Electronics,France,Social Media
16,463.76,2025-02-25,C-47831844,Fur-554683,Furniture,United States,Email
6,134.88,2023-06-30,C-87547612,Spo-542952,Sports,Canada,Marketplace
14,345.29,2024-12-07,C-38567964,Boo-743429,Books,Australia,Phone
14,126.45,2024-05-24,C-55696698,Foo-626465,Food,Portugal,Phone
19,421.83,2022-06-19,C-22579567,Aut-367065,Automotive,Portugal,Web
1,41.8,2023-06-27,C-64967803,Spo-832692,Sports,France,Social Media
14,355.77,2024-02-27,C-04857421,Spo-468947,Sports,Mexico,Social Media
8,179.68,2024-11-04,C-51629298,Aut-568366,Automotive,Spain,Marketplace
4,201.35,2022-05-19,C-73478428,Tra-100114,Travel,Denmark,Email
2,154.15,2025-01-17,C-07375902,Tra-441525,Travel,United Kingdom,Store
4,102.76,2025-05-28,C-75310409,Foo-140020,Food,Belgium,Web
3,61.27,2023-09-09,C-84984031,Gar-227775,Garden,Germany,Social Media
8,113.99,2023-03-17,C-36312598,Bea-056136,Beauty,Denmark,Store
9,173.78,2023-01-17,C-83990482,Aut-088978,Automotive,Netherlands,Web
5,215.38,2022-03-08,C-46857022,Ele-422687,Electronics,Poland,Social Media
3,214.5,2022-10-25,C-27185779,Spo-787998,Sports,Belgium,Phone
12,412.13,2025-12-18,C-82924856,Bea-861329,Beauty,Portugal,Phone
11,88.02,2022-01-11,C-66447024,Mus-649512,Music,Canada,Phone
2,221.39,2025-02-10,C-48042983,Gar-767611,Garden,Norway,Social Media
9,289.47,2025-11-02,C-66592869,Bea-934551,Beauty,Poland,Phone
4,241.37,2025-10-04,C-80839328,Jew-036313,Jewelry,Australia,App
12,462.92,2022-01-21,C-80272452,Hea-807937,Health,France,Email
11,310.66,2024-08-05,C-58263729,Spo-029635,Sports,Japan,Email
8,485.79,2023-05-13,C-76605428,Bea-911746,Beauty,Spain,App
11,287.2,2022-03-04,C-36973153,Mus-662532,Music,Sweden,Phone
9,179.92,2025-05-18,C-96319520,Boo-269265,Books,Switzerland,Phone
4,415.24,2023-06-23,C-27185779,Bea-668166,Beauty,United Kingdom,Marketplace
7,337.76,2025-10-09,C-75232822,Foo-953273,Food,Spain,App
19,244.74,2023-05-10,C-77990744,Mus-281815,Music,Australia,Email
19,442.6,2025-12-25,C-39312362,Tra-790759,Travel,Belgium,Marketplace
2,197.49,2023-03-04,C-42435059,Jew-836448,Jewelry,United States,Email
18,471.95,2025-06-09,C-89337463,Tra-254376,Travel,Sweden,App
13,5.87,2024-12-18,C-07680834,Bea-424204,Beauty,Japan,Email
7,487.17,2024-03-14,C-33389851,Tra-451562,Travel,Portugal,Phone
3,125.42,2022-07-18,C-28558128,Spo-376499,Sports,Austria,Email
6,166.04,2022-04-09,C-82193345,Bea-817167,Beauty,Germany,App
15,199.56,2025-05-26,C-11177777,Spo-395641,Sports,United Kingdom,Marketplace
9,295.67,2024-07-30,C-80839328,Jew-896678,Jewelry,Switzerland,Email
15,225.8,2024-07-15,C-55631850,Off-108356,Office,Germany,Web
17,36.7,2023-08-11,C-66796277,Spo-948751,Sports,Norway,Web
5,384.03,2025-12-13,C-48219660,Ele-036467,Electronics,Belgium,App
8,69.8,2022-09-03,C-95575943,Toy-503126,Toys,Australia,Social Media
5,260.36,2023-09-16,C-58593771,Spo-410223,Sports,Mexico,Store
5,333.21,2024-07-12,C-74514164,Clo-981292,Clothing,Australia,Marketplace
6,74.66,2023-03-12,C-84862724,Mus-315291,Music,Spain,Marketplace
16,425.09,2022-07-08,C-69723028,Off-204514,Office,Portugal,Web
6,414.6,2023-08-18,C-95192926,Clo-574381,Clothing,Japan,Phone
3,328.48,2022-12-30,C-08804410,Foo-189004,Food,Mexico,Store
6,207.73,2025-04-09,C-04131834,Spo-876448,Sports,Switzerland,Web
6,482.72,2024-03-25,C-23316927,Bea-194171,Beauty,Germany,Marketplace
17,208.65,2025-07-31,C-72341909,Aut-931885,Automotive,Portugal,Email
19,388.11,2025-12-18,C-29230901,Jew-639379,Jewelry,Norway,Phone
5,228.0,2024-09-16,C-01425733,Toy-266427,Toys,Spain,Marketplace
5,261.77,2025-02-24,C-31776064,Ele-113340,Electronics,Brazil,Phone
13,218.01,2023-03-06,C-14989806,Boo-142459,Books,Austria,Marketplace
12,216.19,2023-08-26,C-47607714,Jew-737733,Jewelry,Austria,Store
5,57.85,2024-03-28,C-14582549,Toy-322652,Toys,Austria,Social Media
3,118.57,2022-11-30,C-60708577,Jew-257014,Jewelry,Germany,App
15,103.09,2025-12-03,C-14362275,Bea-369630,Beauty,Sweden,Phone
14,275.33,2025-05-11,C-28442622,Ele-138675,Electronics,Netherlands,Marketplace
7,162.8,2023-10-24,C-30786627,Hea-233598,Health,Norway,Web
6,105.98,2022-04-03,C-35991775,Clo-244457,Clothing,Denmark,App
2,75.28,2024-09-15,C-76264318,Fur-365776,Furniture,Belgium,Social Media
19,274.49,2025-04-29,C-68849874,Clo-649642,Clothing,Brazil,Store
14,123.05,2025-03-08,C-33389851,Aut-350671,Automotive,Denmark,App
10,479.69,2025-03-17,C-11172808,Clo-121222,Clothing,Mexico,Marketplace
4,208.99,2025-04-18,C-14823370,Hea-019250,Health,Australia,Social Media
2,400.39,2025-01-22,C-85947324,Toy-843033,Toys,United Kingdom,Marketplace
6,207.4,2022-10-14,C-32186206,Jew-975644,Jewelry,Australia,Phone
8,188.79,2023-08-15,C-12780542,Clo-322900,Clothing,Belgium,Store
13,479.19,2023-07-17,C-44214705,Mus-073787,Music,Japan,Store
19,52.68,2022-06-12,C-99951237,Toy-889780,Toys,Japan,Marketplace
16,296.47,2022-04-16,C-33071308,Fur-455835,Furniture,Canada,Marketplace
6,189.61,2024-10-31,C-38567964,Spo-235865,Sports,Germany,Store
5,449.69,2024-01-06,C-00716732,Jew-993190,Jewelry,Switzerland,Marketplace
6,379.42,2023-06-06,C-15619280,Jew-936566,Jewelry,Brazil,Web
1,411.69,2025-01-02,C-33334129,Clo-633456,Clothing,Germany,Marketplace
6,267.41,2022-10-02,C-46590586,Off-946271,Office,Italy,Phone
10,74.41,2025-07-05,C-77772036,Toy-275043,Toys,Mexico,Phone
6,169.23,2024-07-14,C-55696698,Tra-277612,Travel,Portugal,Marketplace
19,27.3,2022-05-19,C-37792256,Clo-799358,Clothing,Germany,Web
2,31.95,2025-10-04,C-37792256,Off-413692,Office,France,Marketplace
9,298.66,2023-05-16,C-04202589,Bea-134616,Beauty,Belgium,Store
18,301.85,2025-10-10,C-87547612,Bea-479988,Beauty,Spain,Phone
7,228.22,2023-09-17,C-06670976,Gar-860808,Garden,Italy,App
4,202.23,2023-10-08,C-09237099,Foo-710470,Food,Spain,Store
14,248.0,2025-03-26,C-35863083,Ele-861112,Electronics,Poland,App
19,289.4,2023-09-06,C-37792256,Boo-906486,Books,Spain,Store
8,204.24,2023-10-22,C-43254822,Toy-100241,Toys,Canada,Marketplace
12,8.64,2023-11-08,C-66049568,Toy-843214,Toys,Belgium,Social Media
17,341.17,2024-03-05,C-63879404,Toy-802641,Toys,Switzerland,Phone
4,438.59,2025-11-23,C-70140173,Hea-035045,Health,Australia,Social Media
16,203.21,2022-08-08,C-11172808,Boo-542200,Books,Norway,Store
8,254.28,2024-05-26,C-41080844,Ele-619025,Electronics,Brazil,Phone
3,241.74,2023-10-31,C-93179907,Mus-483692,Music,United States,App
16,120.44,2023-07-16,C-22834925,Clo-480207,Clothing,Spain,Web
9,270.27,2022-02-08,C-89665842,Fur-116426,Furniture,Brazil,Email
4,98.72,2023-06-23,C-96638930,Tra-305873,Travel,United Kingdom,Web
13,457.35,2025-12-27,C-54512617,Toy-654563,Toys,Norway,Social Media
10,221.04,2022-04-16,C-25096724,Hea-849353,Health,Norway,Phone
15,91.22,2025-09-20,C-47831975,Boo-232235,Books,United States,Phone
11,432.15,2025-02-05,C-28875386,Aut-250524,Automotive,Netherlands,App
6,236.36,2022-04-20,C-71521183,Bea-908299,Beauty,Portugal,Phone
8,426.43,2022-02-21,C-14009990,Mus-109018,Music,Portugal,Marketplace
7,183.72,2024-06-30,C-69850346,Toy-133777,Toys,United Kingdom,App
4,161.09,2023-10-10,C-29004750,Mus-719577,Music,Poland,Marketplace
16,258.4,2022-03-06,C-96984679,Fur-045548,Furniture,Portugal,Social Media
4,138.56,2025-07-21,C-77391210,Foo-285424,Food,Netherlands,Phone
8,16.71,2025-01-09,C-32681044,Jew-149978,Jewelry,Belgium,App
3,168.95,2023-04-15,C-44034970,Bea-492805,Beauty,Germany,Phone
16,156.34,2023-03-18,C-21493738,Boo-784042,Books,Australia,Marketplace
1,162.17,2022-05-19,C-60259140,Ele-590421,Electronics,Spain,Marketplace
3,498.15,2025-02-16,C-73823713,Ele-752661,Electronics,Sweden,Marketplace
8,234.56,2022-02-03,C-82799399,Mus-896856,Music,Japan,App
12,51.09,2025-01-04,C-45189196,Off-561790,Office,Portugal,Phone
19,75.43,2022-10-17,C-58623748,Spo-427261,Sports,Sweden,Social Media
15,235.29,2023-10-25,C-05163875,Boo-519443,Books,Brazil,Web
19,250.85,2024-07-05,C-14009990,Foo-310657,Food,Canada,Email
1,305.05,2022-02-16,C-24232452,Foo-524477,Food,Netherlands,App
6,334.54,2024-03-18,C-67124011,Fur-347717,Furniture,Canada,Phone
4,114.68,2025-07-03,C-35700115,Hea-298077,Health,Spain,Web
6,325.65,2023-06-11,C-92010806,Foo-585776,Food,Italy,Marketplace
12,41.77,2022-11-15,C-33648030,Foo-458412,Food,Canada,Phone
12,22.35,2022-10-20,C-73291975,Aut-042134,Automotive,Sweden,Marketplace
9,340.17,2024-11-24,C-25868269,Off-618412,Office,Norway,Web
14,69.55,2025-02-02,C-82983097,Off-283559,Office,Austria,Web
8,331.03,2025-11-02,C-43344687,Foo-134466,Food,Switzerland,Social Media
16,38.37,2025-12-25,C-79851234,Toy-114259,Toys,United Kingdom,Store
4,403.24,2024-03-21,C-77186257,Aut-391475,Automotive,Sweden,Store
14,274.53,2024-01-20,C-36312598,Gar-963008,Garden,United Kingdom,Store
7,40.71,2022-02-24,C-33477060,Spo-949383,Sports,Mexico,Social Media
12,94.72,2024-11-05,C-14362275,Foo-510107,Food,Portugal,Marketplace
2,294.01,2025-03-15,C-33334129,Gar-619038,Garden,Poland,App
2,255.43,2024-06-26,C-60323692,Mus-267555,Music,United States,Store
12,92.82,2024-05-04,C-54512617,Off-653810,Office,Spain,Store
1,201.11,2025-09-27,C-59241963,Boo-675141,Books,Mexico,Store
2,46.63,2024-10-29,C-03964660,Boo-403396,Books,Sweden,Web
16,48.96,2025-02-01,C-18732299,Mus-109274,Music,Norway,Web
16,80.87,2024-02-13,C-78758323,Aut-320597,Automotive,Japan,App
11,119.69,2022-05-03,C-33414707,Bea-437000,Beauty,United Kingdom,Phone
14,314.14,2022-08-13,C-56155330,Foo-227472,Food,Belgium,Web
19,146.92,2025-01-13,C-01499930,Gar-591922,Garden,United States,Store
11,102.22,2023-02-07,C-23316927,Clo-460102,Clothing,United Kingdom,Social Media
13,392.01,2025-08-17,C-12945345,Hea-259222,Health,Australia,Web
17,122.56,2022-12-13,C-94752604,Fur-951418,Furniture,Sweden,Web
18,196.13,2023-02-02,C-91848903,Spo-026906,Sports,Netherlands,Store
3,300.5,2022-03-09,C-95885847,Clo-814276,Clothing,Germany,Email
18,298.07,2025-03-23,C-00341776,Boo-360013,Books,Brazil,Store
7,213.79,2023-01-17,C-26931360,Ele-334243,Electronics,Norway,App
3,58.47,2025-07-09,C-44394558,Toy-696715,Toys,Switzerland,Store
11,256.84,2023-01-07,C-93594457,Clo-393768,Clothing,Sweden,Store
16,59.83,2022-05-13,C-95405257,Gar-997077,Garden,Spain,Web
8,370.96,2023-04-28,C-69425350,Gar-919779,Garden,France,Social Media
16,318.99,2023-04-09,C-60323692,Fur-066905,Furniture,Germany,Store
6,314.4,2022-08-30,C-92295932,Foo-870927,Food,Portugal,Marketplace
8,280.69,2022-02-28,C-12290630,Gar-121675,Garden,Netherlands,Social Media
14,182.64,2022-11-16,C-14362275,Mus-172837,Music,Austria,Email
5,446.64,2025-02-01,C-75310409,Spo-341960,Sports,Mexico,Marketplace
9,318.36,2025-08-10,C-50560434,Mus-744415,Music,Poland,App
19,433.15,2023-02-21,C-67404415,Toy-794827,Toys,Denmark,Marketplace
10,96.49,2025-06-05,C-89337463,Boo-710863,Books,Netherlands,App
15,164.91,2024-05-23,C-30456182,Tra-902231,Travel,Portugal,Web
1,277.81,2022-07-25,C-27458375,Toy-055026,Toys,Brazil,Web
3,46.36,2025-02-22,C-12247689,Boo-112461,Books,United States,Social Media
2,62.39,2022-08-24,C-96319520,Clo-910523,Clothing,Belgium,Social Media
2,265.15,2025-06-05,C-89601719,Tra-505641,Travel,Switzerland,Email
13,30.95,2025-11-18,C-12247689,Clo-525441,Clothing,Canada,Store
17,445.41,2024-11-12,C-65594419,Fur-628252,Furniture,Sweden,Social Media
3,367.46,2024-08-16,C-72893017,Bea-969345,Beauty,Australia,App
17,151.97,2024-04-17,C-03074311,Off-509897,Office,Brazil,Marketplace
13,44.65,2022-06-02,C-11498981,Hea-279351,Health,Germany,Web
3,20.27,2024-10-31,C-17640864,Tra-597608,Travel,Brazil,Web
8,7.54,2022-06-02,C-86898981,Clo-223840,Clothing,United States,Store
13,298.87,2022-08-23,C-80272452,Tra-539383,Travel,Poland,Phone
8,420.5,2022-05-26,C-56155330,Jew-140803,Jewelry,Portugal,Phone
3,19.9,2023-07-20,C-42970743,Gar-847987,Garden,Australia,Store
18,52.74,2022-10-31,C-14362275,Tra-585405,Travel,Sweden,Social Media
15,297.35,2025-05-22,C-47831975,Boo-679989,Books,Switzerland,Phone
3,304.18,2025-05-19,C-21815651,Bea-776306,Beauty,Brazil,Phone
7,48.05,2022-03-22,C-44394558,Aut-927687,Automotive,Portugal,App
11,208.27,2025-05-04,C-27858217,Clo-241898,Clothing,United Kingdom,Social Media
8,47.32,2022-02-04,C-34194127,Toy-018452,Toys,Switzerland,Web
1,84.98,2025-06-24,C-34187596,Ele-350282,Electronics,Germany,Email
6,272.28,2025-05-11,C-82193345,Mus-414157,Music,Canada,App
8,73.39,2023-10-17,C-03989784,Spo-990104,Sports,Germany,Email
2,384.66,2022-10-06,C-99178431,Mus-802449,Music,Australia,Marketplace
10,427.73,2024-11-10,C-46857022,Boo-289307,Books,Brazil,Email
17,161.69,2025-01-31,C-33971496,Foo-347208,Food,Denmark,App
8,238.34,2024-05-08,C-77186257,Off-857561,Office,Sweden,Store
10,392.02,2023-06-17,C-91258005,Boo-750402,Books,Canada,Phone
17,293.16,2023-09-12,C-88131584,Ele-395470,Electronics,Switzerland,Marketplace
17,322.01,2025-02-06,C-28875386,Toy-522120,Toys,Portugal,Email
9,24.42,2024-09-29,C-04759341,Ele-529590,Electronics,Switzerland,Email
14,304.65,2025-05-11,C-47831844,Jew-818596,Jewelry,Denmark,Email
9,70.99,2023-07-18,C-18732299,Boo-635193,Books,Denmark,Marketplace
10,385.03,2023-09-07,C-44489996,Gar-489598,Garden,Sweden,Phone
12,333.5,2023-12-08,C-66005265,Ele-310718,Electronics,Brazil,Social Media
9,472.95,2022-09-12,C-36312598,Boo-212098,Books,Mexico,Web
16,242.52,2023-02-04,C-34187596,Bea-151686,Beauty,Japan,Marketplace
12,60.67,2022-09-23,C-65793662,Spo-152382,Sports,Italy,Store
4,50.9,2024-01-08,C-14582549,Toy-078091,Toys,Sweden,Store
15,178.0,2022-04-17,C-17474126,Aut-421173,Automotive,Denmark,Marketplace
4,260.45,2024-04-02,C-11172808,Spo-100999,Sports,Germany,Phone
10,150.13,2023-09-10,C-17474126,Toy-934657,Toys,Denmark,Phone
11,343.95,2025-06-27,C-55521351,Gar-694969,Garden,Mexico,Email
13,161.45,2024-03-05,C-88072442,Toy-507355,Toys,Brazil,Marketplace
15,118.54,2025-07-05,C-25814587,Boo-849179,Books,Australia,Email
6,450.43,2023-08-02,C-12025094,Clo-398296,Clothing,United States,Marketplace
4,449.55,2025-12-27,C-02638398,Spo-750597,Sports,Sweden,Phone
8,213.54,2023-06-11,C-43022236,Foo-021743,Food,United Kingdom,Social Media
11,423.49,2024-10-02,C-27853549,Toy-108040,Toys,Poland,Email
8,385.71,2023-12-20,C-55546816,Hea-413759,Health,Italy,Marketplace
5,389.17,2025-07-03,C-38242955,Fur-709684,Furniture,Netherlands,Web
4,423.44,2025-08-09,C-96899874,Jew-876941,Jewelry,Mexico,Store
2,283.76,2025-01-09,C-29004750,Tra-308478,Travel,Canada,Store
5,482.78,2024-09-22,C-05085836,Bea-549135,Beauty,United States,Email
6,34.83,2023-05-27,C-84592199,Fur-801855,Furniture,United Kingdom,Social Media
3,198.53,2024-07-07,C-57391425,Mus-075015,Music,Germany,Store
12,225.22,2023-09-28,C-05085836,Spo-203430,Sports,Switzerland,Email
9,430.74,2022-09-18,C-07680834,Mus-945805,Music,Norway,Marketplace
17,173.67,2023-05-11,C-46238432,Hea-734517,Health,Poland,Marketplace
13,159.08,2023-06-15,C-31491448,Hea-284369,Health,Austria,Marketplace
11,70.44,2025-10-07,C-35169198,Tra-626998,Travel,Sweden,Store
15,54.28,2023-03-24,C-17640864,Hea-508183,Health,Mexico,App
15,84.59,2025-11-23,C-34194127,Jew-341021,Jewelry,France,Web
16,380.74,2024-08-31,C-82193345,Hea-533932,Health,Switzerland,Marketplace
13,278.1,2023-12-10,C-54512617,Gar-460162,Garden,Spain,Web
9,196.43,2024-04-05,C-11133828,Jew-853248,Jewelry,Spain,Marketplace
16,278.56,2022-04-12,C-35700115,Fur-223837,Furniture,United States,Marketplace
9,57.78,2024-01-26,C-73823713,Off-451114,Office,Japan,App
12,221.17,2024-11-24,C-03613300,Gar-260167,Garden,Canada,Phone
3,356.49,2022-02-08,C-58125275,Hea-527002,Health,Switzerland,App
11,394.07,2023-08-13,C-35605602,Spo-287959,Sports,United States,Store
10,174.23,2024-04-22,C-46803455,Foo-020232,Food,Austria,Marketplace
15,407.2,2022-03-30,C-31562395,Spo-912976,Sports,Netherlands,App
19,332.27,2024-07-12,C-35511467,Boo-905638,Books,Portugal,Web
17,460.79,2024-10-05,C-16115109,Tra-462720,Travel,Sweden,Social Media
14,113.25,2023-01-03,C-13268463,Foo-222868,Food,Brazil,Social Media
18,92.59,2022-05-22,C-04202589,Mus-630407,Music,France,Email
10,472.5,2024-04-25,C-31776064,Jew-549398,Jewelry,Brazil,Marketplace
17,231.18,2023-06-30,C-55696698,Tra-519766,Travel,Poland,Store
7,450.76,2024-07-08,C-87914090,Toy-584261,Toys,Japan,Email
4,40.64,2023-04-12,C-99466366,Mus-061046,Music,Australia,Web
17,66.95,2025-09-14,C-17474126,Toy-340678,Toys,Netherlands,Web
1,492.64,2024-05-29,C-48574985,Fur-546366,Furniture,Mexico,Social Media
19,88.31,2022-02-05,C-55631850,Foo-227698,Food,Japan,Social Media
7,15.23,2023-10-22,C-64801937,Mus-798521,Music,Poland,App
1,494.18,2023-03-01,C-43254822,Hea-629876,Health,Mexico,Marketplace
19,364.92,2025-05-20,C-14009990,Off-645559,Office,Sweden,Phone
1,29.77,2024-10-31,C-24193676,Jew-149066,Jewelry,Switzerland,Store
7,75.85,2022-11-04,C-14863834,Bea-417163,Beauty,Mexico,Email
11,342.39,2024-03-13,C-45178159,Jew-046626,Jewelry,Switzerland,Marketplace
14,473.15,2023-03-15,C-02885459,Toy-661356,Toys,Canada,Social Media
8,337.57,2022-09-07,C-65235738,Ele-364672,Electronics,Portugal,Web
15,467.63,2025-01-25,C-95364434,Mus-868754,Music,Denmark,App
6,115.92,2023-10-13,C-47831844,Hea-255729,Health,Mexico,Email
7,279.48,2023-05-28,C-20625702,Foo-735910,Food,United Kingdom,Web
15,455.37,2025-01-20,C-83990482,Tra-961591,Travel,United States,Web
6,196.01,2023-07-19,C-76803278,Jew-128695,Jewelry,Japan,Phone
5,344.58,2022-08-25,C-76605428,Gar-380383,Garden,Mexico,Marketplace
19,295.71,2022-06-11,C-78758323,Foo-413371,Food,Germany,Email
4,169.14,2024-07-16,C-65680713,Jew-772712,Jewelry,France,Store
13,361.8,2025-02-03,C-36207775,Spo-684964,Sports,Netherlands,Marketplace
1,158.75,2023-02-04,C-87914090,Hea-543512,Health,France,App
19,242.17,2024-07-25,C-16276701,Tra-503999,Travel,Mexico,Store
6,6.54,2023-11-01,C-59637217,Fur-528568,Furniture,Norway,Email
16,218.92,2024-06-19,C-18244574,Bea-994646,Beauty,Germany,Email
8,31.39,2022-07-19,C-06670976,Boo-853757,Books,Belgium,Store
9,404.59,2024-04-26,C-04131834,Jew-240848,Jewelry,Spain,Store
1,406.63,2025-05-10,C-08085231,Foo-693992,Food,Norway,Social Media
19,23.11,2024-11-28,C-50560434,Hea-278307,Health,France,Social Media
2,223.79,2023-05-23,C-55631850,Off-281018,Office,United States,Social Media
3,221.45,2023-04-08,C-45237494,Spo-582629,Sports,Italy,Store
12,275.44,2023-05-16,C-77772036,Fur-019408,Furniture,Sweden,Web
17,158.91,2024-08-22,C-20625702,Ele-864187,Electronics,Portugal,Phone
8,32.63,2023-06-02,C-82193345,Hea-599102,Health,Spain,Email
15,320.54,2024-04-16,C-12945345,Gar-209899,Garden,Netherlands,Web
15,455.83,2022-08-03,C-66540515,Clo-972223,Clothing,Australia,App
15,365.25,2023-07-10,C-29680788,Ele-746720,Electronics,Japan,Marketplace
6,150.02,2024-11-23,C-79851234,Tra-176898,Travel,Brazil,Phone
7,494.98,2022-03-12,C-12945345,Spo-967245,Sports,Portugal,Web
3,149.72,2024-08-27,C-52687437,Bea-228325,Beauty,United Kingdom,Social Media
14,477.72,2025-11-18,C-22579567,Ele-236658,Electronics,Norway,Phone
18,317.96,2024-10-12,C-28481406,Off-228129,Office,Austria,Social Media
2,489.07,2025-11-21,C-09095261,Toy-250373,Toys,Norway,Web
2,432.54,2025-02-13,C-60323692,Clo-537301,Clothing,Switzerland,Phone
6,94.14,2023-11-19,C-55597799,Foo-450456,Food,Poland,Web
10,236.93,2025-09-16,C-22579567,Off-157855,Office,Portugal,App
4,74.51,2024-11-19,C-26931360,Bea-950313,Beauty,Japan,Marketplace
8,34.45,2023-04-23,C-33477060,Boo-837041,Books,Austria,Email
16,353.82,2024-05-02,C-14989806,Ele-762669,Electronics,Germany,Phone
7,133.36,2024-09-13,C-28506804,Spo-066589,Sports,Norway,Store
5,408.43,2022-02-25,C-46857022,Toy-280091,Toys,Austria,Social Media
16,163.78,2023-08-26,C-11498981,Tra-920133,Travel,France,Email
13,311.28,2023-10-27,C-76270600,Bea-479726,Beauty,Australia,Social Media
3,178.49,2024-09-24,C-61223304,Mus-553170,Music,France,Marketplace
6,24.54,2022-02-14,C-48888222,Jew-431357,Jewelry,Sweden,Marketplace
12,105.38,2022-11-19,C-33648030,Boo-070337,Books,Netherlands,Phone
9,11.33,2022-11-17,C-45189196,Mus-877527,Music,Australia,Web
9,447.2,2022-07-27,C-44394558,Jew-434055,Jewelry,Sweden,Store
2,329.07,2024-11-01,C-37619890,Toy-810731,Toys,Spain,Marketplace
11,263.94,2023-08-03,C-29230901,Spo-772107,Sports,Mexico,Email
7,449.9,2023-09-07,C-86898981,Jew-374105,Jewelry,Spain,App
10,348.57,2024-10-14,C-66005265,Bea-785153,Beauty,Sweden,Email
18,203.22,2022-03-18,C-16552411,Hea-543225,Health,Poland,Web
14,437.14,2022-09-17,C-60323692,Spo-718027,Sports,Norway,App
18,319.15,2022-09-10,C-64933370,Toy-997256,Toys,Australia,Social Media
3,461.42,2024-05-17,C-14009990,Spo-613956,Sports,Sweden,Phone
8,199.07,2025-07-30,C-27728798,Aut-034215,Automotive,Netherlands,Email
14,481.82,2022-05-22,C-44131482,Clo-263411,Clothing,Germany,Marketplace
3,179.05,2025-01-17,C-51073307,Mus-433123,Music,Canada,Email
6,302.66,2023-02-12,C-04082137,Off-641362,Office,Brazil,App
5,317.94,2024-08-09,C-85441923,Gar-026894,Garden,Portugal,Social Media
11,51.22,2024-07-23,C-34194127,Jew-908279,Jewelry,Belgium,Marketplace
14,431.7,2022-03-17,C-14582549,Jew-435779,Jewelry,United Kingdom,Store
4,214.64,2023-07-12,C-02890690,Off-685377,Office,Germany,Email
14,417.83,2022-10-09,C-54527481,Hea-322598,Health,Mexico,Social Media
12,348.09,2024-12-23,C-83896442,Bea-250999,Beauty,Germany,Email
3,362.06,2023-09-30,C-83940354,Aut-814985,Automotive,United States,Store
9,393.5,2025-02-09,C-64967803,Jew-105300,Jewelry,Canada,Marketplace
14,308.51,2025-12-18,C-33389851,Off-658904,Office,Mexico,Marketplace
19,379.81,2025-03-19,C-38567964,Mus-922038,Music,Australia,Social Media
1,160.65,2023-01-04,C-96319520,Mus-874491,Music,Canada,Store
6,224.92,2022-12-28,C-59804289,Tra-705195,Travel,United States,Marketplace
13,392.51,2024-07-26,C-22579567,Ele-613872,Electronics,Belgium,App
1,10.8,2022-05-27,C-56155330,Hea-220211,Health,Norway,Marketplace
10,455.52,2022-09-09,C-96295925,Gar-203683,Garden,Netherlands,Social Media
14,374.35,2022-08-23,C-28663874,Foo-024618,Food,Germany,Web
13,267.07,2022-05-16,C-81261231,Jew-160406,Jewelry,Mexico,Web
13,271.8,2023-05-03,C-67404415,Toy-688879,Toys,Denmark,App
10,104.27,2024-08-09,C-92010806,Aut-243732,Automotive,Sweden,Social Media
17,20.32,2025-10-14,C-14582549,Jew-901115,Jewelry,Brazil,Store
12,31.76,2024-04-10,C-76264318,Boo-487516,Books,United States,Social Media
17,285.57,2025-02-17,C-34187596,Ele-990493,Electronics,Germany,Phone
10,379.59,2025-09-23,C-36104271,Off-906658,Office,Canada,Store
10,317.34,2023-08-06,C-47831975,Toy-139237,Toys,Italy,Store
10,117.05,2023-08-08,C-36941673,Hea-025225,Health,United Kingdom,Social Media
4,23.55,2025-06-08,C-28523979,Boo-054040,Books,France,Store
1,429.89,2025-07-31,C-42970743,Bea-789710,Beauty,Canada,Email
11,24.25,2024-01-19,C-61453651,Aut-528884,Automotive,Netherlands,Social Media
13,194.54,2025-05-09,C-76764761,Toy-567845,Toys,Poland,App
9,249.91,2022-03-29,C-14989806,Aut-640517,Automotive,Mexico,Web
13,226.7,2025-01-11,C-35863083,Ele-251784,Electronics,Canada,Web
9,136.52,2022-04-13,C-58593771,Spo-236907,Sports,Australia,Social Media
8,221.35,2024-01-08,C-89101666,Clo-220345,Clothing,Germany,Store
11,298.34,2023-09-18,C-59241963,Bea-713544,Beauty,Australia,Phone
12,147.71,2025-02-25,C-31491448,Tra-637702,Travel,Poland,Web
4,164.3,2025-06-10,C-15619280,Spo-690789,Sports,Japan,App
5,100.74,2022-01-25,C-31562395,Toy-317830,Toys,Australia,Phone
17,272.17,2024-11-11,C-12290630,Off-991758,Office,Switzerland,Email
5,236.78,2023-12-18,C-93179907,Off-435381,Office,Switzerland,Social Media
9,131.92,2022-04-17,C-28481406,Bea-240960,Beauty,Germany,Marketplace
3,233.1,2023-07-28,C-39312362,Tra-091338,Travel,Austria,Marketplace
13,89.59,2023-07-07,C-12025094,Clo-328645,Clothing,Japan,App
16,345.36,2022-01-07,C-82983097,Gar-797911,Garden,Belgium,Web
7,59.97,2022-01-22,C-76399890,Toy-207513,Toys,Belgium,Social Media
9,325.4,2025-01-23,C-97457004,Clo-035596,Clothing,United Kingdom,Store
10,99.31,2023-10-14,C-95950020,Off-078361,Office,Australia,Web
1,319.43,2025-03-17,C-04759341,Fur-965217,Furniture,Italy,Marketplace
18,352.52,2022-05-28,C-81261231,Fur-361831,Furniture,Spain,Store
13,87.87,2022-03-04,C-04857421,Aut-146013,Automotive,Sweden,Web
10,371.0,2023-01-10,C-95897450,Mus-924012,Music,Germany,App
3,317.09,2025-12-28,C-28481406,Mus-206024,Music,United States,App
17,419.53,2024-06-09,C-72966724,Aut-592718,Automotive,Italy,Social Media
17,212.41,2024-06-09,C-96319520,Bea-454075,Beauty,Canada,Marketplace
5,334.66,2025-02-27,C-58207115,Jew-449011,Jewelry,United Kingdom,Social Media
10,145.52,2024-12-11,C-60259140,Foo-288540,Food,United Kingdom,Web
3,391.01,2023-09-01,C-99882419,Foo-685212,Food,Belgium,App
13,157.37,2024-08-10,C-03929539,Mus-160260,Music,Canada,Social Media
16,487.49,2024-11-12,C-49373053,Gar-353094,Garden,Sweden,Email
18,451.64,2025-10-12,C-83940354,Gar-133888,Garden,Australia,Social Media
12,225.58,2025-06-14,C-79632009,Clo-027141,Clothing,Portugal,Phone
14,346.04,2022-06-24,C-78758323,Off-964155,Office,Austria,Phone
1,255.41,2025-09-12,C-71354562,Mus-085121,Music,Germany,App
11,14.97,2024-12-06,C-52165873,Jew-566241,Jewelry,Austria,Web
6,347.98,2024-03-03,C-36312598,Mus-613513,Music,Belgium,App
12,159.74,2023-03-07,C-68110109,Off-428555,Office,France,Email
16,408.12,2023-07-23,C-24874629,Off-365796,Office,Switzerland,App
3,295.48,2024-12-04,C-82983097,Jew-988646,Jewelry,Spain,App
17,449.74,2023-08-14,C-43320541,Boo-964705,Books,Japan,Store
3,258.69,2025-03-28,C-98578568,Bea-378086,Beauty,Spain,Phone
14,317.78,2023-02-19,C-64801937,Hea-797823,Health,Netherlands,Web
16,480.37,2022-08-03,C-92010806,Tra-009408,Travel,Brazil,Phone
8,192.4,2024-11-23,C-43344687,Hea-277328,Health,Switzerland,Social Media
16,447.31,2022-02-16,C-04655309,Gar-178507,Garden,United States,Marketplace
13,165.69,2022-05-12,C-24232452,Jew-507777,Jewelry,Japan,App
5,342.41,2023-08-13,C-61635242,Aut-776920,Automotive,Netherlands,App
16,433.25,2024-02-13,C-44777025,Fur-337850,Furniture,Australia,Phone
4,390.07,2025-01-13,C-03613300,Gar-021108,Garden,Italy,Marketplace
10,436.73,2024-12-01,C-01499930,Foo-507303,Food,Netherlands,Phone
1,363.81,2023-05-20,C-54942359,Off-018203,Office,Netherlands,Phone
19,373.49,2022-02-02,C-27458375,Ele-157241,Electronics,Germany,Social Media
19,490.53,2022-01-24,C-51510185,Foo-657599,Food,Mexico,Web
17,145.27,2022-12-02,C-02638398,Ele-574332,Electronics,Sweden,Email
17,187.15,2024-01-09,C-95370570,Boo-030993,Books,Sweden,Email
12,497.33,2025-11-10,C-67404415,Foo-336200,Food,Portugal,Store
17,38.59,2024-12-23,C-33067849,Gar-228786,Garden,Japan,Phone
3,193.78,2022-08-08,C-89665842,Jew-240431,Jewelry,Poland,Marketplace
6,204.45,2022-10-21,C-11985335,Spo-718765,Sports,Portugal,Social Media
12,142.69,2025-08-10,C-57391425,Boo-403666,Books,Austria,Phone
7,82.82,2025-08-05,C-88072442,Ele-464652,Electronics,Canada,Marketplace
17,282.83,2023-03-07,C-10628881,Bea-327330,Beauty,Canada,Marketplace
5,34.05,2025-02-25,C-83984056,Gar-741051,Garden,Australia,Store
19,431.87,2022-12-17,C-44131482,Fur-030723,Furniture,Germany,Marketplace
7,453.57,2025-01-20,C-33067849,Off-191856,Office,Mexico,Web
19,266.64,2024-01-07,C-10382808,Jew-365708,Jewelry,United States,Marketplace
17,435.51,2024-05-05,C-66005265,Gar-333705,Garden,United Kingdom,Store
5,71.46,2023-07-20,C-85555041,Fur-238213,Furniture,Australia,Store
15,250.85,2024-03-07,C-96319520,Foo-879529,Food,Switzerland,Store
5,175.06,2024-12-17,C-59473796,Off-760342,Office,United Kingdom,Marketplace
2,72.12,2025-09-27,C-28523979,Toy-526089,Toys,Italy,Store
5,314.72,2023-09-26,C-93819002,Mus-104063,Music,Italy,Store
1,196.32,2024-04-19,C-30556313,Clo-927048,Clothing,United States,Web
6,257.03,2024-12-24,C-69358962,Hea-555577,Health,Mexico,Web
19,211.22,2025-06-11,C-40066424,Foo-564459,Food,Portugal,Marketplace
11,388.56,2024-10-20,C-66005265,Ele-906753,Electronics,Belgium,App
17,41.04,2025-02-27,C-28506804,Boo-685174,Books,Sweden,Web
5,79.63,2025-08-20,C-36941673,Boo-964916,Books,Mexico,Email
15,385.71,2023-12-16,C-23912425,Tra-227752,Travel,Switzerland,Phone
10,141.47,2025-08-15,C-42531372,Fur-345059,Furniture,Canada,Store
19,162.77,2025-02-06,C-43344687,Aut-433351,Automotive,Poland,Marketplace
14,284.06,2023-03-06,C-99951237,Bea-559517,Beauty,United States,Email
15,332.58,2025-08-05,C-97457004,Clo-951984,Clothing,Australia,Email
1,127.86,2023-02-23,C-69358962,Ele-093014,Electronics,Italy,App
9,93.05,2024-10-04,C-26183976,Gar-734938,Garden,Mexico,App
16,269.4,2023-05-23,C-94752604,Ele-249928,Electronics,Japan,Social Media
10,63.2,2024-12-20,C-84592199,Aut-810120,Automotive,Japan,Store
1,230.3,2022-12-31,C-01495378,Foo-148706,Food,Japan,Web
11,217.72,2022-05-23,C-89047975,Boo-483804,Books,Netherlands,App
11,194.42,2022-05-27,C-09537008,Mus-832326,Music,Poland,Social Media
2,253.75,2024-01-07,C-34187596,Aut-954283,Automotive,France,Email
18,157.1,2022-09-07,C-72026020,Aut-617025,Automotive,Denmark,Email
12,356.28,2025-06-09,C-55546816,Fur-248227,Furniture,Japan,Email
10,393.58,2025-12-22,C-57442109,Fur-360907,Furniture,Switzerland,Email
6,401.16,2023-07-15,C-64933370,Bea-609912,Beauty,United States,Web
15,37.68,2024-03-31,C-03989784,Bea-850498,Beauty,Poland,Phone
4,499.8,2024-05-18,C-86887776,Boo-238630,Books,Denmark,Store
6,116.99,2022-12-03,C-06140306,Fur-483154,Furniture,Netherlands,Web
16,254.13,2025-02-24,C-11133828,Clo-186284,Clothing,France,App
16,82.26,2025-06-06,C-59241963,Aut-478430,Automotive,Denmark,App
5,11.36,2024-09-26,C-48574985,Ele-586763,Electronics,France,Web
11,25.6,2023-03-26,C-40066424,Gar-185259,Garden,Spain,Social Media
10,30.92,2024-01-14,C-68110109,Gar-948130,Garden,Norway,Email
13,426.73,2024-12-06,C-17474126,Toy-552068,Toys,Switzerland,Email
16,469.63,2022-07-09,C-61223304,Fur-456704,Furniture,France,Store
6,431.81,2024-04-02,C-48574985,Mus-279645,Music,Netherlands,Store
9,252.31,2022-08-04,C-75310409,Toy-603013,Toys,Austria,Phone
16,397.74,2025-07-23,C-87914090,Hea-808598,Health,Netherlands,Phone
17,278.95,2024-09-10,C-47831844,Mus-259742,Music,Germany,Social Media
1,388.33,2023-07-26,C-17115537,Clo-889385,Clothing,Norway,Store
11,26.79,2024-09-20,C-87914090,Fur-138779,Furniture,Austria,Store
12,173.1,2024-11-06,C-23489168,Ele-904631,Electronics,Portugal,Phone
7,183.55,2022-11-04,C-15619280,Bea-530705,Beauty,Italy,Social Media
6,170.92,2023-02-19,C-43022236,Fur-499751,Furniture,Switzerland,Store
4,275.94,2024-03-15,C-34187596,Gar-372482,Garden,Portugal,Web
19,224.73,2023-11-15,C-43254822,Clo-187573,Clothing,Belgium,Web
17,239.37,2025-08-20,C-31491448,Toy-448123,Toys,Belgium,Social Media
7,241.49,2023-03-29,C-18732299,Aut-215428,Automotive,France,Social Media
10,72.87,2022-03-06,C-73823713,Mus-386011,Music,United States,Web
12,162.55,2024-04-19,C-34756280,Foo-914917,Food,Portugal,Email
9,259.05,2024-02-21,C-46238432,Off-943686,Office,Germany,App
17,389.45,2023-06-27,C-05163875,Ele-904662,Electronics,Denmark,App
1,486.27,2023-03-05,C-00341776,Spo-456998,Sports,Spain,Marketplace
7,241.9,2023-07-23,C-28481406,Hea-544437,Health,Austria,Email
18,90.22,2025-07-02,C-82983097,Mus-253461,Music,Poland,App
5,29.37,2025-06-29,C-13247287,Off-392203,Office,Brazil,Social Media
9,196.89,2023-06-04,C-58631788,Aut-701741,Automotive,Brazil,Social Media
4,133.37,2025-05-07,C-76319842,Boo-943431,Books,Brazil,App
9,372.7,2022-07-29,C-27853549,Off-222919,Office,Italy,App
16,294.38,2022-07-09,C-92010806,Clo-421828,Clothing,Switzerland,Web
1,88.96,2022-04-22,C-25479673,Foo-689275,Food,Australia,Social Media
14,386.23,2024-08-01,C-79109200,Foo-992652,Food,France,Web
14,72.7,2023-10-04,C-18110411,Hea-319401,Health,Italy,Social Media
18,48.87,2022-12-08,C-14989806,Off-069094,Office,Sweden,Web
12,406.32,2023-10-30,C-40816416,Jew-999687,Jewelry,Spain,Web
16,234.0,2022-06-22,C-24874629,Aut-128213,Automotive,Mexico,Web
12,463.59,2025-12-24,C-83069633,Fur-222899,Furniture,Italy,Phone
19,233.76,2024-12-25,C-99466366,Boo-257616,Books,Portugal,Marketplace
1,142.39,2024-09-20,C-34194127,Mus-116110,Music,Switzerland,Store
9,235.49,2024-07-05,C-32186206,Gar-599543,Garden,Canada,Phone
4,114.23,2022-11-23,C-28616400,Jew-622942,Jewelry,Spain,Phone
14,130.26,2025-08-15,C-96638930,Spo-514248,Sports,Portugal,Marketplace
9,375.6,2022-05-19,C-94561312,Gar-060367,Garden,United Kingdom,Email
6,36.81,2023-01-23,C-48248138,Gar-533715,Garden,Germany,Store
15,188.72,2024-07-03,C-69654804,Jew-942560,Jewelry,Netherlands,Phone
17,298.93,2025-11-18,C-71666979,Hea-002680,Health,Japan,Social Media
10,22.66,2023-12-06,C-61648314,Bea-334199,Beauty,Italy,Store
9,177.7,2024-08-13,C-88764007,Off-992458,Office,Canada,Marketplace
14,114.24,2023-07-24,C-71354562,Hea-250640,Health,United States,App
11,185.86,2025-12-14,C-77772036,Boo-586542,Books,United States,Phone
3,22.23,2024-11-15,C-52165873,Bea-696888,Beauty,Japan,App
9,32.18,2023-10-09,C-03797010,Tra-031423,Travel,United States,Marketplace
19,106.55,2024-07-18,C-21964351,Boo-167264,Books,Portugal,App
15,315.97,2023-03-01,C-15619280,Aut-730049,Automotive,Spain,Web
3,476.6,2022-04-06,C-85270860,Jew-889897,Jewelry,France,Store
11,470.24,2025-12-22,C-89619648,Boo-936173,Books,Brazil,Marketplace
13,219.61,2025-09-04,C-53923828,Tra-112963,Travel,Japan,Email
18,191.52,2022-07-26,C-40759502,Aut-862094,Automotive,Denmark,Phone
19,373.42,2024-01-31,C-77990744,Tra-357327,Travel,Netherlands,Email
8,47.95,2024-09-18,C-88764007,Clo-562623,Clothing,Denmark,Email
2,136.58,2022-10-13,C-34756280,Ele-094963,Electronics,Brazil,App
11,261.8,2024-07-24,C-69752771,Spo-531789,Sports,Austria,Marketplace
8,482.4,2025-09-02,C-46803455,Boo-983318,Books,Poland,Store
7,375.95,2024-10-14,C-85780309,Mus-023597,Music,Denmark,Marketplace
6,312.29,2025-01-13,C-44034970,Spo-268517,Sports,Austria,Store
9,457.78,2025-01-26,C-20625702,Mus-540663,Music,Poland,Email
18,277.07,2025-10-03,C-86674277,Toy-832036,Toys,Sweden,Social Media
5,386.2,2025-01-18,C-95950020,Bea-434564,Beauty,Brazil,Social Media
4,290.17,2025-07-28,C-66005265,Gar-597650,Garden,Mexico,Email
17,326.53,2023-07-26,C-16276701,Spo-395372,Sports,Brazil,Web
2,354.57,2023-10-23,C-85441923,Boo-786158,Books,Portugal,Web
12,419.17,2023-03-02,C-65594419,Aut-101762,Automotive,Sweden,Email
2,429.12,2022-09-05,C-33067849,Gar-630013,Garden,Austria,Email
1,394.95,2023-04-21,C-83896442,Foo-096199,Food,Spain,Web
14,144.16,2025-01-21,C-27853549,Toy-764932,Toys,Germany,Phone
15,214.31,2025-01-04,C-99951237,Toy-761483,Toys,Japan,Marketplace
1,51.33,2022-09-28,C-82983097,Gar-087128,Garden,Netherlands,Store
1,138.38,2022-09-25,C-35991775,Clo-430960,Clothing,Germany,Phone
6,57.13,2024-06-19,C-31733702,Bea-223499,Beauty,Norway,Email
17,422.69,2022-05-16,C-37282969,Jew-208096,Jewelry,Brazil,App
5,292.4,2025-11-08,C-37282969,Gar-548518,Garden,Austria,Marketplace
6,487.79,2024-03-29,C-60323692,Bea-669623,Beauty,Canada,Store
13,75.81,2024-01-04,C-42531372,Tra-932912,Travel,Sweden,Social Media
12,144.97,2025-10-20,C-28506804,Hea-182755,Health,Belgium,Social Media
17,284.08,2022-12-16,C-13192293,Foo-307628,Food,Japan,Social Media
15,452.27,2025-07-15,C-04857421,Tra-442388,Travel,Norway,Web
12,368.32,2022-11-08,C-12945345,Boo-119575,Books,Japan,Phone
5,422.58,2025-01-18,C-53923828,Bea-816060,Beauty,Switzerland,Phone
5,355.63,2024-01-22,C-46857022,Bea-201184,Beauty,Netherlands,Web
2,318.45,2022-10-06,C-61648314,Aut-716822,Automotive,Denmark,Email
9,344.07,2024-03-18,C-94779946,Bea-343547,Beauty,Poland,Store
6,25.17,2023-01-10,C-04759341,Jew-172600,Jewelry,Australia,Phone
10,178.63,2023-09-10,C-27206525,Aut-975492,Automotive,Netherlands,Web
9,21.24,2024-11-03,C-37282969,Fur-145751,Furniture,Portugal,Email
11,77.74,2022-06-29,C-37619890,Boo-481965,Books,Sweden,Social Media
2,27.01,2025-04-05,C-58631788,Toy-515448,Toys,Poland,Marketplace
8,393.74,2023-10-25,C-23912425,Mus-158028,Music,Portugal,Phone
8,75.05,2023-03-21,C-45237494,Tra-704828,Travel,United States,Web
4,98.79,2024-09-06,C-78924248,Bea-604760,Beauty,Norway,Marketplace
7,103.04,2025-09-08,C-88072442,Jew-050570,Jewelry,Norway,Web
9,14.72,2022-03-06,C-12376621,Hea-726763,Health,France,Phone
5,228.42,2023-02-16,C-25764795,Boo-921450,Books,Japan,Marketplace
14,325.39,2024-02-01,C-60323692,Hea-064820,Health,Netherlands,Web
13,455.81,2023-03-31,C-78669599,Ele-027640,Electronics,Germany,Email
4,107.04,2024-05-11,C-46779506,Toy-597892,Toys,Poland,App
10,456.98,2023-05-22,C-93594457,Bea-505348,Beauty,Canada,Email
12,90.93,2024-07-05,C-31491448,Off-910489,Office,Canada,Email
10,294.65,2024-01-05,C-74765923,Toy-825624,Toys,Norway,Marketplace
18,355.25,2022-01-25,C-25814587,Boo-786268,Books,United Kingdom,Marketplace
17,16.46,2025-01-10,C-42970743,Clo-817125,Clothing,United Kingdom,Phone
17,80.05,2022-12-02,C-86674277,Foo-848653,Food,Japan,App
8,296.28,2024-12-28,C-43022236,Off-530667,Office,France,Web
10,141.74,2022-02-17,C-50907432,Toy-580148,Toys,United States,Marketplace
12,493.37,2024-04-06,C-38384646,Boo-978565,Books,Australia,Phone
8,266.88,2022-06-11,C-27858217,Jew-160805,Jewelry,Denmark,Web
14,230.75,2025-08-27,C-73823713,Bea-263053,Beauty,Belgium,Web
18,130.69,2023-06-23,C-25746750,Ele-358172,Electronics,France,Phone
18,33.25,2022-12-15,C-32024053,Bea-954383,Beauty,Switzerland,Marketplace
11,400.24,2022-07-22,C-92295932,Hea-039288,Health,United Kingdom,Social Media
2,69.18,2024-01-23,C-35169198,Aut-310429,Automotive,France,Email
11,495.31,2022-07-06,C-41080844,Fur-469847,Furniture,Mexico,Marketplace
14,218.53,2025-07-08,C-31733702,Toy-751793,Toys,Denmark,Marketplace
3,58.84,2022-09-24,C-79632009,Mus-029315,Music,United States,Email
16,175.53,2024-11-23,C-85947324,Jew-612533,Jewelry,Austria,Email
9,16.54,2023-11-26,C-01878061,Clo-897539,Clothing,Spain,Marketplace
18,198.35,2025-03-02,C-30786627,Ele-598813,Electronics,Canada,Email
6,459.17,2023-01-04,C-21047218,Spo-445332,Sports,Italy,Email
15,343.8,2022-03-01,C-61295722,Tra-373537,Travel,Spain,App
1,230.08,2023-09-23,C-51790735,Bea-488686,Beauty,Spain,Web
8,405.26,2024-09-06,C-55696698,Mus-676276,Music,United Kingdom,Social Media
13,381.79,2023-12-01,C-76932090,Mus-381953,Music,Belgium,Social Media
9,343.91,2022-08-04,C-40066424,Hea-063679,Health,Italy,Email
14,194.49,2024-07-15,C-96295925,Hea-493397,Health,Norway,Web
14,281.5,2024-04-21,C-37619890,Ele-417835,Electronics,Spain,Marketplace
5,189.89,2025-10-31,C-33067849,Boo-218537,Books,Switzerland,Email
15,66.49,2022-11-01,C-24254708,Boo-429360,Books,Poland,Marketplace
1,444.25,2025-03-03,C-69814469,Gar-435864,Garden,Denmark,Store
4,475.13,2025-12-19,C-28481406,Foo-369984,Food,Sweden,Social Media
3,209.46,2025-01-31,C-09095261,Mus-727419,Music,United States,Marketplace
15,459.8,2025-01-27,C-36312598,Spo-525794,Sports,Germany,Social Media
16,431.43,2023-12-06,C-00716732,Clo-501403,Clothing,Belgium,Email
10,490.89,2025-08-09,C-94561312,Clo-097778,Clothing,United Kingdom,Web
15,385.95,2024-12-20,C-35700115,Mus-557765,Music,Canada,Email
18,408.12,2023-12-10,C-73659733,Spo-944205,Sports,Mexico,Social Media
9,24.47,2022-04-08,C-44034970,Foo-364403,Food,Netherlands,Web
6,36.16,2024-10-23,C-58631788,Clo-687661,Clothing,Mexico,Social Media
19,229.27,2023-08-15,C-14989806,Toy-126679,Toys,Denmark,Store
19,217.41,2023-10-09,C-96899874,Clo-008311,Clothing,Sweden,Web
8,198.5,2025-05-01,C-99178431,Ele-526829,Electronics,United Kingdom,Marketplace
10,14.44,2024-11-27,C-68110109,Spo-070258,Sports,Canada,Web
13,82.21,2022-03-18,C-75310409,Boo-620131,Books,United Kingdom,Store
17,135.83,2024-04-25,C-66918517,Clo-352364,Clothing,Japan,Email
2,476.98,2023-09-17,C-73352991,Tra-459282,Travel,United Kingdom,Social Media
11,95.3,2022-09-26,C-27858217,Hea-244952,Health,Austria,App
15,452.22,2025-03-24,C-64105322,Foo-664340,Food,Japan,Phone
2,340.7,2023-02-27,C-64838435,Off-024079,Office,Switzerland,App
14,46.0,2023-06-02,C-99178431,Mus-211989,Music,Norway,Phone
4,135.85,2023-02-15,C-26183976,Mus-199193,Music,Denmark,Web
12,381.71,2022-05-16,C-69814469,Clo-330374,Clothing,Australia,Web
10,47.13,2024-07-22,C-73823713,Tra-720786,Travel,Norway,Email
14,59.72,2025-05-01,C-54087604,Spo-959173,Sports,United States,App
19,489.25,2025-08-02,C-11498981,Aut-095269,Automotive,United Kingdom,App
9,72.58,2024-12-13,C-84592199,Foo-729428,Food,Portugal,App
3,37.3,2025-04-23,C-44214705,Clo-844936,Clothing,Sweden,Marketplace
6,302.48,2023-08-06,C-57589671,Clo-899207,Clothing,Spain,Phone
18,137.53,2023-05-01,C-14863834,Foo-864458,Food,Spain,App
10,241.94,2025-04-19,C-48219660,Foo-528655,Food,Mexico,Web
12,284.66,2022-10-05,C-59357876,Bea-696140,Beauty,Switzerland,App
9,18.09,2023-02-26,C-60708577,Gar-126722,Garden,Germany,Marketplace
15,60.23,2023-09-26,C-14582549,Off-968323,Office,Brazil,Store
9,326.96,2023-07-22,C-89337463,Foo-203679,Food,Spain,Email
12,164.4,2024-03-05,C-91258005,Bea-411819,Beauty,Canada,Web
16,328.51,2025-05-10,C-31733702,Toy-700511,Toys,Italy,Marketplace
10,471.32,2025-07-21,C-08084208,Toy-705285,Toys,United Kingdom,Store
17,41.86,2025-01-24,C-99725234,Bea-865994,Beauty,Spain,App
3,310.51,2024-02-13,C-88904378,Foo-764373,Food,United States,Email
8,465.6,2024-12-16,C-51510185,Off-258428,Office,Netherlands,Marketplace
18,155.89,2023-06-05,C-37620194,Ele-239123,Electronics,United States,App
1,11.16,2025-12-28,C-77186257,Off-570780,Office,Australia,Phone
11,94.94,2025-04-04,C-92601313,Toy-013952,Toys,Japan,Phone
4,216.07,2023-07-30,C-83525743,Tra-400786,Travel,United Kingdom,Social Media
14,345.62,2023-08-24,C-96899874,Spo-329242,Sports,Japan,Social Media
4,216.21,2025-01-05,C-77186257,Hea-169708,Health,Switzerland,Web
4,159.43,2024-01-28,C-35605602,Ele-968166,Electronics,Switzerland,Social Media
8,447.42,2022-12-17,C-52729045,Spo-521605,Sports,Mexico,App
10,208.81,2022-01-05,C-90940416,Gar-461030,Garden,Japan,Social Media
19,315.84,2022-04-19,C-85460227,Boo-574100,Books,Norway,Phone
19,226.72,2023-10-13,C-79632009,Gar-558551,Garden,Sweden,Web
13,276.48,2025-08-04,C-07706214,Toy-997642,Toys,Mexico,Phone
7,140.68,2023-02-07,C-20120738,Toy-357856,Toys,United States,Store
12,466.19,2023-10-03,C-97457004,Spo-597302,Sports,Mexico,Web
7,356.96,2025-03-10,C-99882419,Gar-638520,Garden,Brazil,Web
18,359.34,2025-09-28,C-54527481,Jew-673162,Jewelry,Sweden,Web
9,408.51,2025-05-30,C-94779946,Jew-565389,Jewelry,Poland,Store
18,218.92,2023-11-05,C-69654804,Aut-063256,Automotive,Austria,Email
16,51.22,2022-07-14,C-52729045,Jew-448301,Jewelry,Brazil,Web
14,105.46,2024-11-02,C-80730111,Aut-455673,Automotive,France,Web
15,33.48,2022-03-09,C-23489168,Spo-363418,Sports,Japan,Email
11,103.76,2022-06-26,C-78924248,Spo-326621,Sports,Portugal,Marketplace
6,59.0,2023-08-18,C-28506804,Spo-320115,Sports,Denmark,App
19,241.77,2025-11-13,C-61635242,Ele-907302,Electronics,Portugal,Store
12,351.36,2023-03-02,C-64933370,Foo-808962,Food,Denmark,Store
1,250.84,2022-05-26,C-32487120,Tra-725698,Travel,Switzerland,App
11,347.0,2023-07-05,C-13247287,Mus-099563,Music,Belgium,Marketplace
3,69.64,2022-02-21,C-95364434,Toy-238891,Toys,Austria,Phone
1,433.5,2024-05-20,C-04759341,Bea-431425,Beauty,Italy,Marketplace
1,266.39,2022-06-25,C-31776064,Toy-920492,Toys,Brazil,App
11,23.38,2023-06-17,C-34043398,Toy-889511,Toys,France,Social Media
15,475.04,2025-09-27,C-96638930,Gar-291213,Garden,United States,App
13,214.39,2023-10-02,C-61453651,Bea-681506,Beauty,Netherlands,App
7,361.15,2023-05-01,C-86793558,Spo-070327,Sports,Netherlands,Social Media
17,56.39,2024-08-27,C-81260270,Foo-188794,Food,Sweden,App
4,342.5,2024-02-10,C-51214215,Spo-443170,Sports,Germany,Store
12,351.51,2022-01-16,C-80434627,Toy-609633,Toys,Germany,Social Media
6,160.58,2022-04-10,C-45189196,Mus-520395,Music,Poland,Phone
15,325.38,2023-06-15,C-44259536,Off-422196,Office,Denmark,Web
9,432.27,2022-03-03,C-97457004,Jew-519124,Jewelry,Poland,App
3,478.73,2022-08-10,C-15619280,Aut-728679,Automotive,Norway,Email
14,438.56,2022-08-17,C-12564518,Gar-229476,Garden,Norway,Social Media
7,71.39,2024-10-14,C-57442109,Clo-742655,Clothing,Poland,Marketplace
16,124.14,2022-03-04,C-63261242,Bea-082795,Beauty,Mexico,Marketplace
10,13.02,2025-01-02,C-71679333,Toy-818344,Toys,Poland,Social Media
12,342.62,2024-01-27,C-55264133,Ele-616731,Electronics,United Kingdom,Store
4,174.41,2024-05-01,C-21493738,Fur-211881,Furniture,Brazil,Marketplace
14,38.4,2024-07-30,C-67404415,Tra-058321,Travel,Netherlands,Email
9,158.79,2024-08-16,C-29230901,Jew-748886,Jewelry,Switzerland,Store
13,329.99,2022-04-09,C-54942359,Off-418081,Office,France,Phone
6,26.29,2023-04-02,C-69358962,Hea-641558,Health,Netherlands,Marketplace
1,178.31,2023-10-21,C-61635242,Spo-768918,Sports,Norway,Marketplace
3,49.65,2025-08-10,C-11177777,Tra-945314,Travel,Canada,Marketplace
18,351.74,2025-10-13,C-65594419,Gar-631742,Garden,Germany,Social Media
19,108.14,2024-01-30,C-61850780,Toy-420666,Toys,Sweden,Store
15,489.19,2025-10-13,C-71521183,Clo-146636,Clothing,Canada,Social Media
12,95.14,2023-08-09,C-98578568,Aut-573361,Automotive,Netherlands,Store
4,478.11,2024-12-13,C-69723028,Gar-061846,Garden,Australia,Phone
12,101.73,2023-04-03,C-58125275,Gar-490382,Garden,Brazil,Marketplace
5,416.3,2025-11-25,C-22393430,Clo-057291,Clothing,Denmark,App
9,173.04,2023-06-29,C-12247689,Fur-477899,Furniture,Mexico,Web
3,62.07,2022-08-01,C-73823713,Mus-841872,Music,Netherlands,Social Media
17,357.92,2024-03-01,C-86898981,Mus-929766,Music,Netherlands,Store
16,17.21,2022-01-02,C-85555041,Ele-897748,Electronics,Brazil,Social Media
8,274.03,2025-11-21,C-85555041,Clo-486801,Clothing,Belgium,Social Media
17,5.49,2024-10-17,C-58631788,Spo-625629,Sports,Mexico,App
17,303.46,2022-01-15,C-12450349,Foo-623535,Food,Denmark,Email
6,276.82,2022-06-11,C-13247287,Tra-529161,Travel,United States,Social Media
7,412.1,2025-10-17,C-28616400,Jew-769472,Jewelry,Portugal,Marketplace
1,415.36,2024-07-31,C-17115537,Foo-944582,Food,Norway,Web
4,264.56,2023-10-20,C-73478428,Spo-107083,Sports,Canada,Phone
16,340.22,2024-02-01,C-61295722,Fur-737067,Furniture,Netherlands,Web
16,290.97,2023-01-23,C-06670976,Mus-764569,Music,Norway,Store
7,113.64,2022-07-22,C-07375902,Foo-036670,Food,Belgium,App
9,427.5,2024-06-06,C-87531984,Gar-702492,Garden,United States,Web
8,13.51,2023-03-02,C-10628881,Toy-712102,Toys,United Kingdom,Marketplace
5,451.5,2022-03-15,C-43258668,Off-566907,Office,Belgium,Social Media
7,237.2,2022-11-16,C-89572422,Aut-614667,Automotive,Germany,Email
15,400.22,2025-08-28,C-72687598,Foo-440901,Food,Germany,Marketplace
6,11.63,2025-06-03,C-36104271,Boo-618184,Books,United States,Email
16,228.38,2023-01-12,C-26183976,Hea-471476,Health,France,Phone
14,195.75,2022-01-28,C-12025094,Ele-073770,Electronics,Mexico,Web
1,386.24,2024-04-22,C-44259536,Off-735915,Office,Canada,Social Media
7,482.73,2022-04-23,C-04655309,Gar-547127,Garden,Brazil,Marketplace
4,185.24,2023-03-10,C-31491448,Gar-703230,Garden,Netherlands,Web
19,299.55,2022-02-01,C-13838283,Gar-809182,Garden,Norway,Email
6,124.97,2025-04-16,C-44214705,Tra-719742,Travel,Poland,Store
5,446.9,2025-10-26,C-63879404,Toy-560492,Toys,Canada,Marketplace
15,188.2,2022-08-22,C-74975237,Tra-074993,Travel,Canada,Store
10,286.46,2024-07-19,C-30456182,Tra-724772,Travel,Australia,Store
16,255.08,2023-10-30,C-24874629,Ele-358741,Electronics,Germany,Store
5,157.53,2022-01-23,C-73291975,Off-379510,Office,Switzerland,Store
2,400.4,2025-05-15,C-76270600,Hea-778480,Health,Sweden,Email
15,311.74,2022-03-16,C-41671136,Aut-286302,Automotive,Poland,Marketplace
17,256.13,2025-07-30,C-00221948,Jew-018044,Jewelry,United Kingdom,App
16,65.43,2022-01-14,C-24193676,Boo-413076,Books,Mexico,Store
17,69.32,2022-12-28,C-99882419,Fur-102645,Furniture,Norway,Phone
5,140.01,2024-11-04,C-02890690,Foo-965754,Food,Denmark,Web
3,9.73,2022-07-08,C-07674407,Foo-376984,Food,France,Web
1,395.68,2024-08-14,C-56155330,Aut-647847,Automotive,Japan,App
9,40.86,2022-01-07,C-41671136,Toy-168156,Toys,Spain,App
1,17.36,2023-08-30,C-44489996,Fur-910918,Furniture,Denmark,Phone
13,273.02,2023-04-16,C-74765923,Off-112695,Office,Mexico,Web
17,139.42,2024-10-30,C-89619648,Boo-422953,Books,Canada,Phone
9,369.02,2024-07-21,C-95405257,Off-640645,Office,Netherlands,Marketplace
17,368.01,2023-05-03,C-59241963,Foo-678305,Food,Sweden,Social Media
8,338.37,2023-05-24,C-89619648,Jew-172782,Jewelry,Norway,App
5,143.38,2022-03-10,C-91611921,Bea-931576,Beauty,Brazil,App
12,281.93,2022-03-15,C-76399890,Ele-807144,Electronics,United Kingdom,Web
8,245.05,2022-12-28,C-41080844,Gar-798847,Garden,Portugal,Marketplace
10,228.6,2024-01-09,C-28655580,Clo-044699,Clothing,Spain,Store
4,67.13,2024-04-12,C-58623748,Ele-532119,Electronics,Poland,Social Media
8,69.6,2024-05-15,C-28655580,Gar-010624,Garden,Norway,App
10,9.14,2024-07-30,C-55597799,Foo-640010,Food,Germany,Web
18,330.61,2025-03-07,C-64801937,Spo-428207,Sports,Germany,Email
9,143.44,2025-01-22,C-76399890,Ele-695980,Electronics,Poland,Marketplace
10,225.77,2024-10-12,C-59357876,Clo-651808,Clothing,United States,Social Media
9,282.94,2023-05-19,C-57391425,Off-359739,Office,Poland,Email
1,20.34,2023-05-06,C-41585681,Aut-727116,Automotive,Spain,Phone
14,407.37,2023-11-04,C-40712411,Mus-067153,Music,Mexico,Email
15,145.09,2022-07-04,C-22393430,Aut-590578,Automotive,Japan,Store
10,88.09,2022-08-02,C-35605602,Off-636948,Office,Mexico,Email
12,353.95,2023-02-09,C-07305300,Boo-901925,Books,Norway,App
12,130.3,2023-01-30,C-44561552,Clo-606234,Clothing,Germany,App
16,464.57,2022-09-25,C-51073307,Hea-497604,Health,Spain,Phone
4,228.88,2024-03-09,C-22834925,Ele-089377,Electronics,Australia,Phone
16,93.21,2025-02-27,C-59804289,Off-872195,Office,Italy,Social Media
12,256.19,2024-02-20,C-63261242,Hea-073571,Health,Denmark,Phone
12,214.5,2025-07-07,C-47614337,Mus-111028,Music,Poland,Marketplace
3,381.47,2024-02-14,C-93354569,Ele-333393,Electronics,Italy,Store
12,240.72,2022-12-25,C-01495378,Hea-345834,Health,Poland,Social Media
9,157.7,2024-10-09,C-22393430,Fur-311614,Furniture,Norway,Marketplace
11,355.06,2024-03-22,C-72687598,Bea-893927,Beauty,Norway,Marketplace
8,115.94,2025-01-05,C-89572422,Toy-424932,Toys,France,Marketplace
3,472.13,2023-06-24,C-69025898,Clo-832224,Clothing,Japan,Social Media
5,443.13,2023-09-05,C-95370570,Boo-433729,Books,Mexico,Phone
5,270.87,2023-04-30,C-86898981,Tra-078017,Travel,Spain,Marketplace
14,157.21,2022-12-13,C-29230901,Gar-773893,Garden,Canada,Email
3,158.57,2025-02-23,C-19495025,Mus-878823,Music,Belgium,App
6,63.6,2022-05-05,C-73741620,Boo-998727,Books,Austria,Web
17,72.6,2025-08-08,C-80272452,Gar-702251,Garden,United States,Email
7,485.46,2024-01-14,C-52729045,Hea-937380,Health,Italy,Phone
14,17.78,2025-07-17,C-04857421,Off-371568,Office,Norway,App
2,17.29,2024-12-25,C-23562036,Gar-152029,Garden,Belgium,Phone
1,349.27,2024-05-10,C-33334129,Mus-204813,Music,Poland,App
13,157.68,2024-01-03,C-28523979,Mus-610715,Music,Canada,Social Media
7,487.49,2025-03-20,C-14362275,Gar-097828,Garden,Japan,Phone
8,40.69,2023-06-18,C-35863083,Aut-795758,Automotive,Norway,Email
18,390.74,2025-02-15,C-03440880,Foo-055462,Food,France,Social Media
15,232.36,2024-11-12,C-18244574,Clo-360346,Clothing,Spain,Email
9,271.64,2022-01-23,C-28506804,Ele-790923,Electronics,Australia,Social Media
10,193.95,2023-12-11,C-16115109,Gar-046950,Garden,Denmark,Store
6,220.63,2022-06-09,C-68421440,Boo-434637,Books,Sweden,Marketplace
19,343.22,2025-01-25,C-05085836,Mus-931082,Music,Switzerland,Web
15,494.76,2024-09-10,C-49819326,Mus-327830,Music,Australia,Store
7,188.49,2024-08-08,C-09075991,Foo-560154,Food,Brazil,Web
17,316.85,2025-02-12,C-91258005,Ele-868710,Electronics,Mexico,Web
1,165.1,2024-07-19,C-57589671,Off-900872,Office,Australia,App
16,66.23,2024-12-24,C-80272452,Bea-791667,Beauty,Norway,App
16,102.04,2023-08-11,C-76319842,Gar-588775,Garden,Spain,Phone
1,328.44,2023-07-03,C-55521351,Clo-583095,Clothing,Norway,Web
7,139.23,2023-04-13,C-48732589,Bea-563477,Beauty,Australia,Phone
18,350.35,2024-08-01,C-79851234,Off-196352,Office,Brazil,Web
3,167.17,2022-01-24,C-95370570,Boo-166362,Books,United States,Email
17,140.55,2022-04-11,C-50907432,Gar-259990,Garden,Japan,Email
12,345.28,2023-06-18,C-33200552,Gar-254398,Garden,Spain,Email
10,167.62,2022-09-25,C-47831975,Hea-913472,Health,Poland,Social Media
14,360.93,2022-07-29,C-35511467,Spo-221846,Sports,Norway,Marketplace
6,387.02,2022-02-08,C-93179907,Gar-636887,Garden,Canada,Phone
7,244.08,2025-03-19,C-82924856,Jew-333362,Jewelry,Germany,Social Media
7,78.58,2024-07-14,C-54087604,Fur-760720,Furniture,Sweden,Email
9,88.89,2024-10-15,C-31491448,Gar-404148,Garden,Netherlands,App
9,341.16,2025-10-22,C-25569498,Tra-773577,Travel,Italy,App
8,396.82,2025-03-22,C-66049568,Hea-889852,Health,Australia,App
4,73.45,2025-02-03,C-75232822,Fur-121235,Furniture,Switzerland,Web
8,258.03,2023-12-04,C-51510185,Spo-818149,Sports,Italy,Email
6,126.86,2024-05-04,C-73352991,Spo-213426,Sports,Belgium,Marketplace
13,312.41,2024-04-02,C-89667087,Mus-111099,Music,Poland,Store
1,65.36,2024-08-04,C-92010806,Jew-602196,Jewelry,Australia,Marketplace
6,385.34,2024-02-23,C-24254708,Aut-780309,Automotive,Belgium,Social Media
7,485.36,2025-02-23,C-09075991,Aut-186079,Automotive,Denmark,Marketplace
5,142.51,2025-12-18,C-04655309,Off-943247,Office,Poland,Social Media
6,263.09,2024-03-27,C-53082079,Tra-825851,Travel,United Kingdom,Marketplace
7,167.29,2022-05-29,C-41080844,Mus-424946,Music,France,Store
6,216.93,2023-10-06,C-39719554,Ele-395419,Electronics,Portugal,App
15,180.72,2023-08-08,C-99725234,Clo-883313,Clothing,Portugal,Social Media
13,459.02,2023-05-17,C-71521183,Fur-299270,Furniture,Austria,Email
4,340.62,2024-01-25,C-24696321,Hea-434798,Health,Spain,Marketplace
10,203.82,2024-10-27,C-30456182,Spo-492386,Sports,United States,Social Media
5,352.9,2023-07-29,C-28616400,Bea-923128,Beauty,Norway,Marketplace
6,224.54,2025-04-28,C-65680713,Mus-967689,Music,United Kingdom,App
15,31.2,2023-04-08,C-47831844,Clo-439481,Clothing,United Kingdom,Marketplace
1,228.4,2022-05-10,C-25746750,Ele-970169,Electronics,Canada,App
11,22.28,2022-03-22,C-72026020,Aut-717473,Automotive,United States,Phone
5,335.5,2022-09-27,C-43320541,Bea-958888,Beauty,Germany,Email
13,140.56,2024-12-10,C-89047975,Jew-269435,Jewelry,Austria,Social Media
11,338.07,2025-10-21,C-24825971,Gar-327816,Garden,Poland,Phone
17,259.51,2024-10-06,C-73352991,Foo-436629,Food,Denmark,App
19,462.09,2024-01-10,C-78669599,Toy-615371,Toys,Poland,Marketplace
11,114.95,2022-02-19,C-58858217,Aut-700134,Automotive,Portugal,Email
11,145.67,2022-04-07,C-96638930,Tra-731809,Travel,Canada,Email
13,355.06,2025-03-26,C-44034970,Off-805830,Office,Portugal,Marketplace
14,437.78,2024-02-02,C-42970743,Clo-504812,Clothing,Australia,Phone
9,46.76,2023-04-12,C-01425733,Fur-747241,Furniture,Switzerland,Email
19,393.17,2024-07-28,C-40066424,Bea-484552,Beauty,Norway,Marketplace
14,36.92,2025-01-15,C-92601313,Mus-063688,Music,Denmark,App
16,330.16,2024-05-04,C-98797738,Jew-295006,Jewelry,Germany,Social Media
15,25.71,2025-01-29,C-28481406,Boo-332873,Books,Netherlands,Email
19,370.48,2025-04-22,C-31490891,Clo-633078,Clothing,Norway,Store
5,484.4,2024-07-30,C-66049568,Jew-107990,Jewelry,Netherlands,App
14,327.05,2025-08-19,C-79109200,Ele-094094,Electronics,Portugal,Phone
6,52.36,2022-12-26,C-99336445,Jew-628975,Jewelry,Spain,App
11,358.7,2023-05-25,C-98578568,Spo-919070,Sports,Portugal,Phone
10,7.29,2023-07-26,C-20120738,Tra-823713,Travel,Netherlands,Web
17,304.47,2022-02-05,C-66540515,Bea-901764,Beauty,Denmark,Web
2,180.5,2025-02-13,C-69850346,Spo-395297,Sports,France,Email
12,394.65,2022-04-12,C-12780542,Tra-283602,Travel,Brazil,Email
15,195.95,2022-04-11,C-09537008,Ele-739022,Electronics,Australia,Email
16,248.06,2022-02-15,C-22258680,Off-634584,Office,Sweden,Web
16,104.1,2024-08-18,C-03929539,Foo-610366,Food,United States,Store
13,397.25,2024-08-08,C-96984679,Fur-435088,Furniture,Germany,Web
2,146.3,2022-05-30,C-73352991,Gar-760527,Garden,Japan,Social Media
10,362.89,2022-10-22,C-82162312,Spo-493212,Sports,Switzerland,Marketplace
1,283.31,2023-07-19,C-51073307,Tra-495818,Travel,Australia,Marketplace
6,245.85,2024-10-27,C-91848903,Gar-541438,Garden,Sweden,Email
5,364.04,2022-03-28,C-92141302,Foo-831737,Food,France,Store
10,101.94,2024-01-01,C-76800708,Spo-499006,Sports,Belgium,Web
2,257.25,2025-06-19,C-32186206,Toy-995076,Toys,Netherlands,App
11,487.53,2025-03-19,C-30556313,Foo-386696,Food,France,Marketplace
5,321.11,2024-05-14,C-14348130,Tra-279994,Travel,Netherlands,Web
19,279.27,2023-01-03,C-29004750,Jew-743493,Jewelry,Spain,Store
2,156.74,2025-04-07,C-14167380,Fur-750292,Furniture,Brazil,Phone
5,304.38,2022-02-25,C-43344687,Foo-649395,Food,Brazil,Social Media
4,491.4,2025-06-10,C-68421440,Toy-925436,Toys,Belgium,Marketplace
2,359.67,2024-10-05,C-14863834,Ele-182266,Electronics,Sweden,Marketplace
19,252.65,2024-01-20,C-39312362,Aut-434262,Automotive,Italy,Social Media
5,273.41,2025-09-11,C-86674277,Clo-279138,Clothing,Canada,Email
8,425.63,2025-03-01,C-34756280,Foo-636478,Food,Australia,Email
7,351.51,2022-01-12,C-25569498,Gar-748074,Garden,France,Marketplace
1,326.31,2023-05-26,C-04202589,Foo-291836,Food,Germany,Marketplace
15,340.33,2024-11-09,C-64967803,Tra-275636,Travel,Brazil,Email
2,470.16,2023-02-18,C-84984031,Mus-618852,Music,Germany,Store
4,190.26,2024-04-14,C-00716732,Fur-207766,Furniture,Sweden,App
19,410.08,2024-11-22,C-73741620,Bea-190998,Beauty,Brazil,Email
5,70.85,2023-12-02,C-11172808,Fur-994018,Furniture,Sweden,Phone
10,345.18,2023-06-07,C-11985335,Aut-859289,Automotive,Netherlands,Web
8,327.3,2022-08-16,C-64838435,Aut-647593,Automotive,Italy,Web
16,66.02,2025-04-29,C-93354569,Toy-610247,Toys,Spain,Marketplace
17,183.4,2024-05-13,C-76264318,Foo-000811,Food,Australia,Store
3,95.59,2023-01-12,C-33971496,Toy-323407,Toys,Belgium,Email
17,313.23,2022-09-06,C-04202589,Mus-316268,Music,Denmark,Social Media
9,129.23,2024-09-11,C-35700115,Tra-898852,Travel,Belgium,Marketplace
2,88.4,2023-10-30,C-03929539,Jew-586028,Jewelry,Poland,Web
15,161.67,2023-12-23,C-24232452,Tra-338771,Travel,Norway,Social Media
16,259.87,2022-01-08,C-49819326,Tra-375967,Travel,Netherlands,Marketplace
16,108.24,2022-09-24,C-81260270,Off-533852,Office,France,App
5,487.31,2023-05-07,C-86452949,Jew-338760,Jewelry,Italy,Social Media
17,227.16,2023-11-22,C-52729045,Off-474184,Office,Belgium,Email
4,438.68,2024-02-12,C-57589671,Clo-200210,Clothing,France,Store
6,403.02,2024-10-27,C-75021103,Jew-766911,Jewelry,Italy,Phone
16,182.98,2024-04-20,C-43364015,Gar-426352,Garden,Austria,Phone
16,392.45,2023-06-28,C-12450349,Mus-588911,Music,Mexico,App
4,117.87,2025-11-21,C-48888222,Foo-825769,Food,France,Marketplace
10,105.42,2023-03-31,C-61223304,Jew-928697,Jewelry,Austria,Web
5,473.18,2022-06-07,C-26931360,Aut-315184,Automotive,United Kingdom,Phone
11,197.17,2023-04-20,C-30456182,Boo-243643,Books,Portugal,Web
11,14.0,2024-11-22,C-68849874,Tra-318902,Travel,Canada,Web
19,272.87,2023-10-23,C-38044479,Ele-579972,Electronics,Italy,Email
7,159.74,2024-07-22,C-70140173,Toy-656961,Toys,Belgium,Store
16,303.52,2023-02-04,C-87531984,Foo-068030,Food,Belgium,Phone
11,157.56,2024-10-07,C-76800708,Boo-438739,Books,Germany,Store
10,387.66,2023-08-10,C-72893017,Bea-219239,Beauty,France,Web
11,34.34,2022-03-07,C-36941673,Foo-803257,Food,Australia,Web
11,356.9,2025-06-29,C-81092571,Fur-934928,Furniture,Belgium,Email
11,300.33,2022-06-21,C-03358637,Hea-429846,Health,Spain,App
8,50.81,2024-06-02,C-08303045,Gar-538395,Garden,Germany,Email
5,12.81,2025-10-12,C-73659733,Clo-411034,Clothing,Netherlands,App
3,49.73,2023-11-28,C-01425733,Hea-486176,Health,Belgium,Marketplace
16,361.67,2022-01-19,C-03358637,Spo-737223,Sports,Sweden,Store
15,304.33,2023-10-08,C-92141302,Clo-520043,Clothing,Canada,App
16,350.11,2023-06-06,C-41080844,Fur-296059,Furniture,Denmark,Marketplace
11,493.75,2025-03-21,C-51214215,Tra-070709,Travel,Mexico,Web
1,103.19,2025-07-14,C-51073307,Boo-135449,Books,France,Social Media
4,185.12,2024-05-31,C-71703240,Mus-781257,Music,Portugal,Email
1,182.0,2022-07-23,C-47831844,Boo-484846,Books,Japan,Store
6,110.01,2022-08-01,C-25868269,Toy-554439,Toys,Austria,Email
15,416.93,2023-09-23,C-15227782,Foo-811900,Food,Spain,Email
15,242.24,2024-11-19,C-71703240,Jew-840307,Jewelry,Spain,Email
3,26.73,2022-10-14,C-44131482,Gar-166020,Garden,Canada,Web
3,274.61,2022-11-28,C-10382808,Bea-650157,Beauty,Canada,App
19,163.35,2025-04-26,C-54527481,Ele-573025,Electronics,United Kingdom,App
5,335.99,2024-10-11,C-10353855,Jew-237660,Jewelry,Australia,Social Media
19,232.62,2025-05-07,C-86752706,Off-186805,Office,Norway,App
19,439.75,2022-05-04,C-47831844,Spo-969792,Sports,Spain,Marketplace
18,264.27,2024-09-22,C-08397369,Boo-252093,Books,Japan,Store
11,446.14,2025-11-02,C-64967803,Fur-011917,Furniture,Spain,Social Media
14,394.07,2022-04-11,C-09237099,Tra-183991,Travel,Canada,App
2,408.3,2022-09-04,C-58207115,Spo-386370,Sports,Denmark,Social Media
6,14.76,2024-12-19,C-49938177,Toy-668904,Toys,France,Store
4,250.26,2024-12-24,C-22579567,Bea-197737,Beauty,Spain,Web
9,351.25,2022-11-11,C-05085836,Mus-767703,Music,United States,Store
7,463.08,2023-11-01,C-84862724,Spo-780132,Sports,Netherlands,Web
7,454.27,2024-10-13,C-37620194,Jew-825448,Jewelry,United Kingdom,Email
19,354.43,2022-12-07,C-29230901,Boo-027119,Books,Netherlands,Social Media
13,258.08,2025-05-30,C-88072442,Fur-964221,Furniture,Italy,App
5,168.5,2024-08-02,C-28655580,Clo-458886,Clothing,United States,Email
10,120.89,2025-09-22,C-48365033,Spo-138295,Sports,Belgium,Marketplace
8,275.2,2023-08-07,C-27185779,Spo-905038,Sports,Switzerland,App
19,462.15,2023-01-30,C-93354569,Tra-733975,Travel,Spain,Marketplace
14,324.72,2025-10-27,C-61223304,Tra-627107,Travel,Japan,Marketplace
9,334.37,2025-06-14,C-44034970,Hea-819579,Health,Switzerland,Social Media
4,144.63,2025-03-10,C-71666979,Spo-926407,Sports,Japan,App
19,110.8,2024-03-17,C-15619280,Ele-050749,Electronics,Portugal,Phone
11,207.03,2023-05-02,C-24254708,Spo-532447,Sports,Germany,App
8,90.14,2025-12-26,C-46779506,Foo-246635,Food,Japan,Web
9,148.1,2025-03-02,C-98325575,Fur-189005,Furniture,Denmark,Social Media
8,362.83,2025-05-15,C-86752706,Hea-462093,Health,Japan,Marketplace
9,149.55,2024-11-19,C-73478428,Tra-638961,Travel,Germany,Marketplace
10,382.12,2024-06-21,C-75232822,Mus-141940,Music,Mexico,Email
2,346.63,2024-06-29,C-73352991,Clo-192327,Clothing,Poland,Store
15,91.12,2023-05-24,C-81260270,Aut-962810,Automotive,France,Marketplace
9,45.79,2024-01-07,C-85730245,Bea-638534,Beauty,Netherlands,Marketplace
6,307.17,2024-11-19,C-47607714,Ele-793379,Electronics,Poland,Store
6,258.24,2022-10-25,C-36104271,Fur-699468,Furniture,Switzerland,App
3,376.37,2022-03-05,C-55264133,Boo-185709,Books,Mexico,Marketplace
5,142.0,2024-04-08,C-59610177,Boo-629713,Books,Spain,Social Media
1,183.25,2025-02-26,C-05163875,Toy-163961,Toys,Spain,Web
16,26.18,2022-11-14,C-84069645,Clo-038335,Clothing,Sweden,Marketplace
15,105.56,2024-12-17,C-12247689,Ele-489771,Electronics,Netherlands,Marketplace
6,105.25,2024-02-20,C-33648030,Tra-151717,Travel,Italy,Social Media
2,233.69,2022-12-15,C-73352991,Jew-545015,Jewelry,Sweden,Social Media
18,199.97,2022-02-27,C-33648030,Mus-088997,Music,Brazil,Store
13,361.83,2023-06-16,C-28616400,Foo-764038,Food,Switzerland,Marketplace
3,360.13,2022-12-15,C-85730245,Tra-294646,Travel,Japan,Web
14,430.19,2025-04-26,C-61850780,Hea-340429,Health,Mexico,Phone
4,304.2,2024-03-10,C-98325575,Toy-710792,Toys,United Kingdom,Email
10,307.28,2025-07-24,C-30456182,Fur-389350,Furniture,Mexico,Web
12,360.56,2025-11-27,C-52196791,Tra-518232,Travel,Canada,Email
7,416.88,2023-07-02,C-13247287,Spo-308933,Sports,Denmark,Social Media
18,443.95,2025-05-28,C-63062112,Jew-048763,Jewelry,Italy,Marketplace
9,349.25,2024-08-24,C-29463459,Boo-625943,Books,Sweden,Web
5,78.81,2022-03-14,C-45499076,Mus-464702,Music,Italy,App
5,299.34,2022-03-22,C-95950020,Mus-664970,Music,United States,Store
5,44.91,2022-10-25,C-04857421,Hea-402686,Health,Sweden,Marketplace
13,307.35,2024-03-15,C-71679333,Spo-490371,Sports,Germany,Phone
13,118.27,2023-11-24,C-75021103,Fur-325415,Furniture,Germany,App
14,246.87,2025-07-15,C-61453651,Boo-114368,Books,Spain,Social Media
16,211.92,2022-06-19,C-69025898,Spo-478573,Sports,Norway,Email
2,164.49,2025-04-24,C-84984031,Tra-478651,Travel,Italy,Marketplace
9,158.1,2023-03-18,C-93594457,Off-819355,Office,Australia,Store
7,47.74,2023-08-27,C-95370570,Aut-615602,Automotive,Austria,Marketplace
10,136.14,2023-07-23,C-28558128,Fur-378665,Furniture,Japan,Store
12,245.24,2022-09-20,C-95538520,Clo-825971,Clothing,Canada,Email
9,257.66,2022-07-13,C-91258005,Toy-719566,Toys,Austria,Marketplace
9,204.84,2022-12-13,C-29463459,Clo-541516,Clothing,Sweden,Social Media
14,478.02,2024-08-28,C-27407092,Boo-051734,Books,Norway,Social Media
6,9.63,2025-04-05,C-12376621,Foo-718132,Food,Brazil,Phone
3,455.53,2022-12-15,C-03077799,Clo-029301,Clothing,Spain,Web
11,346.74,2023-08-03,C-59473796,Mus-876914,Music,Poland,Phone
13,243.58,2025-06-07,C-45499076,Ele-524559,Electronics,Belgium,Phone
17,81.67,2022-05-26,C-08845506,Boo-435087,Books,Netherlands,Marketplace
7,52.14,2023-06-02,C-11593189,Gar-817571,Garden,Poland,App
3,72.73,2025-04-20,C-08397369,Bea-209407,Beauty,Australia,App
3,308.95,2022-08-03,C-77391210,Fur-961923,Furniture,Australia,Phone
5,223.96,2023-04-27,C-95575943,Ele-962476,Electronics,France,Social Media
10,346.35,2024-05-26,C-84592199,Tra-065152,Travel,Sweden,Social Media
12,377.81,2022-02-28,C-29004750,Bea-040754,Beauty,Netherlands,Store
2,427.2,2022-10-03,C-64838435,Bea-122178,Beauty,Poland,App
17,70.0,2025-03-01,C-27185779,Aut-006208,Automotive,Switzerland,Marketplace
16,148.41,2024-10-23,C-08804410,Aut-598936,Automotive,Austria,Web
10,269.8,2022-06-26,C-60323692,Foo-525274,Food,Austria,Social Media
14,211.03,2025-05-29,C-61223304,Jew-749853,Jewelry,Portugal,Store
14,304.69,2022-06-29,C-85201177,Tra-744180,Travel,Canada,Social Media
9,295.75,2023-01-04,C-08084208,Ele-328636,Electronics,Canada,Marketplace
2,396.87,2022-12-24,C-52687437,Clo-106313,Clothing,Norway,App
1,357.68,2023-09-04,C-76800708,Spo-677160,Sports,Italy,Email
14,218.86,2024-02-28,C-16444729,Mus-720469,Music,United Kingdom,App
3,481.88,2023-12-23,C-03797010,Gar-698756,Garden,Italy,Marketplace
18,349.19,2023-12-18,C-17640864,Clo-664203,Clothing,Brazil,App
5,160.78,2024-06-04,C-76264318,Mus-027637,Music,Japan,Web
9,428.03,2025-06-03,C-25096724,Clo-489063,Clothing,Germany,Email
4,400.41,2025-01-21,C-11177777,Jew-172105,Jewelry,Norway,Store
10,212.67,2024-12-18,C-27728798,Gar-577192,Garden,Italy,App
4,164.86,2023-05-14,C-03298924,Gar-931718,Garden,Japan,Marketplace
19,466.34,2025-07-22,C-72687598,Toy-721215,Toys,Italy,Phone
10,42.51,2025-01-09,C-82924856,Bea-531319,Beauty,Brazil,Marketplace
17,205.26,2025-07-24,C-93354569,Clo-510174,Clothing,United States,Phone
3,391.36,2024-07-05,C-93819002,Ele-083626,Electronics,Netherlands,Marketplace
7,43.62,2025-05-11,C-85441923,Hea-209337,Health,Spain,Marketplace
4,438.96,2024-09-14,C-24696321,Foo-229821,Food,Spain,Phone
19,126.73,2024-12-24,C-37282969,Off-770818,Office,Switzerland,Marketplace
4,178.06,2022-08-29,C-88131584,Spo-405354,Sports,Belgium,App
9,110.86,2024-04-22,C-24193676,Fur-110053,Furniture,Italy,Social Media
10,199.99,2023-04-03,C-82162312,Gar-472679,Garden,Japan,Email
10,299.32,2025-04-18,C-17074239,Spo-244391,Sports,Poland,Marketplace
8,92.55,2024-06-01,C-56445786,Mus-570876,Music,Portugal,Web
7,336.56,2024-04-16,C-96295925,Clo-200495,Clothing,Spain,App
1,73.33,2024-10-22,C-74975237,Bea-778921,Beauty,Spain,Email
8,224.09,2022-03-19,C-44131482,Mus-760559,Music,Spain,Store
1,377.28,2024-06-12,C-33971496,Gar-737905,Garden,Norway,App
17,147.17,2025-01-05,C-94751185,Gar-730338,Garden,Spain,App
2,286.33,2025-04-22,C-34043398,Hea-308075,Health,Austria,Store
10,145.76,2022-01-20,C-51073307,Clo-629190,Clothing,Netherlands,Social Media
15,77.32,2023-01-21,C-67734713,Foo-685781,Food,Australia,Email
15,446.27,2022-05-25,C-82162312,Gar-294577,Garden,Poland,App
2,252.56,2023-10-22,C-29463459,Boo-002888,Books,Sweden,App
11,100.96,2023-04-25,C-08085231,Gar-860406,Garden,Italy,Store
17,113.3,2022-05-28,C-92601313,Spo-119302,Sports,Denmark,Marketplace
1,378.33,2022-11-08,C-27185779,Jew-338699,Jewelry,Spain,App
14,224.87,2025-05-15,C-44259536,Gar-038073,Garden,Netherlands,Web
18,264.48,2023-09-30,C-63062112,Tra-343229,Travel,Portugal,Phone
14,310.68,2023-09-04,C-72687598,Gar-508469,Garden,Japan,Social Media
4,257.05,2025-09-28,C-59473796,Off-341744,Office,Portugal,Web
6,102.48,2023-06-11,C-14009990,Mus-385901,Music,Switzerland,Web
18,26.15,2023-06-28,C-69814469,Aut-549549,Automotive,Italy,Social Media
10,137.35,2025-04-18,C-20120738,Off-587588,Office,Brazil,Web
6,207.86,2023-04-18,C-48732589,Fur-387153,Furniture,Spain,Store
13,364.03,2024-12-15,C-23111318,Bea-339449,Beauty,United States,Store
12,449.06,2024-01-20,C-44777025,Clo-059958,Clothing,Japan,Marketplace
19,105.08,2022-04-29,C-08084208,Mus-329160,Music,Norway,App
17,279.28,2024-06-20,C-73823713,Gar-887974,Garden,Portugal,Email
3,297.41,2025-03-03,C-23912425,Gar-109374,Garden,Italy,App
1,278.62,2025-07-10,C-41671136,Bea-585886,Beauty,Denmark,Email
7,52.1,2025-02-03,C-24254708,Clo-303637,Clothing,Sweden,Social Media
5,313.25,2022-12-10,C-37282969,Gar-338894,Garden,Italy,Email
16,218.06,2022-12-10,C-93712739,Toy-142216,Toys,Portugal,Store
16,221.89,2025-09-02,C-58263729,Foo-380924,Food,Japan,Social Media
10,18.49,2025-04-09,C-12945345,Tra-488506,Travel,Portugal,Marketplace
11,232.84,2025-07-08,C-28875386,Ele-785545,Electronics,Germany,Social Media
8,8.38,2025-02-20,C-31776064,Mus-443348,Music,Sweden,Email
17,207.22,2025-02-18,C-44131482,Boo-514139,Books,Germany,Store
7,114.74,2025-01-13,C-66049568,Mus-700617,Music,France,Phone
5,126.48,2023-01-28,C-13838283,Tra-544099,Travel,United States,Phone
18,330.04,2022-08-14,C-12198751,Jew-139964,Jewelry,France,Social Media
17,473.87,2023-07-31,C-13268463,Boo-109977,Books,Austria,Web
17,495.58,2022-03-07,C-61295722,Ele-003259,Electronics,United States,Marketplace
13,10.44,2022-12-07,C-44214705,Bea-202350,Beauty,Netherlands,Phone
5,13.97,2024-12-28,C-27407092,Jew-679904,Jewelry,Canada,Marketplace
17,159.93,2023-12-09,C-28481406,Tra-643025,Travel,Australia,Email
12,382.33,2024-10-20,C-50169180,Fur-619881,Furniture,Norway,Store
10,94.65,2023-12-05,C-95950020,Bea-008407,Beauty,Australia,Email
2,428.24,2025-02-25,C-47614337,Foo-863453,Food,Belgium,Store
19,73.76,2025-08-09,C-81092571,Clo-206097,Clothing,Denmark,Phone
6,227.24,2024-06-15,C-02890690,Boo-233374,Books,Mexico,Social Media
4,188.66,2024-02-24,C-07375902,Off-950258,Office,United States,Store
9,71.39,2024-07-29,C-03929539,Spo-253976,Sports,Denmark,App
12,227.15,2025-09-30,C-26183976,Fur-474393,Furniture,Switzerland,Marketplace
6,84.96,2025-04-04,C-81261231,Fur-460365,Furniture,Sweden,Marketplace
3,476.4,2022-08-04,C-71703240,Aut-308749,Automotive,Austria,Marketplace
4,325.85,2024-09-22,C-48219660,Off-861708,Office,Netherlands,App
18,57.9,2023-10-26,C-35991775,Bea-034901,Beauty,Belgium,Social Media
13,269.86,2023-10-15,C-56445786,Jew-425899,Jewelry,Belgium,Store
7,183.37,2022-04-24,C-08085231,Aut-580287,Automotive,Portugal,Social Media
10,98.36,2024-11-26,C-29004750,Clo-042189,Clothing,Australia,App
8,458.2,2023-06-08,C-31776064,Mus-669078,Music,Brazil,Marketplace
6,408.06,2025-06-06,C-43364015,Off-819503,Office,Germany,Marketplace
19,234.61,2022-07-21,C-21047218,Foo-915225,Food,Brazil,App
5,459.81,2025-11-21,C-58858217,Bea-287186,Beauty,Italy,Marketplace
13,425.05,2022-02-26,C-89572422,Mus-758907,Music,Sweden,Web
14,129.74,2022-10-25,C-68849874,Jew-548816,Jewelry,Austria,Phone
12,209.59,2022-12-29,C-52687437,Aut-065718,Automotive,United States,Web
18,419.27,2023-09-23,C-93712739,Toy-961509,Toys,Australia,Marketplace
10,57.86,2022-12-25,C-95897450,Boo-323801,Books,Poland,Phone
1,284.67,2023-03-23,C-03074311,Foo-177934,Food,Japan,Web
4,98.82,2022-01-23,C-72026020,Tra-386912,Travel,Brazil,Phone
19,14.63,2025-03-05,C-85730245,Foo-186788,Food,Austria,Marketplace
15,364.06,2023-01-01,C-93594457,Mus-099755,Music,Australia,Social Media
12,382.94,2025-02-03,C-84069645,Bea-615833,Beauty,Austria,App
12,12.04,2023-07-21,C-34194127,Tra-613578,Travel,Denmark,Web
15,124.12,2022-01-28,C-33414707,Off-308159,Office,Belgium,Email
9,471.02,2023-01-11,C-03964660,Mus-493528,Music,France,App
2,247.89,2025-02-26,C-17640864,Clo-564296,Clothing,Norway,Web
16,192.88,2022-09-03,C-91848903,Spo-993707,Sports,Germany,Phone
11,152.35,2024-11-28,C-51629298,Clo-144485,Clothing,Japan,Store
17,29.15,2023-04-05,C-60590184,Gar-794887,Garden,Sweden,Email
14,405.11,2023-02-17,C-67555445,Ele-865155,Electronics,Belgium,Phone
15,382.42,2022-02-24,C-43364015,Boo-427933,Books,Norway,Web
18,207.6,2023-09-27,C-47831975,Spo-666754,Sports,Poland,Phone
4,409.68,2022-09-01,C-00716732,Clo-980402,Clothing,France,App
6,242.19,2025-09-08,C-84862724,Off-350208,Office,Portugal,App
18,382.55,2022-02-21,C-69654804,Hea-269062,Health,Italy,Social Media
10,475.61,2022-03-23,C-39312362,Mus-095377,Music,United States,Marketplace
6,363.26,2022-08-20,C-84862724,Bea-703203,Beauty,Italy,Email
18,72.54,2022-01-05,C-95950020,Off-847112,Office,Portugal,Social Media
5,235.88,2023-03-31,C-55290918,Spo-660763,Sports,Germany,Store
9,381.05,2024-07-06,C-45499076,Aut-826722,Automotive,Australia,App
8,110.03,2022-04-29,C-82924856,Boo-942609,Books,United States,Social Media
10,182.17,2023-10-02,C-92010806,Tra-605018,Travel,France,Web
8,400.16,2025-07-28,C-92010806,Hea-940792,Health,Spain,Phone
8,162.49,2023-10-30,C-40066424,Jew-742031,Jewelry,Denmark,Email
17,373.75,2025-09-25,C-85555041,Boo-863317,Books,Japan,Email
19,301.08,2025-03-01,C-43310463,Bea-115004,Beauty,Italy,Web
10,95.55,2024-08-26,C-84862724,Mus-043209,Music,Belgium,Phone
13,175.52,2025-03-30,C-51073307,Ele-267456,Electronics,Portugal,App
17,24.25,2025-03-11,C-58631788,Boo-213596,Books,Japan,Social Media
18,261.51,2024-04-11,C-71521183,Aut-475687,Automotive,Austria,Store
5,13.11,2025-04-16,C-31490891,Bea-146461,Beauty,Sweden,Web
10,336.39,2025-08-19,C-32487120,Hea-180732,Health,Italy,Marketplace
9,333.79,2023-01-09,C-95405257,Jew-765323,Jewelry,United Kingdom,Store
5,169.39,2023-10-31,C-07718924,Clo-604975,Clothing,France,Store
16,53.49,2022-08-17,C-35169198,Aut-722987,Automotive,Poland,Web
8,253.88,2024-10-27,C-46779506,Clo-946217,Clothing,Poland,Web
8,8.94,2023-01-21,C-89047975,Gar-792759,Garden,Brazil,Email
13,225.65,2022-03-17,C-28655580,Mus-245702,Music,Australia,Social Media
17,222.77,2025-12-24,C-89619648,Hea-801430,Health,Portugal,Web
8,200.55,2023-12-30,C-51073307,Hea-676557,Health,Denmark,Web
6,346.91,2023-11-26,C-34756280,Tra-322783,Travel,Spain,Web
10,279.84,2024-01-27,C-03613300,Gar-109622,Garden,Brazil,Web
9,458.63,2024-01-24,C-98797738,Off-075542,Office,United Kingdom,Email
5,240.91,2025-06-19,C-48248138,Aut-492666,Automotive,Italy,Email
19,78.41,2022-08-28,C-19818284,Off-985190,Office,Canada,Email
12,124.78,2025-06-10,C-46779506,Foo-888764,Food,Sweden,Email
8,251.53,2022-09-14,C-07680834,Bea-157897,Beauty,Switzerland,Store
11,418.32,2023-04-23,C-66447024,Gar-285786,Garden,Italy,Email
16,490.98,2024-02-13,C-63261242,Toy-782853,Toys,Japan,Marketplace
19,55.8,2024-11-12,C-02885459,Hea-627750,Health,Portugal,Web
13,184.79,2023-06-23,C-03358637,Toy-755158,Toys,Switzerland,Marketplace
1,85.23,2024-01-01,C-51629298,Aut-751341,Automotive,Australia,Store
2,125.68,2022-01-15,C-82193345,Bea-158902,Beauty,Australia,Email
4,115.52,2023-08-08,C-20120738,Gar-178175,Garden,Austria,Phone
8,182.28,2023-02-06,C-52196791,Spo-692572,Sports,Canada,Phone
1,128.26,2023-03-28,C-91611921,Jew-387945,Jewelry,Australia,Email
7,118.33,2023-11-24,C-40066424,Toy-922354,Toys,Italy,Marketplace
12,283.17,2022-08-13,C-69814469,Gar-849385,Garden,Netherlands,App
6,441.45,2024-08-23,C-26963375,Mus-503309,Music,United Kingdom,Web
8,270.82,2024-09-17,C-27458375,Mus-641222,Music,Italy,Marketplace
7,278.03,2023-06-19,C-36207775,Ele-671903,Electronics,Switzerland,Web
3,50.94,2024-05-27,C-10628881,Clo-418022,Clothing,Canada,Store
7,59.79,2025-06-05,C-99466366,Fur-752621,Furniture,United Kingdom,Marketplace
13,369.16,2022-10-16,C-73291975,Aut-302569,Automotive,Australia,Marketplace
13,392.28,2025-08-03,C-28663874,Hea-784578,Health,Canada,Marketplace
3,171.44,2024-08-25,C-94779946,Toy-199181,Toys,Switzerland,Phone
16,17.52,2022-11-16,C-86674277,Mus-326259,Music,Switzerland,Web
18,147.47,2022-07-07,C-37620194,Mus-879366,Music,United Kingdom,Phone
2,250.15,2023-07-15,C-69358962,Spo-888962,Sports,Mexico,Store
11,481.23,2025-03-31,C-20625702,Bea-453842,Beauty,Denmark,Marketplace
4,405.49,2023-07-29,C-19818284,Bea-113557,Beauty,Spain,Social Media
4,380.67,2024-03-18,C-24943709,Boo-508744,Books,Denmark,Phone
5,451.75,2023-03-29,C-44034970,Off-288020,Office,Italy,Social Media
8,207.86,2022-08-20,C-72341909,Spo-887784,Sports,France,Phone
6,178.32,2022-10-25,C-17074239,Jew-330528,Jewelry,Mexico,Social Media
16,225.31,2025-06-26,C-33477060,Fur-362460,Furniture,Australia,Store
2,188.72,2023-05-20,C-25096724,Spo-251866,Sports,Spain,Social Media
15,353.56,2025-04-28,C-45178159,Foo-175272,Food,Portugal,Marketplace
19,242.5,2022-01-10,C-79340041,Bea-063073,Beauty,Switzerland,Marketplace
19,10.24,2024-03-26,C-04082137,Clo-669197,Clothing,Brazil,Store
9,101.51,2022-02-19,C-73541394,Fur-465285,Furniture,Sweden,Web
10,300.98,2024-06-03,C-89619648,Foo-789143,Food,Norway,Email
9,122.4,2023-03-02,C-03797010,Off-464900,Office,Japan,App
16,400.08,2022-11-03,C-89572422,Tra-397381,Travel,Poland,Email
13,129.74,2022-10-16,C-83990482,Foo-264431,Food,Italy,Store
18,433.1,2024-06-28,C-38567964,Fur-929172,Furniture,Denmark,Marketplace
19,121.48,2022-08-04,C-34194127,Aut-031410,Automotive,Canada,Marketplace
16,420.19,2025-02-07,C-35863083,Boo-933537,Books,Japan,Web
16,207.38,2025-09-12,C-43022236,Toy-581627,Toys,Netherlands,Store
5,128.85,2023-04-06,C-30456182,Gar-143102,Garden,Australia,Email
18,325.26,2023-08-04,C-17115537,Off-429075,Office,Japan,Social Media
12,470.79,2022-04-28,C-03613300,Ele-335692,Electronics,Brazil,Email
12,65.98,2022-01-29,C-31776064,Spo-864438,Sports,Canada,Marketplace
19,39.16,2022-07-11,C-13192293,Jew-308524,Jewelry,Spain,Marketplace
2,106.53,2025-03-19,C-69358962,Toy-258937,Toys,Austria,Social Media
5,74.94,2023-10-01,C-65235738,Foo-730384,Food,Austria,Web
4,139.43,2025-09-29,C-14362275,Foo-486718,Food,Canada,Marketplace
18,475.94,2024-05-16,C-92141302,Jew-232151,Jewelry,Italy,Email
9,219.05,2022-07-29,C-75310409,Hea-322830,Health,United States,Social Media
14,216.29,2024-01-24,C-85947324,Gar-136676,Garden,France,Store
8,162.3,2025-04-18,C-52687437,Toy-111327,Toys,Canada,Phone
9,123.53,2025-05-04,C-47607714,Toy-406603,Toys,Norway,Phone
16,115.46,2022-08-15,C-99951237,Mus-253733,Music,Brazil,App
4,471.75,2022-05-23,C-65189987,Fur-468645,Furniture,Italy,Social Media
11,271.32,2025-04-04,C-45499076,Tra-979950,Travel,Portugal,Store
1,331.31,2024-08-08,C-89337463,Fur-071335,Furniture,United States,Social Media
4,59.67,2023-09-23,C-96638930,Fur-162650,Furniture,Mexico,Marketplace
9,393.48,2023-11-09,C-00257180,Spo-106647,Sports,Italy,App
19,141.39,2022-05-24,C-73741620,Boo-280121,Books,Canada,Email
8,313.21,2022-08-25,C-85645658,Clo-920354,Clothing,Portugal,Web
19,259.88,2024-02-03,C-94751185,Jew-271733,Jewelry,Poland,Email
15,273.23,2023-04-22,C-17074239,Bea-292568,Beauty,Japan,Store
10,144.06,2024-12-15,C-30456182,Clo-716743,Clothing,Austria,Store
3,399.82,2022-11-23,C-03016393,Aut-462907,Automotive,Japan,App
16,435.46,2023-02-23,C-27858217,Spo-224224,Sports,Poland,Web
1,165.48,2023-06-30,C-40712411,Boo-745303,Books,Portugal,Phone
10,197.32,2023-06-13,C-28481406,Fur-183387,Furniture,France,Store
18,94.31,2025-04-10,C-00571789,Tra-871526,Travel,France,Social Media
19,135.33,2023-12-20,C-85730245,Clo-783622,Clothing,Switzerland,Web
2,268.42,2025-12-11,C-63261242,Tra-719610,Travel,Japan,App
15,24.88,2025-09-22,C-15627644,Off-552723,Office,Portugal,Social Media
19,243.59,2022-06-13,C-46238432,Hea-088494,Health,Denmark,Phone
5,248.43,2025-09-12,C-14823370,Foo-038309,Food,France,Store
5,366.75,2022-05-03,C-76932090,Foo-263888,Food,United States,Social Media
13,451.71,2023-10-03,C-55264133,Mus-733372,Music,Portugal,Email
6,18.53,2023-02-22,C-54942359,Tra-249098,Travel,Spain,Store
5,295.68,2023-01-10,C-47467171,Off-042292,Office,United Kingdom,Store
7,315.32,2024-04-08,C-24254708,Spo-337576,Sports,Australia,Store
10,486.28,2024-05-09,C-43320541,Fur-284339,Furniture,Italy,App
12,62.28,2023-06-11,C-19336679,Hea-092856,Health,Portugal,Phone
19,204.68,2023-12-03,C-09237099,Mus-886263,Music,Switzerland,Marketplace
15,271.97,2022-01-28,C-61295722,Foo-885660,Food,United States,Social Media
18,237.24,2023-09-01,C-95897450,Jew-907122,Jewelry,Brazil,Social Media
9,384.86,2025-01-23,C-12025094,Jew-219787,Jewelry,United States,Store
10,129.49,2023-06-13,C-76319842,Gar-114017,Garden,Sweden,Web
11,303.95,2022-07-01,C-93179907,Aut-522275,Automotive,Switzerland,Marketplace
13,384.53,2025-10-07,C-13268463,Off-615425,Office,Australia,Web
19,149.27,2023-11-15,C-75123250,Tra-396329,Travel,Netherlands,Phone
7,47.08,2024-09-20,C-94752604,Gar-835717,Garden,France,Store
16,451.95,2022-01-16,C-31491448,Off-816092,Office,United Kingdom,Email
1,132.51,2025-06-05,C-03298924,Jew-297899,Jewelry,Norway,Store
11,78.35,2024-01-14,C-90940416,Spo-056614,Sports,Germany,Social Media
7,70.63,2022-07-09,C-42970743,Bea-152618,Beauty,Italy,Email
13,59.26,2023-02-22,C-44131482,Toy-708794,Toys,France,App
10,41.5,2023-12-11,C-29680788,Mus-956287,Music,Brazil,Web
2,303.94,2025-04-19,C-31776064,Mus-425742,Music,Switzerland,Store
11,495.75,2025-09-18,C-60708577,Tra-557658,Travel,United Kingdom,Marketplace
14,113.24,2022-05-16,C-93572459,Foo-972143,Food,Spain,Web
12,120.86,2024-11-30,C-37282969,Aut-246258,Automotive,Australia,Social Media
19,496.48,2024-10-12,C-92010806,Mus-680834,Music,United States,Web
2,208.27,2024-09-18,C-48248138,Tra-813975,Travel,Mexico,Phone
6,289.99,2025-06-06,C-44561552,Mus-435021,Music,Italy,Phone
5,385.05,2024-02-21,C-43254822,Ele-117873,Electronics,United Kingdom,Web
18,124.6,2024-05-19,C-38044479,Tra-574404,Travel,Poland,Web
13,171.67,2022-09-27,C-99178431,Mus-743564,Music,Poland,Store
10,268.84,2024-11-14,C-17640864,Foo-466991,Food,Brazil,App
14,374.21,2022-10-28,C-95885847,Bea-284861,Beauty,Portugal,Store
12,63.47,2024-04-07,C-77186257,Aut-768906,Automotive,Norway,Web
10,345.47,2022-06-10,C-13247287,Clo-996412,Clothing,Mexico,Phone
2,490.6,2022-12-12,C-33200552,Spo-991939,Sports,Mexico,Web
4,433.08,2023-03-28,C-89665842,Spo-164698,Sports,Switzerland,Store
8,499.73,2022-01-17,C-81261231,Boo-226055,Books,Sweden,App
5,352.86,2022-08-22,C-69025898,Gar-434747,Garden,Netherlands,Email
18,192.03,2025-02-11,C-14348130,Ele-644518,Electronics,Switzerland,Social Media
1,201.95,2022-08-07,C-73741620,Jew-092653,Jewelry,Austria,Store
1,385.98,2023-11-20,C-30456182,Clo-251341,Clothing,Portugal,Store
9,45.78,2025-08-21,C-11172597,Toy-320992,Toys,Germany,Marketplace
10,322.1,2025-08-05,C-40759502,Jew-018175,Jewelry,United States,Marketplace
13,204.15,2024-07-25,C-02638398,Boo-298092,Books,Spain,Email
4,468.34,2022-01-03,C-93179907,Aut-654784,Automotive,Australia,Social Media
13,302.5,2025-05-24,C-37282969,Off-063753,Office,Italy,Store
16,122.83,2022-07-30,C-75310409,Toy-296467,Toys,Spain,Phone
10,46.94,2024-10-03,C-31490891,Aut-862906,Automotive,Mexico,Email
14,344.12,2022-12-05,C-57391425,Spo-246488,Sports,Denmark,Web
4,264.0,2024-08-19,C-86452949,Mus-213052,Music,United Kingdom,App
15,331.57,2023-12-16,C-41080844,Toy-972098,Toys,Netherlands,Marketplace
6,306.38,2023-08-27,C-08084208,Clo-838133,Clothing,Norway,Social Media
2,252.13,2024-01-14,C-99178431,Bea-009648,Beauty,Austria,Email
8,274.9,2022-12-16,C-98797738,Ele-451446,Electronics,Italy,Email
18,218.83,2024-10-10,C-23912425,Spo-304178,Sports,Italy,Web
10,465.28,2024-02-09,C-32186206,Foo-419536,Food,Austria,Store
9,311.24,2024-02-12,C-95405257,Tra-269879,Travel,Portugal,Phone
16,349.77,2022-04-03,C-84862724,Aut-466265,Automotive,Sweden,Email
10,117.08,2025-08-29,C-23562036,Mus-355097,Music,Denmark,App
14,84.15,2023-02-28,C-13324549,Foo-680029,Food,Sweden,Phone
19,398.54,2023-04-27,C-86452949,Tra-927229,Travel,Belgium,Phone
16,104.52,2025-08-02,C-89337463,Boo-985331,Books,United Kingdom,App
2,10.17,2025-02-22,C-89572422,Ele-081403,Electronics,Belgium,Marketplace
10,308.06,2023-03-23,C-98578568,Jew-969178,Jewelry,Italy,Marketplace
4,183.07,2023-03-28,C-14348130,Boo-281550,Books,Poland,Social Media
5,308.71,2025-01-24,C-26183976,Bea-456759,Beauty,Spain,Store
9,462.69,2022-11-15,C-95575943,Aut-842858,Automotive,Spain,Phone
12,438.44,2023-03-14,C-08804410,Spo-288135,Sports,Denmark,Store
15,256.73,2022-12-31,C-24943709,Tra-250532,Travel,Mexico,Email
12,178.73,2022-11-11,C-35511467,Bea-455260,Beauty,Netherlands,Email
8,310.0,2022-07-18,C-83990482,Mus-534163,Music,Spain,Social Media
11,173.78,2024-02-14,C-92601313,Toy-671300,Toys,Canada,Phone
14,139.33,2025-09-30,C-13324549,Bea-859817,Beauty,Australia,Web
18,475.02,2022-07-18,C-28506804,Foo-273763,Food,Germany,Social Media
1,494.15,2023-01-11,C-15627644,Foo-819151,Food,Poland,Store
10,133.06,2024-02-17,C-00571789,Spo-588692,Sports,France,Social Media
17,6.23,2024-02-21,C-33971496,Aut-153308,Automotive,Poland,Marketplace
7,279.48,2025-05-07,C-39719554,Toy-442284,Toys,Australia,Web
2,227.93,2023-07-05,C-82193345,Tra-160250,Travel,Canada,Phone
5,385.51,2022-09-22,C-58631788,Off-730523,Office,Canada,Marketplace
10,90.5,2023-01-10,C-60259140,Off-608409,Office,Spain,Store
10,48.85,2025-06-21,C-47467171,Ele-315332,Electronics,Spain,Social Media
2,465.42,2025-10-01,C-77772036,Jew-210929,Jewelry,Germany,Marketplace
5,179.91,2024-02-02,C-34043398,Toy-820284,Toys,Austria,Phone
18,39.1,2022-07-29,C-61648314,Spo-323255,Sports,Italy,Marketplace
8,364.95,2022-07-06,C-28558128,Toy-788549,Toys,United States,Social Media
6,60.63,2025-11-20,C-50169180,Tra-447585,Travel,Portugal,Store
11,185.6,2025-09-14,C-26963375,Gar-277215,Garden,Mexico,Phone
11,128.52,2023-05-30,C-74514164,Clo-330331,Clothing,Italy,Social Media
15,272.84,2023-01-31,C-59637217,Boo-955843,Books,Portugal,Store
2,80.42,2025-02-25,C-71354562,Mus-597623,Music,Canada,Web
2,291.55,2024-07-02,C-61850780,Foo-600800,Food,United Kingdom,Store
10,30.19,2023-06-25,C-64933370,Spo-187446,Sports,Japan,Social Media
4,438.46,2024-11-10,C-14989806,Spo-269478,Sports,France,Marketplace
7,188.01,2022-02-27,C-64105322,Jew-015622,Jewelry,Spain,App
11,305.15,2023-12-28,C-90940416,Boo-259627,Books,Poland,Social Media
17,230.73,2024-01-29,C-96295925,Tra-447295,Travel,United States,Email
2,320.55,2022-01-14,C-30456182,Spo-976023,Sports,Germany,Phone
13,131.04,2025-09-24,C-41671136,Spo-506247,Sports,Spain,Social Media
13,58.79,2025-09-20,C-21493738,Boo-495032,Books,Mexico,Email
6,183.78,2022-01-10,C-13268463,Gar-543230,Garden,Norway,Social Media
2,389.22,2023-08-02,C-88131584,Ele-114667,Electronics,France,Social Media
13,437.82,2022-01-02,C-11593189,Bea-157461,Beauty,United States,Store
6,299.04,2023-01-03,C-91611921,Foo-450553,Food,Portugal,Email
12,237.97,2025-06-04,C-32013927,Spo-218766,Sports,Mexico,Social Media
4,352.22,2022-05-26,C-25569498,Ele-898846,Electronics,Italy,Social Media
9,125.1,2025-06-27,C-37282969,Spo-478490,Sports,United States,Phone
6,122.6,2025-10-16,C-59473796,Jew-032585,Jewelry,Mexico,Store
12,78.64,2025-06-17,C-02890690,Fur-908762,Furniture,Germany,Web
2,470.75,2023-06-03,C-28558128,Ele-515857,Electronics,Germany,Social Media
3,403.47,2022-04-24,C-68421440,Tra-382556,Travel,Japan,App
7,463.58,2024-03-18,C-72341909,Fur-997099,Furniture,Italy,Phone
13,367.93,2022-01-23,C-24254708,Foo-250181,Food,Belgium,Marketplace
19,196.76,2023-09-04,C-80730111,Clo-081166,Clothing,Denmark,Phone
10,11.78,2022-05-26,C-59241963,Foo-759941,Food,Brazil,Phone
14,319.25,2024-02-11,C-10628881,Ele-165602,Electronics,Austria,Marketplace
18,163.38,2022-11-09,C-97457004,Jew-617138,Jewelry,Spain,Store
18,351.7,2022-05-30,C-03358637,Jew-898271,Jewelry,Japan,Web
16,70.54,2025-08-18,C-49938177,Clo-847586,Clothing,Australia,Social Media
9,420.19,2022-09-27,C-66796277,Mus-855002,Music,Poland,Social Media
17,321.18,2024-08-14,C-55696698,Jew-175303,Jewelry,Norway,Web
5,64.46,2022-03-18,C-33200552,Toy-071888,Toys,Belgium,Marketplace
5,292.51,2023-02-04,C-58125275,Hea-843636,Health,Switzerland,Marketplace
17,255.15,2025-08-11,C-63062112,Off-622709,Office,Denmark,Social Media
10,416.92,2024-08-27,C-49938177,Boo-141132,Books,Brazil,Store
14,135.91,2022-12-06,C-00341776,Gar-409629,Garden,Canada,Web
12,277.56,2023-12-22,C-24696321,Ele-975750,Electronics,Japan,Email
10,349.24,2024-01-10,C-07706214,Foo-341995,Food,Spain,Phone
2,179.11,2022-03-26,C-93712739,Fur-866038,Furniture,Canada,Store
18,24.5,2025-11-15,C-12376621,Hea-801767,Health,Italy,Web
1,345.26,2022-03-13,C-74765923,Fur-336848,Furniture,France,Email
15,223.26,2025-01-23,C-03298924,Tra-694019,Travel,Netherlands,Email
11,279.17,2023-04-24,C-92010806,Off-782822,Office,Switzerland,Social Media
12,116.27,2025-02-06,C-36596055,Spo-521207,Sports,Sweden,Email
10,24.18,2025-06-16,C-91258005,Spo-264827,Sports,United Kingdom,Email
18,116.32,2023-09-13,C-64967803,Hea-787683,Health,Brazil,Marketplace
6,165.4,2024-09-02,C-66049568,Hea-987471,Health,France,Web
15,278.05,2023-04-23,C-68849874,Tra-612577,Travel,Poland,Email
19,169.8,2022-10-24,C-61648314,Fur-268539,Furniture,Brazil,Social Media
4,54.81,2022-08-15,C-32317799,Aut-289814,Automotive,Netherlands,Phone
3,481.38,2025-08-11,C-78758323,Fur-218084,Furniture,Italy,Social Media
4,231.62,2023-05-25,C-66370870,Tra-489117,Travel,Italy,Web
15,226.21,2023-05-10,C-81261231,Boo-045053,Books,Norway,Store
18,108.49,2025-04-29,C-51629298,Clo-729092,Clothing,France,App
14,81.8,2022-06-14,C-00257180,Foo-869763,Food,United States,Phone
7,255.09,2023-01-28,C-94779946,Toy-218908,Toys,France,Marketplace
19,476.83,2024-11-09,C-95950020,Mus-084847,Music,Canada,Social Media
8,264.66,2024-01-22,C-28523979,Jew-618986,Jewelry,Germany,App
2,414.62,2024-06-29,C-73823713,Boo-490448,Books,Belgium,App
16,348.81,2024-08-17,C-45189196,Boo-104802,Books,Poland,Social Media
3,138.71,2024-11-14,C-11985335,Clo-126117,Clothing,Mexico,Email
15,43.1,2023-10-11,C-96899874,Jew-147710,Jewelry,United States,Web
5,85.61,2024-07-20,C-89047975,Boo-398366,Books,Denmark,App
12,316.93,2025-03-06,C-46803455,Tra-669035,Travel,Germany,Email
16,119.22,2025-12-22,C-44131482,Off-215120,Office,France,Store
13,51.68,2024-07-27,C-66796277,Boo-825496,Books,United States,Phone
5,93.89,2023-09-29,C-01878061,Jew-495156,Jewelry,Denmark,Social Media
9,331.31,2022-10-30,C-94561312,Aut-793869,Automotive,United States,Store
11,421.92,2023-03-11,C-25388461,Spo-349158,Sports,Spain,Phone
15,161.63,2025-12-02,C-77391210,Toy-697917,Toys,Canada,Phone
16,321.25,2025-08-24,C-05085836,Hea-949318,Health,Austria,Phone
13,78.56,2025-06-08,C-22393430,Jew-217425,Jewelry,Austria,Marketplace
9,229.23,2025-10-04,C-83990482,Bea-318831,Beauty,Belgium,Phone
11,94.35,2023-03-28,C-30456182,Jew-226341,Jewelry,Mexico,Social Media
10,424.7,2023-04-11,C-12564518,Off-147555,Office,Austria,Web
17,418.05,2025-01-28,C-45237494,Boo-372478,Books,Portugal,Phone
13,195.22,2023-07-01,C-37282969,Hea-377469,Health,Poland,Web
19,430.32,2022-09-06,C-93572459,Off-455920,Office,United States,Marketplace
15,194.23,2023-07-25,C-93572459,Hea-837092,Health,Germany,Phone
2,283.3,2022-10-12,C-86674277,Bea-536358,Beauty,Canada,Social Media
19,424.85,2022-07-13,C-32024053,Bea-056619,Beauty,Norway,Phone
8,195.28,2024-06-21,C-87547612,Jew-036950,Jewelry,Germany,Store
11,127.83,2024-03-13,C-18732299,Foo-087610,Food,Denmark,Marketplace
7,480.39,2025-11-16,C-25814587,Clo-506816,Clothing,Japan,Social Media
15,331.75,2023-04-20,C-25868269,Jew-767178,Jewelry,Sweden,Store
18,189.69,2023-02-23,C-83896442,Toy-969847,Toys,Switzerland,Phone
10,222.78,2025-12-23,C-75123250,Clo-223660,Clothing,Sweden,Web
11,463.81,2024-08-20,C-26183976,Jew-587129,Jewelry,Brazil,Email
5,320.48,2023-11-14,C-77391210,Hea-876197,Health,Netherlands,Phone
5,109.7,2025-04-20,C-54942359,Toy-563404,Toys,United States,Social Media
10,304.9,2025-08-05,C-52196791,Gar-974516,Garden,Brazil,Social Media
16,9.47,2022-03-11,C-05085836,Jew-467226,Jewelry,Italy,Marketplace
7,83.76,2022-11-17,C-69752771,Jew-235991,Jewelry,Poland,Marketplace
12,357.28,2024-04-05,C-04759341,Jew-415954,Jewelry,France,Store
6,365.68,2025-11-19,C-66005265,Foo-195212,Food,Switzerland,Email
6,91.1,2024-05-18,C-39200287,Ele-122526,Electronics,France,App
9,435.0,2023-08-20,C-95370570,Tra-186632,Travel,Norway,Store
9,52.94,2023-09-12,C-25569498,Jew-782836,Jewelry,United States,Store
7,68.96,2022-10-01,C-61635242,Tra-912290,Travel,France,App
2,316.75,2023-12-07,C-27858217,Clo-633408,Clothing,United Kingdom,Store
5,370.24,2025-10-06,C-85645658,Aut-401860,Automotive,Switzerland,Marketplace
4,233.58,2023-07-03,C-76764761,Clo-256209,Clothing,United States,App
14,73.8,2023-05-26,C-66005265,Hea-407206,Health,Denmark,Store
11,225.69,2022-09-13,C-28506804,Tra-052974,Travel,Switzerland,Phone
16,59.08,2022-11-11,C-24696321,Ele-052746,Electronics,Norway,Social Media
6,244.67,2023-08-14,C-25746750,Spo-543818,Sports,Norway,Email
3,324.39,2022-04-09,C-17115537,Clo-966229,Clothing,Canada,Web
18,118.68,2025-12-06,C-78924248,Jew-520564,Jewelry,Germany,Marketplace
12,381.14,2023-09-16,C-13324549,Foo-105554,Food,France,Marketplace
10,462.31,2022-12-31,C-68849874,Tra-546933,Travel,Denmark,Social Media
14,339.68,2022-07-30,C-94561312,Hea-286321,Health,Belgium,Phone
5,345.83,2025-01-29,C-43258668,Jew-032505,Jewelry,United Kingdom,App
16,47.56,2022-10-10,C-95370570,Toy-545425,Toys,Netherlands,Store
14,252.38,2024-09-18,C-85002220,Fur-592220,Furniture,France,Web
2,383.96,2025-06-17,C-58815004,Mus-616203,Music,Poland,Web
13,162.94,2023-08-18,C-17074239,Tra-699294,Travel,Japan,Social Media
2,323.93,2023-11-21,C-78446420,Bea-045162,Beauty,United Kingdom,Email
3,340.31,2023-04-18,C-02890690,Tra-574721,Travel,Mexico,Web
17,35.91,2025-09-21,C-36104271,Toy-503706,Toys,Australia,Email
5,146.91,2024-07-10,C-89667087,Toy-383634,Toys,Japan,Web
2,427.39,2024-08-10,C-09537008,Foo-375459,Food,Japan,Social Media
3,70.16,2025-12-13,C-03298924,Clo-686224,Clothing,United Kingdom,App
11,100.99,2023-08-29,C-69358962,Hea-476126,Health,Japan,Marketplace
7,389.84,2025-06-08,C-19495025,Mus-155069,Music,Australia,Marketplace
8,237.72,2022-07-14,C-08084208,Tra-897972,Travel,Germany,Social Media
3,192.42,2023-01-19,C-00221948,Aut-556780,Automotive,United States,App
9,84.57,2023-09-23,C-40816416,Mus-542563,Music,Poland,Web
7,375.08,2025-11-10,C-31733702,Spo-322359,Sports,Sweden,Email
13,54.67,2025-12-28,C-11172808,Hea-580266,Health,Austria,Social Media
10,44.97,2022-12-04,C-88072442,Spo-933268,Sports,Norway,Phone
4,25.06,2023-04-29,C-11133828,Ele-445994,Electronics,Sweden,Email
5,401.24,2023-12-03,C-15619280,Fur-909516,Furniture,Spain,Email
3,309.75,2022-09-24,C-01495378,Boo-002520,Books,United States,App
12,283.88,2025-04-14,C-80410341,Mus-608181,Music,Sweden,Marketplace
12,426.51,2023-02-21,C-93819002,Jew-401929,Jewelry,Mexico,Email
2,424.74,2022-10-07,C-47614337,Mus-947323,Music,Denmark,Social Media
4,84.33,2023-02-26,C-45178159,Boo-672117,Books,France,App
6,270.75,2022-02-12,C-17115537,Bea-390916,Beauty,Canada,App
16,39.34,2025-12-13,C-22579567,Ele-809771,Electronics,Switzerland,Web
3,100.13,2025-08-16,C-43364015,Spo-319135,Sports,Netherlands,Store
7,98.86,2025-12-18,C-76800708,Fur-888722,Furniture,Spain,App
11,339.47,2022-06-25,C-13247287,Off-659658,Office,Netherlands,Email
11,454.45,2024-09-07,C-04655309,Spo-306395,Sports,Italy,App
16,269.51,2025-05-27,C-66370870,Bea-048121,Beauty,Canada,Web
13,420.1,2024-06-17,C-27858217,Bea-902662,Beauty,Poland,App
9,231.84,2022-10-28,C-55521351,Foo-955956,Food,Portugal,App
10,36.47,2024-02-06,C-26963375,Jew-119905,Jewelry,Canada,Web
15,110.49,2025-01-01,C-51073307,Foo-428674,Food,Spain,Web
9,394.45,2025-04-13,C-61223304,Clo-637645,Clothing,Australia,Social Media
2,140.62,2022-06-22,C-71666979,Aut-345191,Automotive,Sweden,Web
2,473.59,2025-02-14,C-66592869,Toy-119664,Toys,Italy,Web
6,85.29,2023-09-25,C-95192926,Aut-577289,Automotive,Mexico,Phone
6,424.07,2025-05-28,C-60323692,Gar-262770,Garden,United Kingdom,Marketplace
19,461.21,2024-02-21,C-14582549,Off-073304,Office,United Kingdom,Web
11,322.91,2025-01-25,C-58631788,Tra-150525,Travel,France,Store
11,319.35,2023-02-13,C-52687437,Clo-869238,Clothing,Norway,Phone
17,230.38,2022-03-31,C-27728798,Bea-542231,Beauty,Italy,App
17,73.93,2024-02-18,C-52196791,Jew-173997,Jewelry,United States,Web
12,488.24,2023-02-26,C-38242955,Ele-410442,Electronics,Italy,Social Media
3,407.19,2022-04-13,C-04655309,Clo-627741,Clothing,Canada,Social Media
12,134.87,2022-08-18,C-56155330,Jew-899904,Jewelry,Australia,Marketplace
14,430.09,2024-01-10,C-22258680,Aut-947252,Automotive,Italy,Phone
3,137.82,2025-08-15,C-66447024,Tra-189734,Travel,Poland,Email
1,344.75,2023-11-28,C-14348130,Toy-234502,Toys,Austria,Phone
14,28.03,2024-04-10,C-60590184,Aut-145936,Automotive,Australia,Social Media
7,107.02,2022-06-29,C-35863083,Gar-139393,Garden,Japan,Marketplace
5,386.44,2022-03-23,C-08303045,Bea-620533,Beauty,Poland,App
7,31.35,2022-02-14,C-29004750,Toy-991340,Toys,Belgium,Email
16,249.4,2024-07-14,C-96899874,Boo-080442,Books,Portugal,App
13,116.18,2024-07-23,C-85730245,Foo-358221,Food,Italy,Store
10,472.99,2023-06-25,C-04131834,Tra-826989,Travel,United States,Social Media
3,353.55,2023-07-20,C-75310409,Gar-673676,Garden,Switzerland,App
17,189.47,2023-06-08,C-28252670,Mus-430748,Music,Canada,Phone
5,93.42,2023-11-28,C-13838283,Toy-194703,Toys,Switzerland,Email
9,214.07,2022-10-08,C-29680788,Mus-956813,Music,Austria,Marketplace
15,385.68,2023-03-04,C-77391210,Spo-950962,Sports,Sweden,Email
3,403.95,2022-04-11,C-33648030,Off-173847,Office,Japan,Web
13,142.37,2025-12-22,C-55696698,Foo-025297,Food,Italy,Web
9,204.61,2022-03-06,C-35700115,Boo-065181,Books,Germany,Web
18,426.86,2023-03-18,C-66005265,Aut-015257,Automotive,United States,Email
2,154.58,2025-01-17,C-19495025,Hea-700112,Health,Brazil,Web
18,420.07,2023-07-05,C-29227444,Tra-592133,Travel,Belgium,Marketplace
17,484.19,2023-01-21,C-40816416,Gar-306725,Garden,Norway,Email
11,11.98,2022-12-30,C-08303045,Mus-929136,Music,United States,Email
2,243.8,2023-08-23,C-73352991,Aut-207463,Automotive,Switzerland,Phone
1,89.68,2022-03-24,C-81260270,Clo-169113,Clothing,Australia,Marketplace
12,201.51,2022-12-19,C-29680788,Tra-149215,Travel,United States,Email
18,189.39,2024-12-04,C-71354562,Gar-708842,Garden,Canada,App
5,384.65,2023-11-09,C-04388288,Hea-211659,Health,Australia,Email
19,403.11,2022-02-20,C-29227444,Hea-362021,Health,Norway,Phone
18,49.83,2022-09-01,C-05085836,Jew-280944,Jewelry,Mexico,Phone
6,13.64,2024-03-15,C-12198751,Gar-014985,Garden,Germany,Phone
17,218.67,2025-11-12,C-83896442,Aut-636785,Automotive,France,App
5,270.19,2023-11-06,C-12564518,Clo-154492,Clothing,Portugal,Marketplace
7,194.64,2022-05-21,C-21013148,Ele-083296,Electronics,Portugal,Phone
13,203.75,2024-07-20,C-66005265,Clo-131171,Clothing,Spain,Email
16,154.92,2022-02-08,C-85002220,Ele-065716,Electronics,Norway,Marketplace
16,155.71,2024-06-20,C-01499930,Spo-846008,Sports,Australia,App
18,412.87,2022-02-03,C-89619648,Off-183042,Office,France,App
18,427.28,2024-12-31,C-15619280,Mus-574991,Music,France,Email
19,309.85,2024-11-18,C-80839328,Tra-828648,Travel,Brazil,Store
5,20.85,2022-01-04,C-93179907,Clo-418050,Clothing,Norway,Email
4,407.46,2023-09-22,C-43254822,Aut-572377,Automotive,Japan,Email
1,153.34,2024-03-06,C-37282969,Spo-483932,Sports,Portugal,Store
10,354.95,2025-06-27,C-27728798,Jew-540284,Jewelry,Brazil,Web
3,368.5,2022-07-11,C-78446420,Jew-883118,Jewelry,Portugal,Email
5,246.07,2023-03-06,C-00716732,Hea-260146,Health,Portugal,App
6,80.53,2025-01-10,C-87914090,Off-053702,Office,Brazil,App
18,186.76,2024-04-30,C-46803455,Toy-910432,Toys,Belgium,Social Media
5,406.24,2023-08-28,C-47831844,Mus-155827,Music,Germany,Phone
3,416.1,2023-07-10,C-96899874,Spo-626256,Sports,Spain,Marketplace
17,425.0,2024-08-11,C-65594419,Gar-138623,Garden,Canada,App
16,442.23,2025-06-04,C-89047975,Jew-761068,Jewelry,Belgium,App
2,279.27,2024-12-31,C-66005265,Hea-503599,Health,Belgium,Email
18,62.0,2023-05-18,C-29463459,Fur-319398,Furniture,Austria,Social Media
6,163.52,2025-08-24,C-94752604,Foo-137379,Food,Japan,App
3,53.7,2023-05-04,C-31776064,Clo-713232,Clothing,Australia,Social Media
7,326.24,2022-02-16,C-95405257,Toy-992258,Toys,Spain,Email
1,191.94,2024-08-22,C-41585681,Aut-003410,Automotive,France,App
11,179.65,2025-05-02,C-76270600,Jew-388197,Jewelry,Germany,Social Media
3,407.63,2022-12-26,C-57589671,Mus-548176,Music,Switzerland,App
4,374.46,2025-02-26,C-69814469,Jew-177680,Jewelry,Brazil,Marketplace
12,136.79,2024-02-09,C-83984056,Clo-870628,Clothing,Japan,Marketplace
19,465.88,2022-10-17,C-61648314,Spo-887915,Sports,Australia,Store
16,442.25,2022-09-14,C-59473796,Hea-522044,Health,Portugal,Social Media
5,51.35,2025-01-29,C-98797738,Fur-308262,Furniture,Sweden,Phone
16,260.22,2022-05-09,C-37619890,Clo-289426,Clothing,Sweden,Email
4,101.85,2025-07-29,C-37792256,Aut-033007,Automotive,Sweden,Phone
13,75.04,2025-05-03,C-14823370,Gar-653103,Garden,Netherlands,Marketplace
16,191.87,2025-11-08,C-23489168,Boo-557753,Books,Brazil,Social Media
14,435.19,2025-12-06,C-91848903,Toy-293543,Toys,United States,Store
13,238.28,2023-07-21,C-82193345,Mus-254710,Music,Poland,Phone
9,109.01,2022-09-08,C-57589671,Hea-751710,Health,Spain,Phone
7,232.2,2022-01-31,C-53923828,Foo-282567,Food,Denmark,Social Media
1,119.95,2022-03-24,C-58623748,Toy-741310,Toys,Spain,Email
18,31.18,2025-06-17,C-36596055,Bea-505159,Beauty,Japan,Store
17,252.82,2022-02-20,C-07706214,Boo-555081,Books,Belgium,Store
9,419.44,2022-11-19,C-27858217,Ele-160770,Electronics,Portugal,App
19,135.68,2022-04-21,C-33067849,Fur-051313,Furniture,Germany,Email
6,55.21,2023-10-20,C-44214705,Clo-280117,Clothing,Brazil,Store
11,333.41,2022-04-13,C-35700115,Ele-670568,Electronics,Brazil,Email
6,109.83,2025-08-29,C-11498981,Spo-460100,Sports,Australia,Marketplace
11,50.72,2025-07-13,C-07674407,Clo-963665,Clothing,Belgium,Email
5,38.82,2023-05-31,C-99951237,Clo-011558,Clothing,Portugal,Web
11,444.12,2024-10-24,C-88072442,Bea-941013,Beauty,Belgium,App
8,174.68,2022-04-24,C-67734713,Tra-658486,Travel,Brazil,Store
7,203.15,2022-04-24,C-40816416,Toy-702904,Toys,Japan,Web
8,100.03,2022-04-14,C-48248138,Toy-607048,Toys,Spain,Web
13,316.41,2022-04-11,C-87531984,Toy-790367,Toys,Canada,Store
8,241.37,2024-10-02,C-32024053,Hea-630767,Health,Sweden,Web
15,186.58,2022-08-18,C-03358637,Clo-390871,Clothing,Brazil,Store
6,67.75,2023-03-07,C-74765923,Hea-722539,Health,Mexico,Marketplace
2,417.58,2025-04-22,C-64801937,Fur-965715,Furniture,United Kingdom,Phone
10,217.18,2025-09-01,C-03358637,Ele-655431,Electronics,Norway,Marketplace
2,274.74,2024-01-18,C-47607714,Tra-798326,Travel,Canada,Web
16,417.5,2023-11-16,C-35169198,Hea-322162,Health,United Kingdom,Web
8,395.49,2022-07-22,C-01878061,Tra-535294,Travel,Belgium,Web
10,459.54,2024-06-06,C-25764795,Aut-600775,Automotive,Denmark,Store
2,27.16,2022-11-19,C-04388288,Hea-456807,Health,Poland,App
19,224.18,2024-05-31,C-38384646,Fur-205360,Furniture,Canada,Email
4,70.38,2022-07-25,C-56171343,Toy-238536,Toys,Belgium,Web
1,349.59,2024-03-24,C-76803278,Ele-907486,Electronics,Netherlands,Social Media
12,264.91,2022-05-11,C-79632009,Gar-900987,Garden,Switzerland,App
16,24.51,2023-09-05,C-43310463,Aut-623220,Automotive,Sweden,Phone
18,261.02,2025-03-25,C-07674407,Tra-052855,Travel,Portugal,Store
13,191.29,2022-11-23,C-69425350,Jew-814942,Jewelry,Switzerland,Phone
4,474.97,2025-09-19,C-77391210,Aut-011390,Automotive,Norway,App
1,205.73,2022-11-11,C-60590184,Spo-521227,Sports,France,Phone
13,347.53,2024-09-30,C-81260270,Mus-290173,Music,Sweden,Social Media
12,124.94,2022-11-21,C-33648030,Fur-758462,Furniture,Brazil,Social Media
10,90.5,2024-08-19,C-17640864,Gar-245818,Garden,Sweden,App
17,297.73,2023-08-09,C-27858217,Ele-442020,Electronics,Poland,Social Media
17,88.68,2022-12-16,C-07680834,Jew-931341,Jewelry,Germany,Social Media
10,306.32,2023-07-26,C-33237296,Bea-272845,Beauty,Japan,Web
15,137.83,2025-09-09,C-02890690,Off-045897,Office,Portugal,App
19,422.29,2024-05-15,C-69814469,Tra-064718,Travel,Denmark,Marketplace
8,367.12,2024-03-05,C-80434627,Spo-411723,Sports,Sweden,Social Media
7,145.77,2022-02-06,C-72966724,Ele-758392,Electronics,Belgium,Store
5,433.88,2022-11-13,C-78446420,Aut-431936,Automotive,Canada,Store
18,149.8,2022-02-28,C-18732299,Boo-414568,Books,Japan,App
19,15.03,2025-06-12,C-27407092,Boo-495680,Books,Japan,Phone
14,442.83,2025-08-27,C-48888222,Off-133688,Office,Germany,Web
19,204.23,2022-12-22,C-45499076,Jew-246615,Jewelry,Netherlands,Web
16,367.91,2024-05-08,C-80730111,Off-972675,Office,United Kingdom,Store
4,76.55,2025-02-08,C-95885847,Tra-884471,Travel,Italy,Marketplace
18,218.5,2022-12-27,C-66049568,Bea-697267,Beauty,Denmark,Email
11,193.88,2023-05-24,C-44561552,Spo-632876,Sports,Mexico,Store
10,117.75,2024-12-22,C-52687437,Fur-297206,Furniture,France,Web
3,439.61,2024-01-21,C-03613300,Toy-296668,Toys,Belgium,App
1,22.03,2025-10-14,C-76810864,Foo-835055,Food,Germany,Email
10,459.46,2023-04-04,C-55521351,Jew-504115,Jewelry,Portugal,Phone
10,234.4,2025-09-20,C-77990744,Clo-258880,Clothing,Netherlands,Web
2,378.6,2022-11-05,C-40712411,Mus-147834,Music,Sweden,Marketplace
4,481.68,2024-09-19,C-44259536,Jew-858922,Jewelry,Brazil,Web
6,260.0,2023-02-02,C-69654804,Boo-667881,Books,Netherlands,Web
4,369.77,2023-01-14,C-40816416,Foo-921828,Food,Denmark,Web
18,199.08,2025-06-22,C-38567964,Aut-994736,Automotive,Portugal,Store
8,492.82,2025-08-13,C-07375902,Clo-228967,Clothing,Switzerland,Email
1,129.58,2025-04-02,C-14362275,Ele-442101,Electronics,France,Web
7,259.12,2024-06-03,C-69850346,Mus-858806,Music,United States,Social Media
15,135.71,2024-10-12,C-13192293,Fur-133899,Furniture,Norway,Email
8,149.71,2023-07-25,C-46857022,Tra-040219,Travel,Australia,Social Media
12,340.45,2024-03-05,C-36596055,Off-937003,Office,Italy,Marketplace
2,356.07,2025-03-25,C-73823713,Fur-333951,Furniture,France,Phone
6,440.54,2023-11-06,C-52687437,Bea-803608,Beauty,Spain,Email
14,93.5,2022-03-19,C-65793662,Gar-161965,Garden,Canada,Email
14,128.26,2022-03-01,C-32186206,Spo-885791,Sports,Spain,Social Media
1,435.13,2024-05-11,C-03797010,Fur-711625,Furniture,Italy,Marketplace
8,454.95,2022-09-30,C-36973153,Aut-705721,Automotive,Poland,Web
2,82.41,2024-04-10,C-47467171,Bea-052562,Beauty,Belgium,Store
4,354.74,2022-07-26,C-10382808,Aut-353255,Automotive,Denmark,Marketplace
10,110.45,2025-05-24,C-29227444,Bea-256101,Beauty,Australia,Email
5,154.44,2023-07-12,C-28663874,Ele-948187,Electronics,Italy,Web
1,449.88,2024-08-07,C-96638930,Foo-218715,Food,Poland,Phone
2,34.77,2025-11-16,C-86752706,Toy-477376,Toys,Austria,Store
14,418.86,2022-03-16,C-59637217,Gar-266506,Garden,Norway,Web
17,399.11,2023-09-03,C-11593189,Toy-704938,Toys,Norway,App
4,323.55,2025-12-18,C-56445786,Toy-869967,Toys,Switzerland,Web
1,374.57,2023-04-12,C-69654804,Mus-019974,Music,Austria,Social Media
10,113.55,2024-04-13,C-96319520,Boo-338195,Books,Germany,Web
12,424.77,2023-09-20,C-46238432,Off-491835,Office,United States,Email
15,369.02,2025-09-20,C-33648030,Foo-276082,Food,Mexico,Social Media
7,345.51,2023-11-07,C-10353855,Off-615713,Office,Denmark,App
12,219.91,2025-08-03,C-71666979,Gar-562306,Garden,Poland,Store
7,243.73,2025-03-11,C-88131584,Mus-111160,Music,United Kingdom,Email
4,294.28,2024-02-15,C-88072442,Ele-828635,Electronics,United Kingdom,Social Media
16,136.5,2024-05-09,C-01878061,Fur-950010,Furniture,Denmark,Social Media
19,332.5,2022-11-29,C-84592199,Jew-088437,Jewelry,Spain,Phone
16,401.27,2022-04-22,C-58631788,Mus-093730,Music,Brazil,Phone
10,478.7,2025-11-23,C-43344687,Off-884362,Office,Netherlands,Email
15,340.71,2023-09-09,C-58263729,Spo-394675,Sports,Denmark,Store
11,96.22,2024-11-15,C-14863834,Clo-944142,Clothing,Netherlands,App
5,96.96,2023-12-21,C-58593771,Boo-530172,Books,Sweden,Email
19,18.41,2022-08-19,C-80839328,Off-388448,Office,Switzerland,Email
18,221.23,2025-03-01,C-76399890,Jew-437687,Jewelry,Australia,Store
4,177.35,2022-01-08,C-53923828,Bea-644715,Beauty,Canada,Web
3,146.51,2025-05-10,C-08845506,Boo-712685,Books,Denmark,Email
6,381.5,2023-09-24,C-75021103,Clo-797922,Clothing,United States,Social Media
5,210.71,2024-02-06,C-36973153,Toy-730758,Toys,Italy,Store
1,292.37,2024-05-18,C-14348130,Spo-206388,Sports,Japan,Web
12,315.5,2025-04-19,C-13192293,Gar-034909,Garden,Portugal,App
2,65.29,2022-12-11,C-49819326,Fur-004189,Furniture,Netherlands,Store
10,294.62,2024-10-21,C-40066424,Tra-932795,Travel,Australia,Email
9,226.56,2025-05-09,C-66005265,Foo-251435,Food,Netherlands,App
4,190.2,2022-11-26,C-29832082,Aut-840157,Automotive,United States,Marketplace
12,277.74,2022-03-12,C-70140173,Toy-971302,Toys,Italy,Phone
3,261.8,2025-08-15,C-02638398,Gar-364748,Garden,Switzerland,Phone
15,278.07,2025-11-14,C-19336679,Bea-454707,Beauty,Portugal,Store
3,80.76,2022-06-29,C-04082137,Gar-543680,Garden,Norway,Email
17,184.68,2022-06-08,C-00571789,Tra-731767,Travel,Australia,Marketplace
7,340.84,2024-08-09,C-28616400,Toy-064006,Toys,Italy,Web
8,486.27,2025-04-26,C-93712739,Ele-566026,Electronics,Switzerland,Store
7,178.04,2025-08-29,C-29832082,Tra-515211,Travel,Poland,Store
16,460.23,2024-12-04,C-96295925,Bea-849232,Beauty,Canada,Store
19,320.58,2023-12-01,C-11498981,Aut-496798,Automotive,Italy,App
12,9.23,2022-04-05,C-43344687,Spo-655984,Sports,United Kingdom,App
1,188.17,2024-10-16,C-68849874,Gar-589958,Garden,Portugal,Phone
7,124.46,2025-12-21,C-51510185,Jew-320519,Jewelry,Denmark,Phone
6,489.8,2025-07-07,C-89619648,Clo-472106,Clothing,Sweden,Phone
9,39.54,2024-06-25,C-58631788,Aut-900926,Automotive,Germany,Phone
19,343.33,2023-08-28,C-89619648,Toy-499134,Toys,Netherlands,Store
13,119.18,2024-01-02,C-88131584,Tra-797047,Travel,Italy,Web
7,72.74,2025-10-01,C-98578568,Jew-567392,Jewelry,Mexico,Phone
18,200.68,2022-09-11,C-52196791,Ele-665754,Electronics,Australia,Email
6,363.98,2024-05-05,C-25096724,Jew-090556,Jewelry,Switzerland,Store
17,332.41,2024-02-23,C-24874629,Mus-361640,Music,Australia,Social Media
8,218.21,2022-10-13,C-74765923,Mus-282060,Music,Germany,App
3,248.97,2023-09-09,C-15619280,Jew-978000,Jewelry,Germany,Marketplace
3,348.67,2023-06-29,C-00221948,Bea-012789,Beauty,Norway,Email
14,43.47,2025-10-31,C-10382808,Mus-967266,Music,Austria,App
18,42.07,2025-07-13,C-06140306,Spo-888461,Sports,Portugal,App
10,85.92,2022-11-03,C-40759502,Aut-870761,Automotive,Norway,Marketplace
15,237.48,2022-01-25,C-45237494,Bea-050983,Beauty,Japan,App
12,80.63,2024-12-27,C-63879404,Boo-440292,Books,Germany,Social Media
8,358.09,2025-06-21,C-48888222,Boo-286633,Books,Brazil,App
19,80.45,2023-09-14,C-57589671,Gar-678350,Garden,France,Web
19,361.33,2025-03-25,C-82924856,Off-013022,Office,Brazil,Social Media
2,211.15,2025-10-24,C-89601719,Ele-814494,Electronics,Mexico,Store
16,383.42,2024-08-04,C-03074311,Gar-279073,Garden,Portugal,Social Media
14,206.26,2024-07-03,C-56155330,Jew-556277,Jewelry,France,App
10,181.11,2022-11-21,C-63062112,Clo-591373,Clothing,Switzerland,Web
4,396.0,2022-09-07,C-14167380,Tra-419311,Travel,Portugal,Web
19,411.39,2025-03-17,C-34043398,Off-557731,Office,Denmark,Marketplace
5,422.51,2022-09-05,C-00571789,Jew-039955,Jewelry,Austria,Marketplace
9,82.03,2022-12-29,C-95885847,Off-567457,Office,Belgium,Store
17,490.72,2023-09-04,C-53082079,Spo-328902,Sports,Norway,Store
18,257.84,2024-03-20,C-37282969,Clo-493175,Clothing,Poland,Email
15,277.68,2022-08-17,C-61648314,Toy-671125,Toys,Australia,App
10,366.83,2023-07-26,C-55546816,Tra-208140,Travel,Austria,Store
13,303.4,2024-03-25,C-03964660,Off-288400,Office,Germany,Marketplace
13,266.89,2024-07-02,C-39200287,Foo-144266,Food,Sweden,Phone
8,286.1,2024-07-04,C-69425350,Boo-820591,Books,Switzerland,Phone
12,240.55,2024-04-23,C-34187596,Tra-153772,Travel,Norway,App
19,433.27,2024-05-18,C-66918517,Ele-036664,Electronics,Brazil,Marketplace
11,236.91,2025-10-07,C-96295925,Spo-207259,Sports,Mexico,Store
16,222.37,2025-04-09,C-44214705,Boo-500519,Books,Portugal,Email
3,59.72,2025-08-08,C-75123250,Off-828352,Office,Spain,Phone
11,419.06,2022-08-01,C-98325575,Boo-873710,Books,Belgium,Phone
1,288.65,2025-06-01,C-29227444,Bea-763732,Beauty,Japan,Social Media
5,249.52,2025-09-04,C-72893017,Aut-446050,Automotive,Spain,Store
13,213.29,2025-04-03,C-25764795,Off-256779,Office,France,App
5,153.56,2022-10-26,C-85645658,Foo-486010,Food,Austria,Email
5,15.77,2023-11-01,C-04202589,Gar-728474,Garden,Austria,Store
11,159.58,2024-01-23,C-73823713,Fur-760830,Furniture,Mexico,Marketplace
2,64.6,2025-01-13,C-57589671,Bea-552879,Beauty,United Kingdom,Marketplace
7,429.01,2022-01-15,C-93179907,Toy-024217,Toys,Portugal,App
19,47.34,2024-01-15,C-44561552,Toy-193219,Toys,Canada,Phone
1,387.71,2025-02-20,C-78758323,Aut-283287,Automotive,Denmark,Email
19,308.64,2024-01-16,C-46803455,Mus-686292,Music,Australia,Social Media
16,303.08,2025-07-21,C-44259536,Hea-724528,Health,Belgium,Phone
16,386.16,2023-07-30,C-36104271,Jew-430980,Jewelry,Mexico,Social Media
19,497.56,2023-09-15,C-44561552,Off-080135,Office,Germany,Social Media
6,322.67,2022-08-30,C-61295722,Clo-002885,Clothing,United States,Email
18,68.54,2022-04-12,C-83896442,Bea-646806,Beauty,Switzerland,App
6,151.55,2023-01-13,C-03358637,Bea-929230,Beauty,Portugal,Phone
4,200.28,2022-11-11,C-44214705,Hea-891646,Health,Netherlands,Email
1,148.83,2025-08-13,C-02885459,Aut-562458,Automotive,Canada,Store
2,464.12,2024-08-01,C-96638930,Hea-368761,Health,Spain,Store
5,352.44,2024-02-28,C-07680834,Off-675421,Office,Netherlands,Store
12,239.11,2024-08-05,C-37389171,Clo-779014,Clothing,Italy,App
15,270.63,2025-12-17,C-23489168,Foo-284319,Food,France,Marketplace
6,309.25,2022-09-01,C-95538520,Toy-218525,Toys,Austria,Social Media
13,231.48,2024-03-23,C-79851234,Foo-128259,Food,Brazil,Marketplace
5,415.65,2025-03-31,C-48042983,Aut-651045,Automotive,Italy,App
10,66.42,2025-04-20,C-35605602,Gar-355294,Garden,Austria,Phone
17,30.68,2022-06-05,C-58593771,Spo-581784,Sports,Sweden,Marketplace
19,469.64,2023-09-15,C-69358962,Toy-221436,Toys,Norway,Web
12,114.58,2022-04-07,C-42970743,Boo-130742,Books,France,Social Media
5,374.87,2023-04-10,C-34043398,Spo-967263,Sports,Spain,Email
14,283.74,2022-08-17,C-04655309,Aut-262915,Automotive,Austria,Marketplace
14,57.19,2025-07-28,C-79340041,Toy-229556,Toys,Brazil,Phone
18,452.14,2023-12-05,C-93179907,Aut-097570,Automotive,Mexico,App
14,325.16,2023-07-29,C-13268463,Aut-462930,Automotive,Portugal,App
3,470.95,2025-08-29,C-88131584,Spo-797841,Sports,Mexico,Social Media
1,425.29,2023-12-03,C-44034970,Foo-278600,Food,Germany,Marketplace
4,357.42,2024-01-24,C-39312362,Jew-709324,Jewelry,Brazil,Social Media
7,284.15,2023-09-08,C-11172597,Aut-907950,Automotive,Austria,Email
10,237.06,2023-12-24,C-29227444,Spo-796427,Sports,United Kingdom,Marketplace
12,322.17,2025-07-30,C-04202589,Off-694386,Office,Brazil,Marketplace
6,381.09,2023-02-27,C-26931360,Hea-206436,Health,Portugal,App
6,159.23,2024-08-23,C-99336445,Boo-687570,Books,United States,Web
19,156.48,2022-09-21,C-30556313,Clo-351527,Clothing,Germany,Marketplace
4,238.75,2025-08-10,C-32186206,Ele-220466,Electronics,Switzerland,App
2,54.01,2025-10-04,C-89337463,Ele-584024,Electronics,United States,Phone
19,122.85,2024-05-27,C-51510185,Clo-328744,Clothing,Australia,App
16,223.64,2024-07-12,C-86898981,Spo-601534,Sports,Germany,Phone
10,60.16,2023-02-23,C-81261231,Clo-316691,Clothing,France,Store
15,172.12,2022-04-29,C-64838435,Clo-751333,Clothing,Belgium,Social Media
18,181.77,2023-05-04,C-34194127,Off-857568,Office,United States,Store
2,157.71,2024-12-14,C-21964351,Clo-271747,Clothing,Portugal,Social Media
3,29.98,2022-07-13,C-60323692,Clo-612204,Clothing,Germany,Marketplace
11,9.81,2025-08-14,C-43022236,Clo-232415,Clothing,Japan,Email
17,445.93,2022-03-25,C-72341909,Ele-255954,Electronics,Belgium,Web
3,261.29,2022-10-22,C-52196791,Mus-390608,Music,Italy,Web
1,38.37,2025-04-14,C-81261231,Foo-174159,Food,Mexico,Web
13,116.18,2023-03-09,C-27728798,Spo-092254,Sports,Canada,Social Media
1,210.78,2024-06-12,C-07706214,Ele-764583,Electronics,United Kingdom,Web
5,74.91,2025-03-29,C-75609212,Tra-382660,Travel,Portugal,Phone
16,212.19,2025-02-06,C-81261231,Tra-878273,Travel,Sweden,Marketplace
15,152.29,2025-12-01,C-61453651,Hea-747114,Health,Portugal,Phone
18,385.86,2023-01-13,C-72026020,Jew-237288,Jewelry,Germany,Email
12,411.02,2023-04-20,C-28481406,Toy-614292,Toys,Sweden,Social Media
15,311.05,2025-03-02,C-08303045,Tra-704612,Travel,United Kingdom,Store
17,338.85,2022-06-11,C-99725234,Fur-018955,Furniture,Norway,App
1,332.67,2022-03-21,C-12450349,Bea-859285,Beauty,Denmark,Marketplace
15,331.34,2024-06-19,C-89619648,Foo-379294,Food,United Kingdom,Social Media
11,204.14,2022-08-28,C-28663874,Aut-700935,Automotive,Belgium,App
8,356.95,2023-01-31,C-36104271,Ele-882316,Electronics,Spain,Marketplace
10,255.87,2024-11-29,C-33067849,Aut-799120,Automotive,Netherlands,Email
7,243.75,2023-02-05,C-55696698,Hea-315553,Health,France,Marketplace
18,15.06,2024-06-27,C-14989806,Jew-521956,Jewelry,Mexico,App
7,150.87,2022-04-04,C-01425733,Aut-572059,Automotive,Austria,Store
9,468.77,2023-12-01,C-51073307,Gar-454788,Garden,Italy,Web
15,131.07,2023-05-30,C-86674277,Jew-973552,Jewelry,Australia,Marketplace
19,487.33,2023-02-07,C-22393430,Mus-023016,Music,Germany,Store
4,41.53,2023-03-18,C-69425350,Toy-471190,Toys,Canada,Web
6,495.26,2024-08-13,C-17474126,Ele-779148,Electronics,Portugal,App
18,66.07,2022-01-03,C-49819326,Off-108708,Office,Brazil,Phone
7,108.19,2023-11-13,C-85780309,Off-646703,Office,Italy,Marketplace
10,382.7,2025-10-03,C-54512617,Hea-047119,Health,Switzerland,Web
5,156.57,2024-09-18,C-85002220,Off-186710,Office,France,Web
6,277.87,2024-02-19,C-58623748,Clo-947944,Clothing,United States,Social Media
15,230.67,2025-02-07,C-92295932,Clo-791563,Clothing,France,App
11,182.44,2025-09-19,C-29230901,Ele-301498,Electronics,Brazil,Email
16,308.31,2023-09-04,C-13838283,Jew-993253,Jewelry,Poland,Social Media
14,219.88,2023-03-20,C-27185779,Jew-162011,Jewelry,Denmark,Email
11,47.6,2023-01-30,C-01499930,Spo-896178,Sports,Brazil,Email
9,78.88,2025-02-11,C-89619648,Jew-395764,Jewelry,Canada,Marketplace
1,60.57,2025-02-27,C-88764007,Off-762015,Office,Italy,Phone
15,175.79,2022-10-24,C-34756280,Gar-790624,Garden,Germany,App
7,73.83,2022-02-04,C-95950020,Tra-260079,Travel,Sweden,Marketplace
15,347.3,2024-12-30,C-73291975,Toy-841743,Toys,Germany,Phone
14,245.32,2024-11-07,C-73352991,Jew-080016,Jewelry,Austria,Phone
16,476.11,2025-01-04,C-69850346,Boo-267672,Books,United Kingdom,Social Media
4,162.02,2024-10-30,C-48732589,Spo-193086,Sports,Switzerland,Marketplace
9,173.82,2022-04-15,C-86793558,Hea-933038,Health,Netherlands,Store
12,128.8,2025-06-06,C-04202589,Boo-536894,Books,Japan,Social Media
18,43.49,2025-03-25,C-84592199,Foo-778068,Food,Australia,Web
10,132.55,2022-12-09,C-04857421,Hea-411021,Health,Mexico,Web
2,322.22,2023-05-24,C-57442109,Spo-672197,Sports,Netherlands,Web
9,84.43,2024-05-15,C-32317799,Mus-340405,Music,Norway,Web
4,278.37,2024-03-14,C-41080844,Mus-180493,Music,Portugal,App
4,242.13,2023-08-02,C-09075991,Bea-531553,Beauty,Italy,Store
2,444.23,2024-11-27,C-61648314,Tra-573694,Travel,Germany,App
16,457.71,2023-04-07,C-58125275,Ele-262040,Electronics,United Kingdom,Marketplace
6,15.66,2025-04-07,C-74514164,Gar-213092,Garden,Belgium,App
8,153.58,2024-07-25,C-14863834,Hea-311354,Health,Austria,Phone
15,328.09,2022-01-05,C-30456182,Ele-227492,Electronics,Netherlands,Marketplace
18,418.6,2023-04-24,C-89667087,Gar-070802,Garden,Switzerland,Social Media
19,68.71,2025-01-12,C-91848903,Spo-507669,Sports,Denmark,Marketplace
1,370.36,2022-12-15,C-84862724,Jew-745040,Jewelry,Spain,Email
14,126.17,2024-04-18,C-81260270,Tra-688886,Travel,Belgium,Phone
15,496.15,2022-09-17,C-13838283,Jew-296298,Jewelry,Portugal,App
4,46.77,2025-04-28,C-44777025,Toy-777932,Toys,Japan,Social Media
3,23.25,2024-02-05,C-12945345,Spo-263833,Sports,Italy,Marketplace
4,387.37,2022-02-11,C-12376621,Off-118361,Office,Switzerland,App
12,293.52,2024-03-21,C-61850780,Mus-440440,Music,Brazil,Store
3,314.13,2024-08-25,C-68421440,Toy-448808,Toys,Poland,App
8,222.64,2025-04-25,C-16276701,Hea-036649,Health,United Kingdom,Email
14,200.73,2025-06-24,C-44394558,Clo-169395,Clothing,Italy,Phone
15,70.07,2025-10-10,C-46803455,Mus-786559,Music,Denmark,Store
17,261.55,2023-11-17,C-27858217,Toy-354022,Toys,Norway,Email
18,480.17,2022-12-05,C-69025898,Clo-054996,Clothing,France,Phone
12,302.78,2024-12-16,C-31491448,Spo-585250,Sports,Spain,App
1,260.0,2025-03-16,C-74514164,Bea-375682,Beauty,United States,Phone
13,495.42,2025-09-15,C-43364015,Bea-621663,Beauty,United Kingdom,Social Media
15,301.5,2024-10-25,C-65235738,Fur-477103,Furniture,Australia,Email
9,405.11,2023-03-30,C-32013927,Ele-808434,Electronics,Germany,Email
16,52.07,2023-03-27,C-43344687,Fur-517897,Furniture,Germany,App
11,139.77,2023-08-25,C-11177777,Boo-712170,Books,Italy,Store
16,44.34,2023-01-09,C-49938177,Bea-603717,Beauty,Netherlands,Social Media
5,83.95,2024-09-16,C-35863083,Off-806302,Office,France,Phone
14,398.62,2025-02-13,C-45237494,Gar-241178,Garden,Italy,Store
16,286.61,2023-03-27,C-43022236,Toy-460240,Toys,Belgium,Web
14,165.32,2023-10-09,C-43344687,Mus-731627,Music,Spain,Web
14,363.49,2024-10-26,C-29832082,Boo-825612,Books,Austria,Phone
1,188.39,2022-12-14,C-91848903,Jew-963723,Jewelry,Portugal,Social Media
13,316.37,2022-08-21,C-89667087,Tra-079939,Travel,Netherlands,Social Media
2,372.17,2023-05-07,C-39312362,Boo-628533,Books,Netherlands,App
17,223.88,2024-01-20,C-26963375,Ele-811885,Electronics,France,Phone
16,381.89,2025-01-24,C-20625702,Ele-827335,Electronics,Japan,Store
19,52.62,2022-08-26,C-28481406,Hea-328968,Health,Norway,App
14,96.07,2023-03-27,C-03077799,Ele-964884,Electronics,United States,Store
11,307.06,2025-06-28,C-34043398,Spo-935932,Sports,Spain,Social Media
4,35.52,2025-09-10,C-75609212,Foo-110450,Food,Denmark,Social Media
7,479.82,2024-11-08,C-58844515,Ele-474486,Electronics,Brazil,Web
10,235.3,2022-09-19,C-40816416,Aut-538065,Automotive,Norway,Store
19,327.31,2023-04-09,C-29004750,Boo-629911,Books,Canada,App
2,372.5,2022-02-07,C-25569498,Hea-640420,Health,Belgium,Web
10,278.07,2023-12-01,C-07674407,Tra-296742,Travel,Denmark,Marketplace
8,310.69,2022-04-14,C-55597799,Toy-345246,Toys,Sweden,Email
5,185.43,2023-07-01,C-45178159,Tra-136183,Travel,Mexico,Web
18,56.59,2023-03-31,C-48219660,Foo-210585,Food,France,App
6,107.3,2024-09-28,C-86887776,Hea-588170,Health,Japan,Web
7,236.81,2022-03-15,C-28442622,Hea-517371,Health,Netherlands,Phone
3,13.16,2023-12-04,C-28663874,Clo-341150,Clothing,Spain,Social Media
13,80.23,2024-11-01,C-80730111,Toy-988243,Toys,Spain,Social Media
5,414.16,2024-10-19,C-80730111,Hea-403199,Health,Denmark,App
13,193.54,2022-12-16,C-02638398,Bea-439149,Beauty,Japan,Phone
8,75.0,2022-11-22,C-89047975,Clo-803497,Clothing,Denmark,Email
3,19.09,2023-03-06,C-02638398,Jew-438650,Jewelry,Canada,Phone
6,452.04,2025-10-05,C-44561552,Off-406894,Office,Canada,Store
6,40.89,2025-02-04,C-97457004,Mus-894462,Music,France,Social Media
4,92.52,2022-03-27,C-47831844,Gar-760089,Garden,Belgium,Web
3,259.87,2022-07-07,C-55546816,Toy-372292,Toys,Italy,Phone
3,469.96,2022-06-16,C-23562036,Gar-000670,Garden,Australia,Social Media
11,136.84,2024-12-04,C-95575943,Foo-479797,Food,Austria,Social Media
16,41.57,2023-04-26,C-36207775,Aut-185559,Automotive,Germany,Web
6,184.13,2023-07-08,C-11593189,Toy-873390,Toys,Portugal,Email
15,308.91,2025-06-21,C-76319842,Bea-321719,Beauty,Japan,Social Media
12,348.27,2025-06-24,C-01495378,Mus-935477,Music,France,App
1,421.48,2023-11-17,C-48732589,Spo-384207,Sports,Belgium,Store
19,52.84,2025-07-28,C-96638930,Toy-540022,Toys,Netherlands,Marketplace
1,425.93,2024-07-03,C-76803278,Bea-281838,Beauty,Australia,Web
8,135.06,2023-05-22,C-16444729,Hea-934995,Health,United Kingdom,Marketplace
13,207.32,2024-08-29,C-37619890,Jew-133069,Jewelry,Norway,App
17,249.08,2024-07-04,C-04759341,Jew-028318,Jewelry,Norway,Phone
5,422.13,2023-10-31,C-58623748,Toy-000186,Toys,Japan,Marketplace
16,470.73,2025-05-15,C-69723028,Off-971585,Office,United States,Social Media
5,409.36,2024-03-15,C-32186206,Bea-526659,Beauty,Italy,Phone
7,126.11,2022-07-02,C-95538520,Aut-689429,Automotive,United Kingdom,Email
5,368.42,2023-11-18,C-00221948,Toy-808497,Toys,Poland,Marketplace
13,424.9,2024-12-28,C-01425733,Aut-178089,Automotive,Brazil,Marketplace
15,94.76,2025-02-10,C-99725234,Bea-923446,Beauty,Spain,Store
17,297.93,2024-05-06,C-10975431,Jew-921540,Jewelry,Spain,Email
6,465.69,2025-02-28,C-67404415,Boo-605418,Books,Norway,App
1,244.12,2025-04-24,C-80410341,Ele-603358,Electronics,Germany,Email
11,339.6,2023-08-19,C-63062112,Aut-594021,Automotive,Netherlands,Phone
19,93.16,2023-06-07,C-95192926,Fur-476930,Furniture,Japan,Phone
14,418.14,2023-05-09,C-08397369,Toy-702298,Toys,United States,App
4,82.8,2022-07-23,C-69025898,Off-263735,Office,Sweden,Social Media
18,55.89,2025-12-20,C-60323692,Clo-191478,Clothing,Austria,Store
10,424.18,2022-12-02,C-25569498,Spo-722258,Sports,Spain,Web
8,243.87,2024-05-08,C-85460227,Boo-600916,Books,Japan,Marketplace
11,124.09,2024-06-02,C-44131482,Fur-693167,Furniture,Brazil,Marketplace
13,149.65,2025-11-06,C-79632009,Toy-804845,Toys,Brazil,Email
9,185.52,2025-05-07,C-45189196,Ele-191923,Electronics,United Kingdom,App
13,68.13,2025-04-07,C-29680788,Hea-753412,Health,Spain,Marketplace
5,97.02,2024-02-25,C-23562036,Boo-739123,Books,Netherlands,App
9,288.0,2023-12-13,C-73478428,Mus-410435,Music,Belgium,Web
17,207.99,2025-02-04,C-43320541,Foo-042736,Food,United States,Store
19,452.07,2023-02-11,C-31776064,Tra-560459,Travel,Brazil,Phone
2,482.23,2025-03-23,C-30456182,Tra-409436,Travel,United States,Marketplace
19,93.52,2023-12-25,C-03358637,Off-264667,Office,Japan,App
7,321.49,2022-11-14,C-42435059,Off-792521,Office,Japan,Store
2,345.54,2023-11-25,C-25388461,Tra-085240,Travel,Poland,Marketplace
11,189.77,2023-04-08,C-73541394,Bea-316597,Beauty,Canada,Social Media
18,136.41,2025-08-27,C-45189196,Aut-073518,Automotive,Belgium,Web
13,223.83,2023-01-07,C-50169180,Toy-525203,Toys,Austria,Email
16,233.76,2024-10-24,C-34187596,Aut-828956,Automotive,Poland,Store
9,75.19,2025-06-18,C-86452949,Fur-282615,Furniture,Mexico,Social Media
11,318.3,2024-02-24,C-13247287,Jew-313097,Jewelry,Spain,Email
11,52.75,2025-02-12,C-23489168,Mus-035852,Music,Denmark,Web
12,92.32,2025-01-03,C-69919834,Off-995816,Office,Italy,App
18,185.42,2022-10-06,C-12780542,Hea-008890,Health,Switzerland,Store
15,378.49,2024-09-05,C-85645658,Fur-251217,Furniture,Canada,Email
8,6.04,2024-06-05,C-60323692,Foo-172586,Food,Switzerland,Email
12,372.71,2023-06-21,C-53923828,Foo-381298,Food,France,Marketplace
3,354.47,2024-01-06,C-99882419,Off-421939,Office,Poland,Store
1,440.9,2023-01-02,C-07680834,Tra-974851,Travel,United States,Web
2,100.59,2023-11-21,C-92295932,Toy-716057,Toys,France,App
8,199.14,2023-06-05,C-68849874,Fur-171235,Furniture,Australia,Marketplace
6,492.93,2025-10-30,C-55290918,Aut-773150,Automotive,France,Marketplace
18,283.17,2023-12-18,C-95364434,Foo-472849,Food,Norway,App
1,110.73,2023-11-21,C-76932090,Spo-605089,Sports,Switzerland,Phone
1,348.43,2025-05-05,C-25388461,Fur-387870,Furniture,Brazil,Email
2,444.06,2025-03-23,C-01425733,Foo-277480,Food,Japan,Marketplace
2,331.69,2024-03-09,C-48042983,Mus-792824,Music,Switzerland,Web
15,225.2,2023-09-11,C-47614337,Gar-248255,Garden,Norway,Email
6,362.87,2025-08-05,C-34756280,Foo-754721,Food,France,Marketplace
7,380.52,2024-07-17,C-85947324,Spo-368762,Sports,Belgium,Email
10,230.06,2025-04-15,C-89337463,Boo-708831,Books,Brazil,App
15,108.14,2025-07-11,C-30456182,Fur-515276,Furniture,Mexico,App
14,65.59,2025-01-24,C-36941673,Jew-051705,Jewelry,Norway,Web
13,207.47,2024-09-03,C-35169198,Gar-585436,Garden,Sweden,Web
16,430.5,2022-04-09,C-29463459,Gar-198321,Garden,Switzerland,Web
3,188.28,2022-11-05,C-92141302,Clo-022837,Clothing,Spain,Marketplace
13,144.89,2024-08-22,C-31562395,Bea-165964,Beauty,Japan,Email
7,10.79,2024-07-09,C-82193345,Boo-840161,Books,Canada,Email
6,10.05,2022-02-05,C-73478428,Mus-051682,Music,Portugal,App
15,156.49,2023-09-05,C-96984679,Foo-550802,Food,Japan,Marketplace
14,266.58,2023-10-17,C-46857022,Tra-358012,Travel,Brazil,Store
15,182.32,2022-05-03,C-56171343,Fur-181191,Furniture,Brazil,Social Media
2,14.14,2024-04-17,C-14009990,Hea-996316,Health,Australia,Phone
12,341.5,2022-04-26,C-81261231,Fur-378675,Furniture,Austria,Social Media
11,240.34,2022-12-13,C-36312598,Toy-511047,Toys,Mexico,Email
6,11.17,2023-07-09,C-83984056,Boo-634105,Books,Mexico,Web
19,17.22,2022-05-02,C-78758323,Gar-485647,Garden,Japan,Marketplace
2,298.4,2024-01-27,C-46590586,Bea-579221,Beauty,Brazil,Phone
19,88.31,2022-12-13,C-85555041,Aut-740153,Automotive,United Kingdom,App
4,267.72,2023-11-26,C-17474126,Off-528998,Office,Mexico,Marketplace
5,421.97,2024-11-29,C-44489996,Fur-413654,Furniture,Switzerland,Store
16,114.75,2025-07-12,C-30556313,Foo-649238,Food,Austria,Phone
9,341.05,2022-01-06,C-14348130,Toy-006301,Toys,Brazil,Store
13,308.45,2023-07-24,C-24254708,Mus-246577,Music,United Kingdom,App
14,73.82,2022-04-13,C-03440880,Tra-907853,Travel,Norway,Email
5,383.03,2025-02-21,C-28252670,Aut-036409,Automotive,Portugal,App
2,471.32,2023-12-27,C-96984679,Boo-099969,Books,United Kingdom,Marketplace
8,71.61,2025-09-16,C-75310409,Aut-281358,Automotive,Belgium,Email
17,63.04,2025-08-10,C-28506804,Hea-986828,Health,United States,Marketplace
19,350.98,2022-04-10,C-76800708,Aut-285947,Automotive,Sweden,Marketplace
14,149.96,2022-10-24,C-13247287,Jew-672256,Jewelry,Norway,Marketplace
7,484.74,2022-01-18,C-58631788,Tra-569409,Travel,Belgium,Social Media
8,489.35,2022-11-14,C-73478428,Toy-904935,Toys,Poland,Social Media
15,426.65,2022-02-01,C-59473796,Mus-384515,Music,Poland,Web
18,332.98,2024-09-08,C-61295722,Hea-426474,Health,Canada,App
16,243.09,2025-06-04,C-69425350,Fur-395773,Furniture,Switzerland,Marketplace
18,193.0,2023-06-10,C-33648030,Off-002071,Office,Germany,Social Media
16,477.98,2024-06-05,C-54512617,Hea-654483,Health,France,Social Media
15,469.25,2022-12-26,C-47614337,Toy-737436,Toys,Denmark,Social Media
10,88.57,2023-12-17,C-65680713,Ele-318044,Electronics,Netherlands,Email
12,311.69,2024-12-16,C-73823713,Gar-714532,Garden,Germany,App
4,8.13,2025-03-28,C-37619890,Clo-546747,Clothing,Poland,Email
16,243.31,2022-03-31,C-58125275,Mus-705656,Music,Belgium,Social Media
3,192.71,2024-05-19,C-58593771,Hea-713455,Health,Switzerland,Store
5,309.04,2023-07-13,C-93712739,Spo-738816,Sports,Brazil,Social Media
9,453.08,2023-01-11,C-47831975,Ele-963867,Electronics,Australia,Web
19,481.44,2022-09-11,C-60259140,Jew-211356,Jewelry,United Kingdom,Phone
19,301.17,2025-06-08,C-53082079,Jew-517603,Jewelry,Netherlands,Web
13,144.95,2024-08-19,C-47607714,Ele-576376,Electronics,United States,Email
15,485.46,2022-05-15,C-54087604,Gar-766491,Garden,Sweden,Phone
18,359.1,2023-10-09,C-03077799,Bea-982221,Beauty,Brazil,Phone
1,485.23,2022-02-16,C-43022236,Spo-695698,Sports,Spain,App
19,161.55,2024-07-07,C-35991775,Foo-454107,Food,Brazil,Store
10,450.56,2022-09-10,C-95575943,Mus-218534,Music,Brazil,App
19,249.75,2022-08-17,C-76399890,Off-813556,Office,Portugal,Marketplace
4,82.15,2024-02-21,C-46857022,Off-886406,Office,Switzerland,App
12,16.71,2022-09-27,C-69358962,Fur-752949,Furniture,Sweden,Social Media
15,282.75,2025-06-27,C-77391210,Mus-547260,Music,Canada,Email
8,91.21,2024-12-01,C-35863083,Bea-560006,Beauty,Denmark,Phone
12,383.58,2025-08-14,C-03989784,Off-422383,Office,Belgium,Web
16,357.94,2023-03-22,C-41585681,Bea-513266,Beauty,Sweden,Store
9,305.46,2023-12-19,C-99882419,Fur-081669,Furniture,Germany,Phone
17,170.88,2025-08-01,C-85780309,Bea-026754,Beauty,United States,Store
4,124.67,2024-01-06,C-30786627,Toy-651464,Toys,Germany,Web
17,296.74,2022-05-15,C-98578568,Foo-587240,Food,United Kingdom,App
2,347.43,2024-04-06,C-04131834,Aut-732781,Automotive,Belgium,Store
9,67.79,2024-01-07,C-64967803,Gar-002363,Garden,United States,App
17,492.4,2022-06-18,C-44131482,Hea-603130,Health,Canada,Web
19,395.41,2023-09-08,C-99178431,Off-982943,Office,Australia,Web
14,496.0,2022-01-30,C-48888222,Tra-538248,Travel,Japan,Phone
2,416.79,2025-06-11,C-26183976,Jew-250190,Jewelry,Denmark,Email
14,259.53,2024-02-21,C-58263729,Aut-542945,Automotive,Australia,Web
10,472.14,2024-10-19,C-88764007,Bea-402316,Beauty,Portugal,Store
18,484.87,2023-08-05,C-73541394,Toy-764007,Toys,Japan,Marketplace
18,284.65,2022-08-26,C-15627644,Jew-998560,Jewelry,Portugal,Web
13,356.05,2023-07-22,C-49819326,Foo-299077,Food,Brazil,Social Media
15,252.5,2023-06-07,C-72966724,Spo-917974,Sports,United Kingdom,App
5,344.72,2024-02-09,C-30456182,Spo-633968,Sports,Spain,Store
10,141.35,2024-09-18,C-85645658,Tra-990207,Travel,United States,Store
17,369.38,2023-10-19,C-65680713,Clo-605622,Clothing,Spain,Email
11,365.93,2025-02-25,C-49819326,Toy-215362,Toys,Australia,Email
4,311.21,2024-04-04,C-41585681,Tra-314012,Travel,Sweden,Marketplace
12,60.81,2025-04-22,C-94561312,Aut-297177,Automotive,Norway,Marketplace
2,121.79,2025-11-26,C-25388461,Off-219662,Office,Denmark,App
9,122.78,2022-09-05,C-55631850,Boo-557188,Books,Denmark,Phone
12,365.69,2022-03-14,C-23912425,Clo-412710,Clothing,Italy,App
17,434.71,2025-07-10,C-82799399,Hea-796349,Health,Austria,Email
11,424.62,2022-03-11,C-73352991,Mus-648398,Music,Spain,App
14,130.44,2023-03-19,C-14823370,Mus-972709,Music,Norway,Web
17,383.55,2023-02-20,C-54527481,Fur-429872,Furniture,Canada,Store
13,459.28,2022-10-25,C-86452949,Toy-624638,Toys,Canada,Email
12,443.58,2024-07-30,C-56445786,Ele-080955,Electronics,Switzerland,App
9,236.25,2022-03-05,C-32317799,Off-345495,Office,Spain,Marketplace
7,201.66,2024-04-04,C-08084208,Off-355861,Office,Canada,Store
5,421.98,2024-03-30,C-46857022,Boo-529555,Books,Mexico,App
11,204.3,2022-08-07,C-12564518,Off-412479,Office,Switzerland,Social Media
19,476.4,2022-05-17,C-66005265,Boo-546157,Books,Switzerland,Social Media
14,36.04,2023-07-26,C-54942359,Bea-473689,Beauty,Poland,Phone
11,487.35,2024-06-26,C-27728798,Gar-990671,Garden,Austria,Store
14,145.52,2022-10-01,C-58815004,Foo-207477,Food,Sweden,Phone
18,245.81,2023-09-18,C-43022236,Off-671916,Office,Portugal,Social Media
5,442.46,2022-03-31,C-91611921,Fur-292420,Furniture,Italy,Marketplace
4,231.37,2025-07-08,C-38044479,Bea-739726,Beauty,Australia,Store
16,305.85,2022-06-25,C-85270860,Spo-444563,Sports,Japan,Email
8,128.84,2023-05-30,C-72957339,Spo-237239,Sports,Netherlands,Store
16,271.51,2024-07-02,C-13247287,Hea-869078,Health,Canada,Phone
5,33.91,2023-11-17,C-55631850,Hea-535417,Health,United States,Phone
15,308.83,2025-09-10,C-25479673,Boo-303188,Books,Italy,Email
17,219.04,2025-09-24,C-96899874,Hea-347219,Health,Japan,Email
9,14.52,2025-06-08,C-23912425,Foo-592519,Food,Netherlands,Phone
7,45.76,2023-10-14,C-96984679,Tra-635207,Travel,Denmark,Store
9,380.9,2024-03-30,C-12247689,Off-027977,Office,United Kingdom,Web
7,207.9,2023-07-22,C-53082079,Hea-367396,Health,Mexico,Marketplace
7,117.05,2022-03-12,C-65594419,Toy-013011,Toys,Italy,Email
9,306.92,2024-11-24,C-76803278,Tra-089461,Travel,Denmark,Phone
2,213.64,2025-10-05,C-67404415,Tra-558611,Travel,Poland,Store
8,376.89,2022-02-03,C-85201177,Gar-967492,Garden,Portugal,Social Media
15,39.23,2025-04-08,C-14362275,Aut-166461,Automotive,Canada,Web
11,217.44,2025-01-19,C-69814469,Mus-090859,Music,Australia,Marketplace
8,36.78,2024-10-05,C-11172808,Fur-260150,Furniture,United Kingdom,Web
15,441.1,2022-07-26,C-28252670,Bea-322239,Beauty,United Kingdom,Email
7,254.61,2023-11-17,C-94561312,Tra-868410,Travel,Belgium,Store
14,264.92,2025-01-03,C-56171343,Bea-192250,Beauty,Japan,Social Media
7,66.25,2025-03-08,C-52687437,Jew-498675,Jewelry,Spain,Email
8,298.76,2024-09-30,C-44131482,Tra-999484,Travel,Germany,Email
1,452.53,2022-07-07,C-47614337,Bea-511341,Beauty,United Kingdom,Store
5,343.45,2022-12-23,C-53923828,Tra-774556,Travel,Portugal,Phone
7,296.51,2023-11-20,C-69814469,Hea-699468,Health,United States,Social Media
7,252.89,2023-07-06,C-23111318,Foo-178256,Food,Switzerland,Email
14,364.12,2022-08-02,C-92601313,Mus-430965,Music,France,Email
15,371.62,2022-03-23,C-98578568,Ele-337235,Electronics,United States,Web
1,228.18,2024-12-17,C-07718924,Off-333846,Office,Portugal,App
5,90.82,2022-01-21,C-60590184,Gar-942267,Garden,Poland,Marketplace
7,419.97,2025-03-25,C-29832082,Bea-394919,Beauty,Brazil,Email
18,44.69,2022-03-25,C-60259140,Bea-180045,Beauty,Mexico,Email
14,474.28,2023-06-20,C-42970743,Gar-236484,Garden,Belgium,App
10,399.34,2022-02-12,C-12290630,Aut-642478,Automotive,Norway,App
4,460.77,2023-11-30,C-04857421,Aut-380300,Automotive,Belgium,Email
14,285.64,2024-06-17,C-57442109,Hea-368175,Health,Poland,Social Media
14,357.6,2022-01-22,C-93712739,Foo-779568,Food,Mexico,Social Media
14,417.49,2024-01-11,C-04655309,Gar-171950,Garden,Australia,Phone
16,212.18,2022-08-02,C-23316927,Off-556490,Office,Japan,Web
7,36.49,2025-12-01,C-91848903,Jew-935320,Jewelry,France,Web
7,139.43,2022-01-30,C-12945345,Foo-181830,Food,Belgium,Store
1,175.45,2022-10-04,C-63879404,Aut-103633,Automotive,Austria,Marketplace
1,447.54,2025-06-14,C-88904378,Ele-986060,Electronics,United Kingdom,App
6,451.82,2024-09-07,C-08397369,Boo-657729,Books,Japan,Marketplace
8,184.82,2024-11-29,C-99951237,Toy-329455,Toys,Spain,Marketplace
12,449.52,2025-02-11,C-21493738,Aut-198170,Automotive,Sweden,Web
18,255.6,2022-11-04,C-50907432,Boo-928746,Books,Norway,Web
11,201.71,2024-11-22,C-29832082,Fur-352013,Furniture,Portugal,Phone
7,178.88,2024-08-06,C-65594419,Spo-954452,Sports,Denmark,Store
9,148.27,2023-11-22,C-14989806,Boo-882276,Books,Poland,Web
12,285.74,2025-07-31,C-02638398,Bea-180320,Beauty,Netherlands,Phone
13,134.07,2025-11-19,C-44131482,Aut-388621,Automotive,Switzerland,Marketplace
5,338.49,2022-06-04,C-30556313,Fur-096810,Furniture,United Kingdom,Marketplace
4,31.77,2022-04-24,C-01495378,Boo-379055,Books,Denmark,Phone
12,52.35,2023-08-01,C-51790735,Boo-225512,Books,Sweden,App
13,108.62,2022-03-05,C-77772036,Mus-552173,Music,Australia,Web
11,267.23,2025-01-11,C-45178159,Hea-607501,Health,Germany,Email
17,300.61,2024-04-02,C-03613300,Tra-006907,Travel,Germany,Phone
1,350.88,2023-06-01,C-92141302,Tra-057962,Travel,France,Social Media
17,389.73,2024-05-14,C-58263729,Bea-738384,Beauty,Australia,Store
6,426.84,2025-04-15,C-45237494,Clo-751084,Clothing,Portugal,Marketplace
19,91.85,2022-02-02,C-35169198,Bea-725465,Beauty,France,App
1,371.64,2023-01-15,C-31776064,Foo-932230,Food,France,App
16,377.84,2022-08-02,C-11133828,Boo-700709,Books,Sweden,Email
9,347.5,2025-08-29,C-27728798,Clo-763438,Clothing,Netherlands,Social Media
10,123.58,2024-08-12,C-14348130,Mus-373506,Music,Denmark,Store
8,250.27,2025-12-07,C-28558128,Off-290796,Office,Portugal,Store
10,321.04,2025-05-08,C-30786627,Fur-783000,Furniture,Italy,Web
17,378.57,2024-07-04,C-88072442,Spo-265535,Sports,Spain,Web
10,344.99,2025-09-04,C-20120738,Fur-021033,Furniture,Netherlands,Email
7,458.05,2024-03-26,C-24943709,Ele-545311,Electronics,Netherlands,Social Media
3,448.78,2025-05-30,C-93572459,Boo-785496,Books,Austria,Social Media
18,251.13,2023-07-27,C-83896442,Aut-934386,Automotive,Spain,App
8,306.63,2025-06-30,C-24943709,Aut-989792,Automotive,Spain,Store
5,348.2,2023-10-02,C-69814469,Foo-710795,Food,Denmark,Phone
9,214.71,2023-02-20,C-66447024,Jew-176926,Jewelry,Australia,Email
13,45.6,2024-06-12,C-13192293,Foo-871504,Food,Sweden,Email
1,384.64,2022-06-09,C-14823370,Off-461129,Office,Brazil,Phone
18,223.16,2022-01-18,C-76605428,Hea-569030,Health,Mexico,Phone
16,55.87,2023-01-09,C-86452949,Toy-441553,Toys,Poland,Phone
7,251.86,2023-06-26,C-04759341,Fur-613369,Furniture,Germany,Marketplace
15,133.03,2025-01-05,C-88131584,Bea-245146,Beauty,United Kingdom,Store
7,386.71,2023-05-10,C-49938177,Clo-228828,Clothing,Mexico,Marketplace
7,275.5,2022-05-11,C-58593771,Off-729864,Office,Sweden,Web
10,481.03,2023-07-02,C-01878061,Spo-022601,Sports,Switzerland,Email
2,32.87,2022-05-12,C-14167380,Aut-232334,Automotive,Belgium,App
2,411.53,2023-09-02,C-03074311,Hea-534353,Health,Germany,Email
17,432.5,2023-01-19,C-88764007,Aut-602480,Automotive,Belgium,Web
9,362.0,2025-01-07,C-11133828,Hea-185399,Health,United Kingdom,Store
9,401.06,2024-09-22,C-26183976,Foo-081115,Food,Austria,Social Media
15,360.63,2025-03-08,C-83525743,Off-104199,Office,France,Marketplace
9,156.91,2022-02-23,C-34043398,Boo-129622,Books,Norway,Marketplace
13,350.58,2024-11-29,C-51790735,Off-691376,Office,Switzerland,Phone
8,78.38,2023-01-21,C-32487120,Spo-997242,Sports,Switzerland,Marketplace
17,365.5,2022-04-06,C-37282969,Fur-014829,Furniture,Italy,Web
9,88.63,2022-02-09,C-25868269,Toy-295372,Toys,Sweden,Store
8,91.03,2024-02-26,C-18110411,Foo-195720,Food,Portugal,App
1,54.98,2024-02-06,C-63879404,Gar-597462,Garden,Poland,Web
6,445.99,2025-05-13,C-19818284,Hea-529038,Health,Spain,Web
3,417.08,2023-02-19,C-48365033,Tra-336654,Travel,Mexico,Marketplace
10,419.03,2022-03-11,C-87531984,Bea-479594,Beauty,Mexico,App
14,58.47,2023-05-04,C-35700115,Gar-234420,Garden,Japan,Marketplace
4,85.47,2024-08-05,C-90940416,Tra-617441,Travel,Switzerland,Social Media
12,237.49,2023-07-31,C-71354562,Ele-434945,Electronics,Canada,Phone
7,213.27,2022-11-10,C-07680834,Foo-193007,Food,Austria,Web
16,224.03,2025-03-05,C-38242955,Gar-615312,Garden,Poland,Email
1,313.63,2025-12-09,C-66918517,Hea-059298,Health,Poland,Store
16,310.49,2024-02-16,C-13247287,Clo-510534,Clothing,Australia,Store
18,394.36,2024-08-06,C-80730111,Bea-506970,Beauty,Netherlands,Email
12,277.1,2025-06-23,C-55631850,Fur-676210,Furniture,Denmark,Marketplace
6,38.23,2024-11-10,C-89667087,Bea-361676,Beauty,Netherlands,Email
3,249.23,2025-01-15,C-18110411,Fur-255331,Furniture,Italy,Web
7,321.82,2025-05-19,C-66540515,Bea-345093,Beauty,Germany,Phone
14,497.62,2024-01-18,C-25764795,Aut-032410,Automotive,Australia,Store
10,19.76,2023-09-21,C-84862724,Gar-287519,Garden,United States,Email
6,232.25,2023-09-19,C-15227782,Aut-066960,Automotive,Canada,Phone
9,421.68,2024-03-08,C-60323692,Toy-415685,Toys,United States,Store
18,462.07,2025-03-17,C-07674407,Off-386989,Office,Norway,Web
7,185.97,2022-05-31,C-86887776,Aut-280964,Automotive,Canada,Marketplace
9,368.62,2023-01-31,C-65594419,Toy-131014,Toys,Sweden,Store
15,316.96,2025-04-26,C-86674277,Ele-524336,Electronics,United States,Email
3,81.08,2023-07-14,C-03440880,Gar-929941,Garden,Germany,Web
2,412.92,2024-05-11,C-33389851,Clo-887964,Clothing,Denmark,Social Media
4,371.57,2022-10-10,C-64801937,Ele-379311,Electronics,United Kingdom,Web
10,412.3,2022-03-31,C-07680834,Jew-171442,Jewelry,United States,App
17,38.97,2022-11-17,C-82924856,Clo-192303,Clothing,Canada,Web
2,265.32,2023-08-29,C-71679333,Off-219168,Office,Germany,Social Media
4,485.21,2022-06-15,C-66370870,Tra-708743,Travel,Italy,Web
14,80.08,2022-12-23,C-41080844,Foo-486289,Food,Poland,Phone
8,443.03,2025-04-10,C-86452949,Jew-528375,Jewelry,Poland,Web
14,14.16,2022-05-06,C-82924856,Off-851158,Office,Denmark,Marketplace
4,241.41,2023-04-07,C-55290918,Foo-313187,Food,United States,Social Media
17,449.17,2025-02-19,C-73741620,Mus-383325,Music,Japan,Phone
11,154.37,2022-07-15,C-12198751,Clo-976669,Clothing,France,Email
5,76.59,2024-03-24,C-03358637,Hea-044027,Health,France,App
11,112.21,2025-12-06,C-28252670,Clo-311731,Clothing,Norway,App
2,238.71,2024-09-19,C-55290918,Toy-571451,Toys,Switzerland,Phone
15,204.4,2024-06-29,C-03016393,Toy-825415,Toys,Poland,Marketplace
19,222.43,2024-08-26,C-22258680,Jew-623717,Jewelry,Australia,Social Media
17,463.37,2023-05-28,C-31562395,Clo-621860,Clothing,Poland,Marketplace
15,416.63,2022-07-24,C-33389851,Tra-918979,Travel,Denmark,Phone
18,127.58,2023-03-25,C-80839328,Gar-830459,Garden,United Kingdom,Web
10,324.91,2023-11-19,C-55290918,Clo-898841,Clothing,Austria,Phone
14,476.03,2025-11-22,C-08303045,Mus-387459,Music,Norway,Social Media
14,327.45,2023-03-22,C-88131584,Spo-000305,Sports,Norway,Email
9,433.11,2023-02-04,C-14823370,Foo-133070,Food,Canada,Marketplace
5,207.01,2025-01-09,C-19818284,Mus-358202,Music,Austria,Web
10,362.34,2025-11-08,C-58125275,Off-304918,Office,Switzerland,Social Media
16,282.86,2024-01-18,C-43364015,Ele-116559,Electronics,Poland,Web
19,468.14,2022-01-08,C-78446420,Fur-459613,Furniture,United States,Store
5,187.57,2024-03-22,C-89572422,Fur-830504,Furniture,France,Marketplace
13,370.78,2024-02-25,C-11593189,Ele-712512,Electronics,Belgium,App
17,269.05,2023-08-02,C-12198751,Spo-749086,Sports,Belgium,Social Media
5,296.36,2022-06-11,C-10628881,Aut-121354,Automotive,France,Phone
5,222.69,2025-03-11,C-77391210,Clo-330132,Clothing,Australia,Social Media
18,420.61,2024-06-01,C-35863083,Foo-049034,Food,Mexico,Email
11,23.48,2022-09-01,C-29004750,Off-468436,Office,Italy,Store
11,365.42,2024-01-30,C-46779506,Boo-707385,Books,Poland,Social Media
11,68.96,2024-10-22,C-04759341,Jew-234059,Jewelry,United States,Social Media
2,217.42,2025-06-13,C-93819002,Toy-277326,Toys,Austria,App
6,285.08,2025-03-13,C-27853549,Clo-566179,Clothing,Switzerland,Phone
11,176.59,2024-02-27,C-37620194,Boo-567753,Books,United Kingdom,Phone
8,206.91,2023-09-29,C-05163875,Spo-035728,Sports,Belgium,Phone
12,163.36,2022-07-01,C-86887776,Aut-463240,Automotive,Sweden,Email
2,448.08,2022-08-23,C-83984056,Clo-802286,Clothing,Italy,Email
12,183.57,2022-12-31,C-85441923,Hea-759293,Health,Mexico,App
17,196.05,2023-11-25,C-43310463,Off-338940,Office,Sweden,Web
14,321.09,2025-01-17,C-12025094,Mus-618134,Music,Switzerland,Phone
15,428.92,2025-08-09,C-99951237,Boo-208378,Books,Mexico,Web
7,408.57,2024-02-20,C-07706214,Boo-868389,Books,United Kingdom,Email
1,197.35,2023-12-17,C-63062112,Toy-802003,Toys,Australia,Social Media
19,269.07,2022-10-22,C-33389851,Ele-146071,Electronics,Germany,Marketplace
18,239.66,2022-06-03,C-42970743,Off-393790,Office,Germany,App
8,260.12,2024-04-29,C-03358637,Boo-869910,Books,Japan,Marketplace
10,78.38,2025-05-27,C-69814469,Mus-301491,Music,Netherlands,Store
6,277.97,2025-08-18,C-10628881,Spo-774881,Sports,Portugal,Marketplace
2,46.09,2023-02-05,C-48732589,Boo-731668,Books,France,Email
5,84.56,2024-03-25,C-12290630,Boo-295589,Books,Poland,Email
18,20.7,2025-06-05,C-61295722,Off-235198,Office,Brazil,Web
16,420.87,2022-03-25,C-99178431,Bea-456369,Beauty,United States,Email
6,402.6,2024-02-22,C-86752706,Fur-714279,Furniture,Germany,Store
7,397.79,2022-04-28,C-31490891,Foo-281475,Food,Mexico,App
3,457.51,2022-05-27,C-85441923,Spo-952734,Sports,Netherlands,Marketplace
2,56.67,2022-10-04,C-33334129,Aut-590969,Automotive,Austria,Phone
6,42.87,2022-09-05,C-46857022,Boo-285022,Books,Denmark,Phone
4,385.19,2024-03-27,C-03964660,Hea-774466,Health,Germany,Store
15,267.44,2023-12-16,C-75609212,Ele-470252,Electronics,Japan,Marketplace
6,434.29,2024-08-13,C-94751185,Fur-585484,Furniture,Mexico,Marketplace
19,240.38,2025-10-19,C-66592869,Boo-804215,Books,Italy,Email
10,291.81,2024-12-16,C-24254708,Spo-205750,Sports,France,Social Media
19,485.57,2024-11-24,C-49373053,Off-854821,Office,France,Social Media
8,124.03,2023-11-22,C-82799399,Ele-840606,Electronics,Sweden,Web
9,12.09,2022-01-18,C-07680834,Foo-385406,Food,United Kingdom,App
11,483.41,2022-09-14,C-38242955,Jew-916843,Jewelry,Denmark,Web
12,165.11,2024-03-27,C-08804410,Mus-135611,Music,Norway,Phone
3,43.11,2024-09-27,C-63062112,Fur-514354,Furniture,Spain,Social Media
14,51.7,2024-02-09,C-76932090,Fur-918947,Furniture,Spain,Phone
19,351.66,2022-01-08,C-15627644,Bea-815296,Beauty,France,Email
11,85.61,2022-05-09,C-22834925,Off-979507,Office,Japan,Phone
4,361.37,2023-04-20,C-15619280,Boo-290224,Books,Portugal,Social Media
18,386.56,2024-07-27,C-05085836,Ele-415785,Electronics,Portugal,App
15,460.98,2025-02-10,C-39312362,Mus-021135,Music,Sweden,Marketplace
2,459.75,2022-04-06,C-04131834,Hea-366302,Health,Denmark,Marketplace
17,361.9,2024-01-04,C-52687437,Fur-668052,Furniture,Netherlands,Phone
6,26.03,2024-07-06,C-12290630,Off-552024,Office,Sweden,Marketplace
5,76.59,2022-06-19,C-76605428,Hea-338885,Health,Germany,Store
11,445.83,2025-08-27,C-65347335,Tra-118111,Travel,United Kingdom,Email
10,463.46,2024-08-02,C-96984679,Toy-054891,Toys,Canada,Social Media
15,289.04,2023-11-04,C-28875386,Clo-884100,Clothing,Mexico,App
6,91.39,2025-09-09,C-34756280,Tra-771263,Travel,United States,Store
19,50.11,2025-11-01,C-65189987,Fur-550691,Furniture,Japan,Marketplace
16,219.58,2024-01-05,C-17115537,Boo-372711,Books,United Kingdom,Store
11,428.82,2025-11-13,C-59473796,Clo-579002,Clothing,Canada,Social Media
6,73.77,2023-04-03,C-46779506,Tra-879045,Travel,Belgium,App
15,162.21,2025-04-13,C-47607714,Aut-814137,Automotive,Australia,Phone
7,58.19,2022-02-01,C-90940416,Spo-043147,Sports,Belgium,Web
15,350.46,2024-06-11,C-24874629,Ele-748226,Electronics,Spain,Email
8,290.42,2025-10-29,C-79851234,Mus-601601,Music,Germany,Web
17,338.6,2024-06-22,C-29832082,Spo-251530,Sports,Brazil,Marketplace
15,265.33,2024-04-22,C-17115537,Ele-970207,Electronics,Denmark,Email
15,293.99,2022-02-15,C-29680788,Ele-081514,Electronics,Australia,Marketplace
10,252.04,2024-05-07,C-72687598,Spo-683698,Sports,United Kingdom,App
11,351.14,2024-10-30,C-06670976,Bea-212906,Beauty,Austria,Social Media
12,234.66,2023-03-25,C-03298924,Boo-169633,Books,Italy,Email
16,54.39,2024-05-26,C-54527481,Hea-582317,Health,Netherlands,Email
13,9.53,2022-03-14,C-12450349,Spo-833334,Sports,United Kingdom,Web
13,463.3,2022-09-24,C-56445786,Fur-777727,Furniture,Australia,Store
19,479.69,2025-07-18,C-13324549,Toy-753376,Toys,Denmark,Social Media
17,171.6,2025-06-17,C-43258668,Toy-753481,Toys,Germany,Phone
17,318.69,2023-11-08,C-32681044,Bea-309500,Beauty,Switzerland,Email
17,135.04,2025-12-27,C-12025094,Toy-523245,Toys,Spain,App
10,72.83,2023-01-26,C-42970743,Spo-294708,Sports,Belgium,Email
11,231.65,2025-08-02,C-58815004,Bea-010084,Beauty,Mexico,Phone
11,466.15,2023-11-29,C-67734713,Tra-606879,Travel,Australia,Social Media
2,208.81,2022-02-15,C-63879404,Hea-188554,Health,United Kingdom,Web
4,156.02,2025-09-16,C-47831975,Hea-758151,Health,Japan,Store
4,43.08,2025-10-25,C-44777025,Off-313007,Office,Japan,Store
18,277.03,2022-10-13,C-88764007,Jew-411183,Jewelry,Belgium,Social Media
12,304.23,2023-07-23,C-52165873,Tra-536960,Travel,Poland,Phone
15,409.12,2022-02-06,C-60323692,Spo-487343,Sports,Austria,App
15,239.82,2025-08-17,C-35700115,Foo-001778,Food,Norway,Social Media
17,216.27,2024-09-28,C-71666979,Hea-153165,Health,Brazil,Email
5,419.92,2024-09-26,C-59357876,Boo-481663,Books,Belgium,Marketplace
19,266.45,2023-07-30,C-71666979,Spo-520074,Sports,Germany,Email
10,355.02,2023-01-26,C-38567964,Tra-172626,Travel,Denmark,App
2,486.71,2022-12-25,C-77186257,Off-502914,Office,Netherlands,Social Media
15,155.93,2024-12-14,C-50169180,Off-160281,Office,United States,App
15,338.47,2022-05-16,C-72966724,Clo-638390,Clothing,Italy,Store
19,40.61,2025-10-11,C-78669599,Bea-242066,Beauty,Belgium,Marketplace
19,13.57,2025-01-15,C-28252670,Foo-659446,Food,Norway,App
1,262.75,2023-08-15,C-60590184,Ele-049557,Electronics,Netherlands,Email
7,384.39,2023-07-04,C-29004750,Boo-056996,Books,Canada,Phone
14,420.24,2023-12-11,C-95950020,Off-794002,Office,Mexico,Email
17,396.18,2024-02-20,C-39200287,Foo-655315,Food,Germany,Store
18,386.56,2023-01-21,C-29463459,Off-885757,Office,Norway,Store
8,371.53,2023-07-18,C-93594457,Foo-773188,Food,Norway,Web
9,15.17,2025-01-25,C-83984056,Spo-919201,Sports,Netherlands,App
2,168.19,2022-06-20,C-98325575,Mus-901582,Music,Austria,App
17,255.97,2025-04-04,C-11172597,Ele-288864,Electronics,Belgium,Social Media
5,127.55,2023-03-01,C-03989784,Gar-281807,Garden,Canada,Phone
2,429.26,2024-11-26,C-96295925,Bea-453111,Beauty,Brazil,Social Media
1,42.87,2023-02-02,C-59610177,Aut-726861,Automotive,Japan,Store
14,262.11,2024-01-24,C-76810864,Clo-349938,Clothing,Sweden,App
11,189.42,2025-05-31,C-33200552,Aut-500654,Automotive,Poland,Social Media
8,305.63,2023-08-16,C-11172808,Spo-805036,Sports,Japan,App
6,310.68,2024-11-28,C-79340041,Gar-226618,Garden,Belgium,Store
18,243.09,2025-10-09,C-06140306,Fur-499888,Furniture,Switzerland,App
14,431.81,2024-05-19,C-87547612,Gar-785286,Garden,Denmark,Email
8,36.43,2025-07-17,C-86752706,Aut-490181,Automotive,United Kingdom,App
10,27.97,2024-04-14,C-40759502,Aut-977369,Automotive,Japan,Marketplace
18,231.17,2024-11-14,C-54512617,Fur-127663,Furniture,Norway,Phone
15,179.82,2024-03-18,C-51214215,Gar-743620,Garden,Italy,Marketplace
15,292.44,2024-10-12,C-02885459,Tra-061664,Travel,Poland,Marketplace
13,364.33,2024-10-26,C-11593189,Bea-405289,Beauty,Switzerland,App
3,496.29,2025-06-22,C-40066424,Fur-443887,Furniture,France,Web
5,53.87,2023-01-27,C-80839328,Ele-660805,Electronics,Denmark,Phone
9,215.42,2022-08-19,C-20625702,Clo-197949,Clothing,Belgium,Store
9,164.3,2022-10-10,C-35700115,Hea-358171,Health,Canada,Phone
14,254.55,2022-07-31,C-12945345,Jew-263377,Jewelry,Mexico,App
4,216.71,2023-12-13,C-38384646,Clo-430692,Clothing,Austria,Marketplace
14,462.91,2022-05-09,C-03989784,Boo-544263,Books,France,Email
17,225.17,2023-07-17,C-13247287,Jew-276858,Jewelry,Italy,App
11,461.69,2022-08-19,C-76803278,Foo-343524,Food,United Kingdom,Store
4,385.98,2025-05-06,C-31733702,Mus-491421,Music,Spain,Phone
7,236.37,2024-09-15,C-17115537,Hea-414398,Health,Austria,Phone
2,44.7,2024-12-05,C-86887776,Spo-808027,Sports,Poland,Email
18,251.63,2025-05-26,C-50907432,Spo-009309,Sports,United Kingdom,App
12,211.66,2024-09-12,C-95538520,Tra-755136,Travel,Spain,Store
6,408.02,2024-10-15,C-71521183,Foo-552630,Food,Austria,App
3,118.93,2025-02-02,C-89619648,Gar-107226,Garden,Brazil,Marketplace
5,235.23,2022-06-26,C-28506804,Boo-624484,Books,United States,Email
9,290.93,2024-12-10,C-56445786,Jew-526310,Jewelry,Canada,Phone
19,7.67,2023-02-06,C-33067849,Ele-311147,Electronics,Brazil,Web
13,396.95,2022-09-29,C-28663874,Jew-762782,Jewelry,Poland,Marketplace
19,326.43,2022-05-08,C-59637217,Clo-295084,Clothing,Mexico,App
4,314.2,2025-04-06,C-83990482,Ele-549275,Electronics,Belgium,Marketplace
17,272.28,2025-07-22,C-86898981,Tra-004248,Travel,Italy,Marketplace
4,91.87,2022-05-05,C-31491448,Jew-959350,Jewelry,Portugal,Web
16,347.76,2025-11-08,C-59241963,Off-594694,Office,Canada,Email
10,477.23,2025-11-24,C-90940416,Fur-231604,Furniture,Brazil,Social Media
3,292.12,2024-11-16,C-44259536,Foo-486650,Food,Sweden,Marketplace
7,411.9,2023-05-31,C-87914090,Toy-840362,Toys,Austria,Marketplace
4,120.32,2022-08-06,C-60590184,Aut-992480,Automotive,Netherlands,Store
11,201.2,2022-03-31,C-04655309,Tra-626456,Travel,Belgium,Store
17,94.57,2024-08-27,C-25764795,Fur-883872,Furniture,Japan,Web
9,475.27,2025-06-03,C-55521351,Spo-246276,Sports,United States,App
2,260.56,2025-09-29,C-52165873,Aut-740389,Automotive,France,Social Media
10,261.99,2023-12-10,C-77772036,Spo-558767,Sports,Portugal,Social Media
6,247.12,2025-10-06,C-25096724,Gar-973214,Garden,Italy,Phone
10,405.23,2024-05-11,C-32024053,Boo-596456,Books,United States,Social Media
14,12.46,2022-11-08,C-49819326,Hea-085411,Health,Portugal,Email
11,33.25,2023-03-09,C-86887776,Gar-583304,Garden,Sweden,App
5,217.04,2025-04-16,C-45178159,Tra-257229,Travel,Mexico,Email
8,22.76,2025-11-03,C-68849874,Boo-730951,Books,Brazil,App
14,294.39,2023-05-16,C-68110109,Hea-056133,Health,United Kingdom,App
11,434.43,2022-01-19,C-92141302,Mus-584849,Music,Norway,Marketplace
13,91.61,2022-02-08,C-55546816,Mus-396998,Music,Portugal,Web
18,375.88,2025-12-09,C-03298924,Tra-518208,Travel,Spain,Marketplace
10,451.03,2023-11-05,C-57391425,Boo-059336,Books,France,Social Media
19,190.77,2024-04-02,C-40066424,Foo-917618,Food,Spain,Phone
14,459.38,2024-10-02,C-80434627,Gar-368646,Garden,Norway,Web
18,47.5,2025-09-19,C-25569498,Bea-777263,Beauty,Germany,Email
12,84.41,2022-11-01,C-04202589,Gar-784782,Garden,Australia,Email
17,180.23,2023-02-28,C-05085836,Off-306427,Office,Belgium,Marketplace
4,293.83,2022-09-12,C-05085836,Bea-041689,Beauty,Belgium,App
9,337.39,2022-07-21,C-69919834,Clo-250707,Clothing,United Kingdom,Email
4,361.01,2024-02-05,C-91848903,Tra-304154,Travel,Sweden,Marketplace
12,189.35,2023-02-06,C-37619890,Boo-788947,Books,Netherlands,Marketplace
5,239.98,2023-05-05,C-27407092,Clo-241243,Clothing,Norway,Marketplace
7,424.77,2024-05-03,C-43254822,Bea-760044,Beauty,France,Marketplace
11,221.87,2023-11-12,C-99882419,Hea-294013,Health,Australia,Email
9,362.74,2023-09-22,C-51790735,Spo-672900,Sports,Poland,Phone
15,408.74,2023-04-23,C-78446420,Bea-707424,Beauty,Spain,Social Media
19,477.89,2025-11-01,C-67404415,Mus-029114,Music,Belgium,Phone
1,261.61,2024-12-05,C-32681044,Boo-184741,Books,Sweden,Phone
6,462.76,2025-12-10,C-12198751,Aut-980646,Automotive,United Kingdom,Phone
15,353.89,2023-09-05,C-03358637,Spo-420538,Sports,Poland,Phone
14,318.31,2024-09-04,C-91611921,Tra-396693,Travel,Norway,Store
17,248.47,2024-06-18,C-07718924,Toy-484753,Toys,Italy,Marketplace
2,405.32,2024-04-09,C-17640864,Aut-929903,Automotive,Italy,App
4,275.56,2022-04-26,C-93179907,Tra-124823,Travel,Switzerland,Phone
3,377.6,2023-10-21,C-16276701,Clo-189496,Clothing,Mexico,Social Media
10,227.17,2022-05-29,C-49938177,Ele-176976,Electronics,Italy,Marketplace
4,191.33,2022-02-05,C-48574985,Foo-188044,Food,United Kingdom,App
14,437.84,2024-12-09,C-76605428,Clo-320492,Clothing,Spain,Phone
8,467.17,2024-01-27,C-93179907,Gar-163003,Garden,Italy,Web
14,116.36,2022-01-08,C-32024053,Bea-662898,Beauty,United States,Email
4,256.49,2023-12-10,C-80434627,Aut-195912,Automotive,Sweden,App
11,167.79,2023-02-10,C-73291975,Mus-346143,Music,Canada,Social Media
19,69.23,2023-02-15,C-33477060,Tra-440976,Travel,Sweden,Web
14,374.03,2025-08-19,C-49373053,Toy-702352,Toys,Brazil,Social Media
19,272.23,2025-12-15,C-16552411,Toy-267024,Toys,Poland,App
1,402.01,2023-12-05,C-12450349,Off-975273,Office,Netherlands,App
13,268.05,2024-03-09,C-72026020,Ele-843378,Electronics,Brazil,Email
7,130.91,2025-10-17,C-69814469,Aut-029187,Automotive,Italy,Email
17,107.73,2022-03-27,C-02885459,Off-840360,Office,Poland,Phone
3,395.45,2024-09-13,C-44561552,Hea-138341,Health,United Kingdom,Social Media
15,147.47,2024-04-23,C-28506804,Aut-922871,Automotive,Mexico,Marketplace
3,170.34,2025-04-16,C-83940354,Mus-714069,Music,Italy,Store
13,407.62,2022-01-25,C-08804410,Tra-355698,Travel,United Kingdom,Email
12,71.19,2023-04-27,C-48732589,Jew-278923,Jewelry,France,App
5,315.54,2023-02-23,C-46238432,Off-276072,Office,Germany,Phone
13,391.77,2022-08-06,C-37282969,Boo-824267,Books,Austria,Store
18,331.56,2023-11-21,C-71679333,Off-211799,Office,Switzerland,Web
7,136.02,2025-09-29,C-60259140,Bea-490945,Beauty,Brazil,Store
6,216.19,2024-08-06,C-54527481,Off-514182,Office,Sweden,App
10,324.94,2024-07-12,C-33067849,Off-121477,Office,Austria,Email
6,175.89,2024-11-08,C-14348130,Fur-930871,Furniture,Poland,Email
16,208.33,2022-05-21,C-54942359,Toy-169755,Toys,Norway,Store
4,315.25,2025-03-04,C-58815004,Spo-161800,Sports,France,Email
18,350.62,2024-10-06,C-44394558,Ele-642068,Electronics,Brazil,Email
16,425.88,2022-03-22,C-28875386,Spo-890206,Sports,Belgium,Phone
7,241.66,2023-01-10,C-25814587,Foo-403680,Food,United States,Marketplace
2,210.6,2024-08-28,C-37282969,Ele-008597,Electronics,Mexico,Email
16,220.26,2022-03-25,C-64105322,Clo-189210,Clothing,Australia,Marketplace
10,30.32,2024-05-11,C-04675267,Spo-342186,Sports,Switzerland,App
2,281.72,2023-04-24,C-11985335,Hea-568796,Health,Canada,Social Media
11,271.9,2023-11-05,C-73291975,Spo-853373,Sports,Canada,Web
14,327.08,2024-02-17,C-06140306,Spo-919719,Sports,Germany,Phone
1,281.91,2024-08-28,C-34194127,Toy-126021,Toys,United States,Email
11,202.23,2025-04-19,C-30786627,Aut-031531,Automotive,Australia,Web
7,284.27,2025-09-21,C-56171343,Mus-006930,Music,Norway,App
15,271.49,2024-04-06,C-29832082,Boo-758905,Books,Belgium,Web
5,100.15,2024-05-04,C-06140306,Gar-244317,Garden,Belgium,Web
3,374.87,2022-08-31,C-75123250,Bea-831147,Beauty,Japan,Store
19,361.38,2023-08-13,C-99178431,Spo-770474,Sports,Japan,Email
17,41.03,2025-11-11,C-18732299,Clo-908676,Clothing,Austria,Marketplace
6,69.26,2022-07-22,C-26963375,Toy-812153,Toys,Canada,App
14,324.2,2023-06-24,C-56445786,Mus-355343,Music,Mexico,Web
10,278.35,2025-10-29,C-61223304,Off-104579,Office,Germany,Social Media
17,260.59,2024-04-27,C-23912425,Bea-324554,Beauty,Belgium,Web
16,279.34,2022-12-16,C-49938177,Jew-442086,Jewelry,Denmark,Store
14,126.86,2022-10-25,C-54942359,Spo-325505,Sports,United Kingdom,App
13,52.93,2024-11-08,C-22579567,Jew-597534,Jewelry,Spain,Marketplace
19,377.84,2025-12-13,C-52165873,Foo-079976,Food,Austria,Social Media
1,349.74,2023-01-12,C-19495025,Tra-863557,Travel,United Kingdom,Marketplace
14,438.73,2024-11-08,C-65347335,Spo-052995,Sports,Austria,Phone
16,86.06,2023-12-29,C-95538520,Clo-543488,Clothing,Japan,Store
9,19.72,2024-05-20,C-05085836,Jew-706060,Jewelry,Mexico,Social Media
9,468.37,2024-02-09,C-36104271,Off-783133,Office,Canada,Email
5,379.68,2025-04-03,C-87914090,Foo-009915,Food,Denmark,Email
5,265.16,2022-12-03,C-03358637,Aut-149441,Automotive,Canada,Social Media
17,251.31,2024-06-18,C-84862724,Jew-695440,Jewelry,Portugal,Social Media
18,375.48,2024-03-15,C-60323692,Hea-761838,Health,United States,Web
9,473.11,2022-04-08,C-61223304,Aut-286909,Automotive,Switzerland,Marketplace
5,109.25,2024-07-11,C-11177777,Clo-410776,Clothing,Mexico,Phone
1,453.63,2022-08-19,C-11172808,Tra-165645,Travel,Canada,Web
5,92.48,2024-05-28,C-66796277,Tra-038821,Travel,France,App
17,327.74,2025-10-26,C-95538520,Tra-433647,Travel,Germany,Store
19,253.5,2023-10-19,C-89101666,Off-130753,Office,Portugal,Marketplace
8,49.5,2022-08-14,C-03016393,Jew-222916,Jewelry,United States,Web
19,290.7,2024-08-01,C-76605428,Mus-914806,Music,Austria,Marketplace
14,6.57,2024-11-23,C-75021103,Clo-604711,Clothing,Japan,App
1,37.32,2023-02-26,C-93712739,Gar-964251,Garden,Austria,Store
6,355.07,2022-02-20,C-84984031,Off-483029,Office,Austria,App
4,433.44,2024-11-19,C-51214215,Toy-264168,Toys,Denmark,App
17,35.22,2022-08-25,C-75310409,Ele-311663,Electronics,Switzerland,Web
12,115.09,2022-03-22,C-53082079,Tra-212665,Travel,Italy,Marketplace
5,337.87,2023-01-21,C-75232822,Fur-307265,Furniture,Australia,Email
6,469.31,2023-08-15,C-73291975,Ele-585468,Electronics,Japan,Store
1,213.94,2022-12-07,C-03613300,Foo-833662,Food,Italy,Email
5,362.93,2022-03-20,C-79340041,Fur-424499,Furniture,Spain,Store
7,160.79,2024-04-03,C-37282969,Toy-659090,Toys,Sweden,App
5,96.46,2024-08-30,C-55264133,Toy-243587,Toys,Mexico,Email
15,139.6,2023-01-15,C-33071308,Hea-617739,Health,Switzerland,Web
9,259.95,2025-11-19,C-44394558,Tra-882266,Travel,United States,Marketplace
16,365.35,2025-11-19,C-72957339,Jew-649166,Jewelry,United States,Phone
1,266.62,2024-01-12,C-81092571,Boo-421426,Books,Italy,Marketplace
15,392.04,2024-08-12,C-07706214,Spo-625519,Sports,United Kingdom,Email
7,35.49,2025-01-03,C-73291975,Clo-547761,Clothing,Mexico,App
2,120.68,2023-03-20,C-34756280,Aut-693338,Automotive,Italy,Email
17,242.31,2022-07-27,C-40712411,Spo-493651,Sports,Netherlands,Marketplace
18,394.61,2022-11-01,C-48365033,Off-551740,Office,Canada,Store
18,421.43,2024-07-18,C-98578568,Tra-936585,Travel,Canada,Phone
3,448.97,2025-11-25,C-58593771,Foo-053723,Food,Canada,Social Media
19,420.72,2022-08-02,C-81092571,Toy-085439,Toys,Spain,App
18,301.69,2024-12-16,C-76264318,Mus-937420,Music,Sweden,Store
9,215.91,2025-12-10,C-21047218,Bea-437820,Beauty,Australia,Email
1,147.02,2025-04-28,C-14863834,Tra-905645,Travel,Belgium,Social Media
9,311.91,2023-01-16,C-44131482,Aut-658762,Automotive,Austria,Web
8,343.45,2023-06-14,C-57589671,Gar-036042,Garden,Switzerland,App
2,301.72,2023-02-07,C-93712739,Jew-286855,Jewelry,Brazil,Web
18,172.83,2025-10-15,C-11172808,Clo-680404,Clothing,Australia,Web
2,181.56,2025-06-30,C-60323692,Jew-691576,Jewelry,Brazil,Email
15,114.09,2022-06-11,C-30556313,Boo-736859,Books,Italy,Store
11,172.34,2023-11-23,C-14863834,Aut-686491,Automotive,Mexico,Web
1,8.25,2022-05-14,C-78446420,Toy-140634,Toys,Norway,App
13,24.78,2024-01-05,C-09237099,Toy-433758,Toys,Australia,Store
2,205.47,2023-06-23,C-88764007,Clo-425818,Clothing,Spain,Email
10,302.98,2022-07-31,C-28558128,Hea-716715,Health,Brazil,Marketplace
17,214.91,2023-11-26,C-19495025,Mus-907390,Music,Austria,Marketplace
8,231.66,2023-05-21,C-73741620,Toy-208624,Toys,Netherlands,App
2,116.32,2024-09-17,C-96984679,Boo-195018,Books,Belgium,Phone
18,282.25,2024-05-22,C-55696698,Spo-749960,Sports,Belgium,Marketplace
12,410.91,2023-08-26,C-12780542,Mus-571434,Music,United Kingdom,App
5,345.58,2025-11-25,C-32013927,Boo-682967,Books,France,Web
14,17.29,2024-12-04,C-61850780,Off-097657,Office,Japan,Web
5,497.72,2023-10-24,C-83525743,Off-996120,Office,Australia,Social Media
6,459.99,2023-04-22,C-36312598,Ele-988881,Electronics,Norway,Email
9,122.9,2025-02-15,C-11177777,Off-208596,Office,Sweden,Store
13,271.8,2022-07-24,C-27185779,Mus-097477,Music,Denmark,Phone
7,125.46,2025-11-05,C-99336445,Hea-899311,Health,Japan,App
3,445.41,2025-03-23,C-10975431,Hea-918492,Health,Spain,Store
16,38.84,2022-01-10,C-50560434,Bea-380358,Beauty,Brazil,Store
1,409.39,2023-10-19,C-65594419,Mus-625813,Music,France,Phone
7,245.71,2022-01-03,C-25868269,Tra-061904,Travel,Switzerland,Web
3,351.89,2024-08-27,C-90940416,Toy-792410,Toys,Mexico,Social Media
2,322.72,2022-02-24,C-76800708,Gar-575823,Garden,Belgium,Marketplace
16,121.57,2025-07-05,C-96984679,Foo-148377,Food,Portugal,Store
10,267.36,2024-09-30,C-93354569,Toy-037137,Toys,France,Phone
16,415.94,2025-06-21,C-56171343,Hea-765333,Health,Italy,Store
8,278.79,2023-04-21,C-16276701,Boo-300991,Books,Belgium,Marketplace
15,108.26,2024-12-11,C-14348130,Mus-063039,Music,Germany,Store
7,252.87,2025-04-20,C-53082079,Spo-642865,Sports,United States,Phone
19,374.41,2025-04-20,C-26183976,Aut-802245,Automotive,Canada,Store
12,262.53,2025-11-10,C-84592199,Aut-102444,Automotive,France,App
19,264.1,2024-02-25,C-88764007,Toy-732962,Toys,Poland,App
18,190.79,2024-04-07,C-48732589,Toy-781869,Toys,Brazil,Marketplace
6,291.17,2022-03-29,C-45178159,Toy-155936,Toys,Mexico,App
6,353.77,2022-07-17,C-93572459,Aut-423599,Automotive,Japan,Store
8,9.1,2025-11-10,C-12290630,Aut-999619,Automotive,Norway,Social Media
11,164.17,2025-01-18,C-27206525,Tra-456222,Travel,Italy,Store
19,357.71,2022-02-02,C-01495378,Mus-033764,Music,Australia,Social Media
14,24.43,2024-08-16,C-12376621,Jew-559844,Jewelry,Sweden,Phone
6,130.29,2022-07-19,C-51790735,Boo-207296,Books,France,App
13,444.65,2023-09-29,C-03613300,Foo-254093,Food,Austria,Social Media
18,239.67,2023-06-27,C-15619280,Fur-572577,Furniture,Sweden,Social Media
3,458.08,2025-09-23,C-30556313,Aut-659148,Automotive,Italy,App
3,435.49,2023-05-13,C-30456182,Jew-519957,Jewelry,Poland,App
8,211.53,2025-08-13,C-10628881,Bea-114529,Beauty,Italy,Phone
6,310.51,2023-08-21,C-12780542,Bea-580643,Beauty,Norway,Web
2,411.93,2025-05-24,C-35862539,Toy-503228,Toys,Switzerland,Email
18,416.56,2022-12-14,C-76399890,Jew-947327,Jewelry,Italy,Web
19,10.9,2023-12-21,C-13838283,Foo-011094,Food,Japan,Marketplace
16,414.42,2025-07-31,C-85270860,Hea-514955,Health,Poland,Social Media
7,44.21,2025-03-12,C-11498981,Tra-245495,Travel,Sweden,App
9,394.89,2025-06-22,C-76932090,Toy-987120,Toys,Brazil,Web
12,280.71,2023-02-13,C-35700115,Hea-434185,Health,Canada,Web
11,222.07,2025-05-09,C-30786627,Bea-757222,Beauty,United States,Social Media
10,19.4,2024-04-13,C-31776064,Off-931815,Office,Mexico,Email
19,440.21,2024-08-13,C-37792256,Aut-220594,Automotive,France,App
7,265.91,2025-07-11,C-65594419,Spo-617019,Sports,Mexico,Phone
11,243.74,2024-03-22,C-58844515,Fur-595975,Furniture,Belgium,Store
17,459.35,2024-06-22,C-03016393,Jew-695711,Jewelry,Poland,Social Media
6,163.9,2022-08-16,C-21047218,Fur-927086,Furniture,Norway,Email
8,428.38,2023-04-09,C-83990482,Gar-841503,Garden,United Kingdom,App
9,277.45,2022-06-21,C-82799399,Spo-336508,Sports,Netherlands,Store
2,197.81,2024-10-06,C-21493738,Aut-504969,Automotive,Switzerland,Phone
14,97.52,2023-07-04,C-38044479,Aut-543801,Automotive,Austria,Marketplace
12,72.21,2023-05-13,C-94751185,Aut-384735,Automotive,Austria,Social Media
11,398.11,2023-12-18,C-73659733,Bea-049281,Beauty,Japan,App
1,304.05,2023-06-22,C-34187596,Ele-481338,Electronics,Sweden,App
11,381.68,2025-06-01,C-28442622,Clo-879262,Clothing,Poland,Web
4,195.49,2022-09-27,C-61850780,Toy-522723,Toys,Poland,Social Media
14,115.66,2022-09-12,C-44214705,Fur-804551,Furniture,Switzerland,Social Media
5,185.09,2022-08-26,C-75310409,Ele-336506,Electronics,Canada,Marketplace
19,472.29,2024-09-18,C-29230901,Off-537297,Office,France,Email
8,23.73,2025-03-24,C-37282969,Off-797226,Office,Mexico,Marketplace
11,234.02,2022-06-13,C-61850780,Ele-348127,Electronics,Austria,Email
4,453.12,2025-08-09,C-59610177,Aut-719632,Automotive,Switzerland,Email
15,223.64,2024-07-02,C-58623748,Gar-911218,Garden,Japan,Web
5,463.9,2023-06-16,C-55631850,Off-599332,Office,Norway,App
5,251.79,2022-08-22,C-03964660,Mus-265234,Music,Poland,Marketplace
7,232.35,2024-04-25,C-37282969,Mus-472033,Music,Sweden,Phone
5,282.74,2025-07-10,C-78924248,Toy-088181,Toys,Spain,Phone
5,109.53,2022-09-22,C-43344687,Aut-212701,Automotive,Denmark,Email
1,173.37,2025-02-17,C-76803278,Boo-775196,Books,Sweden,App
7,429.06,2025-08-29,C-23912425,Hea-525765,Health,Netherlands,Email
8,344.75,2024-08-20,C-24254708,Boo-299927,Books,Japan,Social Media
2,419.24,2022-12-11,C-71354562,Foo-387117,Food,Norway,App
16,135.02,2023-06-30,C-88904378,Gar-291598,Garden,France,Phone
3,468.49,2025-09-25,C-58593771,Gar-439097,Garden,Netherlands,Store
16,163.24,2024-11-29,C-43320541,Bea-647302,Beauty,Mexico,Email
10,229.24,2025-04-11,C-04675267,Clo-861027,Clothing,United Kingdom,Email
16,135.23,2023-11-26,C-35511467,Fur-391667,Furniture,Denmark,Web
2,428.87,2024-11-13,C-31490891,Boo-350537,Books,Austria,Marketplace
17,198.12,2024-06-18,C-64967803,Clo-175758,Clothing,Sweden,App
12,495.48,2025-04-23,C-34194127,Foo-735303,Food,Belgium,App
14,483.26,2025-07-18,C-24874629,Bea-653508,Beauty,Poland,Email
8,156.8,2024-06-05,C-92295932,Mus-986790,Music,Switzerland,Store
14,311.09,2022-10-28,C-13247287,Jew-700278,Jewelry,United Kingdom,Store
2,125.95,2024-02-07,C-39312362,Foo-910125,Food,Japan,Web
6,350.79,2025-08-19,C-52687437,Fur-632229,Furniture,Denmark,App
5,15.76,2022-05-01,C-57442109,Clo-874611,Clothing,Mexico,Store
4,368.97,2025-07-07,C-42435059,Mus-426869,Music,Brazil,Store
9,332.89,2025-12-15,C-02890690,Fur-871386,Furniture,Austria,Marketplace
7,108.78,2023-04-06,C-69850346,Ele-707253,Electronics,Spain,Store
18,452.05,2025-06-04,C-37792256,Bea-730739,Beauty,Brazil,App
19,96.13,2025-08-29,C-08084208,Bea-526405,Beauty,Spain,Marketplace
10,124.04,2023-03-24,C-79109200,Mus-644636,Music,Australia,Store
4,383.57,2025-09-23,C-08397369,Gar-787561,Garden,Italy,Social Media
4,440.36,2024-02-08,C-42970743,Aut-632965,Automotive,Italy,Social Media
4,468.01,2022-10-29,C-43254822,Spo-174144,Sports,Denmark,Web
19,250.08,2022-04-10,C-04388288,Hea-139472,Health,Switzerland,Web
2,282.57,2024-05-15,C-63879404,Gar-063185,Garden,Belgium,Social Media
1,10.88,2023-10-31,C-31733702,Mus-557001,Music,Germany,App
1,143.39,2025-01-04,C-82193345,Jew-960604,Jewelry,Japan,Store
5,397.07,2023-03-21,C-71521183,Clo-466358,Clothing,United States,Social Media
12,147.52,2022-01-16,C-84069645,Foo-015054,Food,Switzerland,Marketplace
8,374.17,2022-09-16,C-55696698,Aut-051797,Automotive,United Kingdom,Web
15,417.76,2022-01-09,C-25096724,Clo-535455,Clothing,Japan,Social Media
19,138.07,2024-08-23,C-93712739,Jew-998007,Jewelry,Germany,Social Media
16,456.85,2024-10-10,C-66918517,Tra-681905,Travel,Austria,Social Media
8,230.74,2024-05-03,C-12450349,Clo-929724,Clothing,Norway,Social Media
9,150.16,2023-05-17,C-27185779,Toy-578297,Toys,Sweden,App
7,292.41,2024-10-01,C-27185779,Tra-772870,Travel,Austria,Phone
2,62.42,2024-12-27,C-84862724,Ele-505714,Electronics,Austria,App
6,449.64,2023-06-08,C-33067849,Aut-472064,Automotive,Denmark,Store
19,457.77,2024-10-02,C-27458375,Aut-475717,Automotive,United States,App
12,53.61,2023-12-03,C-10353855,Foo-782854,Food,Switzerland,Web
16,320.45,2023-12-19,C-66005265,Jew-127387,Jewelry,Portugal,Phone
9,184.37,2024-06-28,C-61648314,Clo-425426,Clothing,Sweden,Phone
6,338.14,2024-05-21,C-49819326,Foo-855047,Food,Poland,Email
11,243.19,2022-05-28,C-82924856,Spo-334650,Sports,Switzerland,Web
16,417.74,2024-02-29,C-51629298,Jew-482172,Jewelry,Italy,Marketplace
12,322.43,2022-06-30,C-49938177,Off-627121,Office,Netherlands,Email
3,352.25,2023-10-15,C-01425733,Ele-951324,Electronics,Japan,Web
6,252.25,2022-08-21,C-88764007,Bea-607154,Beauty,Australia,Store
12,85.75,2025-10-25,C-33477060,Mus-820897,Music,Netherlands,Web
6,353.4,2022-07-11,C-32013927,Toy-268010,Toys,Portugal,Marketplace
5,399.63,2022-08-16,C-25096724,Boo-777922,Books,Portugal,Marketplace
1,383.89,2023-10-27,C-76932090,Toy-249547,Toys,Netherlands,Social Media
8,297.8,2022-08-22,C-75123250,Fur-758560,Furniture,Sweden,Social Media
10,283.48,2022-12-14,C-46803455,Jew-668831,Jewelry,Germany,Email
3,63.85,2022-10-21,C-43344687,Jew-826293,Jewelry,Austria,Email
18,35.77,2022-07-21,C-71679333,Clo-327375,Clothing,Netherlands,Marketplace
15,105.08,2024-11-26,C-95575943,Aut-798231,Automotive,Italy,Social Media
15,32.27,2025-08-27,C-95885847,Ele-623731,Electronics,United Kingdom,Phone
16,426.78,2024-03-23,C-51214215,Gar-143200,Garden,Brazil,Phone
14,164.15,2024-08-17,C-72957339,Off-309411,Office,Japan,Marketplace
11,308.12,2024-09-02,C-63261242,Boo-135374,Books,France,Social Media
3,441.3,2022-05-19,C-04655309,Spo-136749,Sports,Australia,Web
13,465.25,2022-01-09,C-46857022,Gar-786489,Garden,Italy,Email
17,376.21,2022-05-18,C-48042983,Spo-898491,Sports,Belgium,App
2,200.04,2025-09-22,C-14863834,Spo-818755,Sports,United Kingdom,Web
14,381.2,2025-10-05,C-69919834,Hea-688983,Health,Poland,Marketplace
14,12.97,2022-10-28,C-89337463,Aut-242273,Automotive,Austria,Email
16,181.64,2022-09-18,C-04082137,Ele-239600,Electronics,Belgium,Marketplace
12,121.03,2025-04-25,C-82983097,Off-292019,Office,France,Phone
16,27.66,2023-03-11,C-55290918,Tra-222644,Travel,Germany,Phone
13,248.7,2023-11-07,C-08804410,Clo-878301,Clothing,Brazil,Web
4,227.45,2025-11-26,C-21815651,Spo-217343,Sports,Germany,Email
16,462.69,2023-08-31,C-04675267,Aut-511902,Automotive,Netherlands,Web
19,407.02,2025-07-20,C-14989806,Mus-637667,Music,Brazil,Marketplace
18,421.5,2023-05-22,C-44034970,Gar-320731,Garden,Italy,Store
2,146.59,2023-07-02,C-46779506,Aut-309304,Automotive,Austria,Marketplace
18,436.61,2022-11-14,C-58844515,Aut-356929,Automotive,Italy,Phone
13,456.78,2024-07-12,C-95370570,Bea-888841,Beauty,Netherlands,Social Media
14,313.13,2025-04-18,C-83984056,Hea-998006,Health,Belgium,Marketplace
18,122.39,2022-11-01,C-79109200,Toy-353188,Toys,France,Phone
14,293.6,2022-03-08,C-94561312,Aut-856378,Automotive,Canada,App
11,452.49,2023-09-09,C-71679333,Gar-685793,Garden,Belgium,App
19,459.8,2025-03-15,C-55696698,Clo-022498,Clothing,Canada,Web
4,297.45,2024-04-16,C-91848903,Hea-017197,Health,United Kingdom,Social Media
8,359.57,2022-03-10,C-77391210,Foo-047076,Food,Brazil,Phone
8,24.04,2025-12-16,C-35511467,Boo-713158,Books,France,Email
2,276.75,2024-06-07,C-82924856,Toy-383730,Toys,United Kingdom,App
7,198.38,2023-04-01,C-53082079,Toy-997721,Toys,Netherlands,Store
6,17.44,2022-07-11,C-04759341,Bea-570121,Beauty,Portugal,App
19,172.88,2024-09-03,C-63261242,Jew-164817,Jewelry,Australia,App
10,451.48,2022-01-28,C-41671136,Tra-803972,Travel,Mexico,Marketplace
12,276.11,2025-02-07,C-00716732,Ele-844948,Electronics,Sweden,Social Media
13,271.89,2025-11-16,C-58207115,Foo-429017,Food,France,Email
1,372.11,2022-10-29,C-47831975,Aut-167136,Automotive,Brazil,Store
6,264.98,2024-10-18,C-25479673,Clo-887010,Clothing,Denmark,Marketplace
19,371.95,2024-09-14,C-03016393,Toy-530163,Toys,Austria,App
9,22.89,2024-10-22,C-75123250,Aut-846524,Automotive,Belgium,Web
15,244.45,2022-10-04,C-96899874,Off-399253,Office,Italy,Email
1,150.75,2022-06-12,C-99951237,Jew-877036,Jewelry,Australia,Social Media
1,147.62,2024-12-27,C-37792256,Hea-505277,Health,Sweden,Email
5,365.29,2023-11-21,C-33067849,Fur-310582,Furniture,Netherlands,Web
15,427.35,2023-10-24,C-96984679,Mus-323053,Music,United Kingdom,Email
13,486.01,2024-06-12,C-48888222,Fur-750766,Furniture,Belgium,Marketplace
10,350.01,2024-02-28,C-81260270,Hea-572076,Health,Austria,App
6,18.57,2022-04-17,C-48888222,Mus-687995,Music,Denmark,Marketplace
2,26.61,2024-12-29,C-57442109,Gar-217305,Garden,Poland,Marketplace
4,365.05,2024-03-23,C-73352991,Aut-222021,Automotive,Switzerland,Web
3,461.8,2023-08-25,C-95897450,Toy-536550,Toys,France,Email
15,242.36,2025-07-01,C-10628881,Gar-970533,Garden,Poland,Social Media
15,358.68,2025-12-16,C-64933370,Hea-693688,Health,Sweden,App
8,244.25,2025-09-24,C-88764007,Off-895062,Office,Brazil,Marketplace
11,70.74,2025-12-21,C-28481406,Clo-525688,Clothing,France,Phone
4,143.1,2022-08-29,C-14348130,Boo-189330,Books,United Kingdom,Store
16,277.25,2022-04-30,C-44259536,Clo-818717,Clothing,Switzerland,Store
11,417.32,2025-12-24,C-22579567,Foo-429238,Food,France,Marketplace
5,442.76,2024-05-01,C-26931360,Mus-567924,Music,Brazil,Store
6,397.59,2022-03-27,C-25388461,Gar-908001,Garden,Australia,Marketplace
15,390.17,2022-01-10,C-61223304,Off-474092,Office,Japan,Phone
14,207.77,2024-10-07,C-20120738,Gar-854275,Garden,Switzerland,Email
13,332.66,2025-10-05,C-58125275,Mus-272409,Music,Australia,Store
2,276.43,2023-05-07,C-16115109,Hea-862059,Health,Italy,Store
3,165.79,2025-01-12,C-03929539,Clo-933345,Clothing,Australia,Marketplace
14,314.89,2024-09-24,C-72957339,Jew-015855,Jewelry,Netherlands,Email
15,38.15,2023-11-10,C-77186257,Toy-325534,Toys,Sweden,Marketplace
3,38.66,2023-04-05,C-06670976,Ele-697198,Electronics,Brazil,App
5,285.92,2024-08-25,C-13192293,Fur-789601,Furniture,Japan,Social Media
19,5.37,2024-07-15,C-64801937,Foo-386713,Food,Japan,Social Media
15,173.21,2025-06-06,C-91258005,Boo-354407,Books,Denmark,Email
18,374.99,2022-11-10,C-72341909,Fur-656776,Furniture,Sweden,Marketplace
16,67.56,2023-12-24,C-50560434,Bea-854381,Beauty,Canada,Store
4,293.82,2023-08-10,C-05163875,Foo-249477,Food,Canada,Web
4,348.98,2024-02-08,C-95364434,Jew-501096,Jewelry,Austria,Email
15,303.3,2025-04-03,C-86887776,Tra-469392,Travel,France,Social Media
5,109.75,2022-06-03,C-29004750,Bea-702094,Beauty,Australia,Web
1,82.97,2025-12-20,C-93572459,Off-965227,Office,United States,Web
9,42.14,2022-12-07,C-68421440,Jew-756711,Jewelry,Norway,Marketplace
11,312.26,2025-10-05,C-75232822,Mus-487357,Music,Portugal,Store
11,54.86,2022-07-07,C-14167380,Boo-880280,Books,Brazil,Social Media
16,328.32,2022-05-23,C-91611921,Spo-609438,Sports,Australia,Social Media
19,105.8,2025-04-12,C-93354569,Boo-808492,Books,Sweden,Phone
1,266.87,2025-03-20,C-24825971,Bea-933492,Beauty,Austria,App
12,331.56,2022-12-15,C-35700115,Spo-751756,Sports,Germany,Social Media
8,377.79,2025-07-22,C-52729045,Fur-839983,Furniture,Sweden,Store
12,399.2,2022-11-11,C-25764795,Jew-185238,Jewelry,Belgium,Social Media
15,10.38,2022-03-12,C-78924248,Gar-978078,Garden,Australia,Email
15,68.22,2025-04-08,C-81260270,Spo-667608,Sports,Australia,Social Media
2,288.56,2023-02-08,C-69654804,Bea-982627,Beauty,Germany,App
14,204.64,2024-04-28,C-66918517,Bea-773874,Beauty,Spain,Marketplace
10,229.15,2024-11-15,C-22258680,Off-419635,Office,Spain,App
11,242.95,2024-07-28,C-76803278,Clo-354588,Clothing,Netherlands,Store
3,88.92,2025-11-06,C-03797010,Boo-870630,Books,United Kingdom,App
16,365.17,2022-01-11,C-47614337,Clo-052983,Clothing,Brazil,Social Media
3,140.92,2022-10-09,C-95538520,Off-022790,Office,Belgium,App
15,178.61,2022-05-25,C-65594419,Aut-227655,Automotive,Portugal,Web
1,425.8,2025-02-18,C-38567964,Ele-919104,Electronics,Mexico,Phone
4,392.09,2025-11-01,C-28252670,Off-916958,Office,Norway,Marketplace
4,231.08,2023-07-28,C-87531984,Boo-686908,Books,Denmark,Phone
9,86.75,2023-01-04,C-33067849,Fur-729418,Furniture,Mexico,Marketplace
14,214.31,2025-07-09,C-51510185,Spo-259709,Sports,Japan,Web
18,135.95,2025-12-01,C-36941673,Spo-109519,Sports,France,Email
14,172.77,2023-02-06,C-89047975,Aut-094293,Automotive,Poland,Web
9,121.71,2022-07-26,C-13192293,Fur-336113,Furniture,Mexico,Social Media
9,290.4,2023-06-14,C-03077799,Bea-050151,Beauty,Switzerland,App
12,44.82,2024-08-22,C-63062112,Bea-686474,Beauty,United States,Store
4,8.72,2024-05-25,C-55597799,Hea-650709,Health,France,App
8,350.26,2022-02-04,C-03358637,Boo-205113,Books,Canada,Social Media
7,358.65,2024-11-06,C-28506804,Fur-978543,Furniture,United States,Phone
5,499.59,2024-11-11,C-06140306,Toy-810232,Toys,Germany,App
19,252.88,2024-07-20,C-88904378,Mus-790821,Music,Brazil,Web
12,77.3,2024-09-24,C-94752604,Gar-230736,Garden,Spain,App
10,165.97,2024-01-28,C-39719554,Bea-262927,Beauty,Germany,Store
1,443.26,2023-07-21,C-72957339,Clo-820232,Clothing,Mexico,App
15,129.47,2024-11-15,C-57391425,Tra-870331,Travel,Denmark,Email
11,49.48,2025-01-06,C-21964351,Gar-257235,Garden,Austria,App
5,183.86,2025-12-21,C-80410341,Spo-892237,Sports,United States,App
11,240.73,2022-10-02,C-21047218,Fur-669802,Furniture,Austria,Phone
4,64.78,2024-04-12,C-47607714,Fur-813583,Furniture,Switzerland,App
10,97.08,2024-01-28,C-33389851,Ele-806663,Electronics,Germany,App
15,139.56,2025-05-17,C-82193345,Jew-562881,Jewelry,United Kingdom,Phone
2,54.97,2023-11-23,C-73478428,Spo-193425,Sports,Netherlands,Store
13,39.72,2023-12-25,C-79109200,Toy-774581,Toys,Germany,Phone
19,328.07,2023-01-03,C-07674407,Hea-154162,Health,Norway,Marketplace
5,273.19,2022-03-12,C-79109200,Boo-774380,Books,Italy,Web
17,115.33,2025-04-08,C-71521183,Spo-422903,Sports,Portugal,Phone
1,371.34,2024-10-18,C-85947324,Spo-156416,Sports,Italy,Marketplace
9,158.86,2022-10-25,C-60323692,Mus-632548,Music,Norway,Web
14,456.28,2024-09-28,C-25569498,Tra-441614,Travel,Denmark,Social Media
14,296.77,2023-05-02,C-73741620,Fur-326218,Furniture,Portugal,Email
10,54.91,2024-10-09,C-03989784,Ele-221194,Electronics,Denmark,App
4,439.63,2025-11-12,C-17115537,Ele-406208,Electronics,Norway,Store
4,361.41,2024-02-29,C-69752771,Aut-606799,Automotive,Sweden,App
19,322.14,2025-11-03,C-71679333,Mus-011988,Music,Norway,Social Media
3,354.12,2025-07-05,C-07706214,Boo-026648,Books,Mexico,Marketplace
15,257.76,2024-02-06,C-75310409,Bea-989543,Beauty,Brazil,Social Media
5,269.62,2022-01-22,C-86898981,Spo-014664,Sports,Canada,Email
18,387.06,2023-01-17,C-35700115,Bea-109492,Beauty,Austria,Marketplace
10,177.25,2025-02-09,C-24696321,Clo-419103,Clothing,United Kingdom,Email
6,236.79,2024-10-02,C-11177777,Jew-401842,Jewelry,Switzerland,Email
1,18.76,2023-04-24,C-33389851,Clo-695429,Clothing,Switzerland,Phone
16,39.83,2023-05-18,C-54087604,Ele-512692,Electronics,Canada,Email
18,461.05,2025-10-26,C-23316927,Fur-475667,Furniture,Germany,Social Media
11,471.51,2024-04-20,C-79109200,Jew-710967,Jewelry,Italy,Marketplace
9,494.13,2024-02-09,C-64933370,Fur-513432,Furniture,Norway,Marketplace
15,107.42,2024-07-17,C-30456182,Foo-246317,Food,Norway,Marketplace
1,74.97,2024-02-07,C-94751185,Gar-082446,Garden,Belgium,Social Media
13,257.49,2024-01-03,C-92295932,Foo-648114,Food,Denmark,Web
12,277.98,2024-12-18,C-95405257,Clo-012981,Clothing,United States,Phone
17,431.47,2024-03-04,C-65235738,Fur-001515,Furniture,Mexico,Marketplace
6,111.36,2023-05-18,C-85002220,Gar-591651,Garden,Italy,App
6,90.31,2023-12-02,C-28481406,Hea-319635,Health,Brazil,Web
11,258.78,2022-12-30,C-46779506,Mus-642728,Music,Portugal,Social Media
15,390.8,2023-07-13,C-67124011,Spo-066582,Sports,United States,Marketplace
1,40.55,2022-05-11,C-80272452,Aut-367701,Automotive,Spain,App
1,285.54,2025-11-30,C-11985335,Jew-462079,Jewelry,Netherlands,Store
17,304.79,2024-04-09,C-43344687,Gar-429342,Garden,Japan,Web
7,354.87,2023-11-05,C-24254708,Hea-630737,Health,Brazil,Marketplace
15,426.29,2022-07-17,C-51073307,Gar-059808,Garden,Japan,Marketplace
10,464.58,2023-10-15,C-73659733,Hea-351485,Health,Japan,Social Media
10,53.46,2023-06-26,C-32024053,Aut-354893,Automotive,Netherlands,App
18,42.16,2025-08-30,C-71354562,Aut-267751,Automotive,France,App
16,36.67,2025-12-18,C-46857022,Bea-807691,Beauty,Netherlands,Marketplace
15,231.04,2025-03-10,C-27458375,Tra-122843,Travel,Canada,Store
9,135.65,2022-11-08,C-48888222,Fur-297492,Furniture,Switzerland,Email
17,172.64,2024-02-06,C-63879404,Mus-938731,Music,Brazil,Email
6,349.78,2025-01-19,C-55290918,Jew-114643,Jewelry,Spain,Web
2,9.11,2025-02-10,C-58263729,Fur-855746,Furniture,Australia,Email
13,401.4,2023-12-12,C-28663874,Boo-621771,Books,France,App
5,296.54,2024-10-12,C-24193676,Foo-945133,Food,Netherlands,Store
4,362.05,2025-12-30,C-12450349,Tra-014036,Travel,Austria,Social Media
1,328.03,2022-06-28,C-35862539,Gar-382226,Garden,Poland,Social Media
6,40.13,2025-03-25,C-43344687,Hea-674869,Health,Denmark,Marketplace
1,271.05,2025-12-09,C-24874629,Tra-781756,Travel,Poland,Social Media
8,72.17,2023-02-14,C-10382808,Hea-367325,Health,Australia,Email
9,197.24,2023-12-22,C-40066424,Boo-657607,Books,Sweden,Store
17,15.21,2024-12-23,C-55597799,Aut-186784,Automotive,Germany,Marketplace
6,204.43,2023-06-11,C-08804410,Fur-125851,Furniture,Brazil,Web
12,239.4,2024-06-11,C-45178159,Boo-827051,Books,Belgium,Phone
14,251.43,2024-07-03,C-34194127,Aut-550388,Automotive,Portugal,Phone
16,41.19,2023-03-15,C-99336445,Bea-928086,Beauty,Brazil,Social Media
17,45.95,2024-06-02,C-16552411,Jew-947043,Jewelry,Mexico,Web
6,273.95,2024-11-24,C-85645658,Bea-413436,Beauty,Mexico,Email
18,287.33,2024-02-28,C-72026020,Boo-860688,Books,Poland,Store
6,224.7,2025-05-28,C-58815004,Off-741594,Office,Portugal,Store
17,380.23,2022-11-27,C-32317799,Foo-717647,Food,Italy,Store
3,200.15,2022-07-08,C-04082137,Aut-127604,Automotive,Spain,Web
17,50.92,2024-11-21,C-68421440,Jew-086914,Jewelry,Brazil,Marketplace
17,74.26,2022-03-05,C-67734713,Jew-382787,Jewelry,Mexico,Email
19,85.97,2025-08-02,C-22258680,Fur-314027,Furniture,Australia,Phone
10,10.89,2023-07-08,C-21964351,Clo-659151,Clothing,Sweden,Marketplace
4,200.85,2025-04-10,C-03929539,Aut-065801,Automotive,Italy,Social Media
10,400.46,2022-10-03,C-77772036,Spo-300444,Sports,Norway,Store
3,170.85,2023-08-05,C-68110109,Mus-436933,Music,Norway,Email
8,463.29,2024-10-10,C-74975237,Foo-989465,Food,Mexico,App
3,82.32,2023-08-19,C-80730111,Toy-632439,Toys,Belgium,App
8,25.82,2022-09-25,C-93354569,Aut-863815,Automotive,Norway,Store
19,114.59,2023-07-12,C-85947324,Clo-885177,Clothing,Japan,Email
10,261.39,2022-10-24,C-47467171,Off-304221,Office,Sweden,App
2,50.48,2023-05-29,C-58207115,Boo-491388,Books,Germany,Email
18,160.33,2023-06-02,C-89572422,Off-102789,Office,Portugal,Phone
13,129.84,2025-04-22,C-12290630,Ele-138357,Electronics,Australia,Store
4,385.92,2024-02-01,C-95885847,Jew-779871,Jewelry,Spain,Email
13,263.95,2025-04-19,C-35511467,Gar-734604,Garden,Denmark,Store
8,263.4,2022-12-19,C-48365033,Foo-378140,Food,Sweden,Web
6,381.27,2025-10-05,C-93179907,Mus-378225,Music,Australia,Store
3,117.01,2025-04-04,C-44214705,Tra-031801,Travel,Denmark,App
3,53.46,2024-03-23,C-45499076,Bea-060539,Beauty,Switzerland,Social Media
11,9.54,2024-10-18,C-22258680,Mus-453748,Music,Austria,App
10,375.78,2025-05-22,C-38242955,Tra-089677,Travel,Netherlands,Store
2,270.42,2024-03-11,C-79851234,Bea-988771,Beauty,Portugal,App
17,345.18,2024-02-25,C-75021103,Boo-535514,Books,Brazil,Marketplace
16,430.62,2023-11-03,C-66447024,Aut-298208,Automotive,Denmark,Marketplace
16,104.1,2023-12-16,C-31490891,Spo-497006,Sports,Spain,Social Media
12,473.71,2024-11-01,C-76810864,Boo-673215,Books,Sweden,Web
14,132.77,2022-10-10,C-43310463,Tra-812765,Travel,Poland,App
14,208.96,2022-10-06,C-29832082,Boo-848824,Books,Netherlands,App
14,77.51,2022-03-24,C-12025094,Tra-702783,Travel,Spain,Social Media
9,86.4,2024-06-26,C-04202589,Boo-388235,Books,Mexico,Social Media
18,485.89,2023-07-28,C-32681044,Mus-127047,Music,Sweden,Web
3,267.63,2023-03-23,C-46857022,Hea-219079,Health,Portugal,Phone
1,363.13,2025-08-07,C-54512617,Off-796000,Office,Belgium,App
17,214.54,2024-10-27,C-65680713,Fur-869928,Furniture,Austria,Store
12,41.59,2023-01-15,C-33389851,Jew-227877,Jewelry,Australia,Store
5,188.73,2024-07-11,C-09095261,Mus-337513,Music,Poland,Marketplace
6,283.87,2022-07-22,C-50560434,Clo-848813,Clothing,Austria,Social Media
1,323.21,2022-12-29,C-97457004,Tra-629919,Travel,Poland,App
6,442.41,2022-08-26,C-60590184,Spo-593390,Sports,France,Email
2,19.69,2025-03-27,C-84069645,Tra-667835,Travel,United Kingdom,Phone
15,228.55,2023-05-19,C-23912425,Bea-286849,Beauty,Norway,Email
6,17.64,2025-06-26,C-36207775,Clo-477262,Clothing,Norway,Social Media
6,216.52,2025-05-09,C-52687437,Ele-237708,Electronics,Japan,Social Media
6,174.33,2024-10-31,C-24232452,Tra-578254,Travel,France,App
18,120.53,2023-10-01,C-31733702,Mus-817513,Music,United Kingdom,App
6,451.11,2023-07-14,C-12780542,Off-803292,Office,Sweden,Email
16,87.23,2023-01-23,C-01425733,Jew-013771,Jewelry,United Kingdom,Store
19,262.36,2023-10-02,C-63261242,Jew-005598,Jewelry,Australia,Store
10,123.82,2023-09-17,C-95950020,Boo-871214,Books,France,Marketplace
17,246.5,2023-01-05,C-56171343,Clo-661393,Clothing,Austria,Store
8,82.32,2024-12-07,C-45189196,Spo-571488,Sports,Denmark,App
19,53.93,2024-11-13,C-51073307,Aut-247291,Automotive,Norway,Store
12,441.47,2023-10-15,C-78924248,Boo-856391,Books,United Kingdom,Store
11,131.29,2024-11-12,C-87547612,Gar-551340,Garden,Netherlands,Phone
4,381.66,2023-06-10,C-07375902,Clo-400304,Clothing,Mexico,Social Media
12,103.3,2022-02-23,C-59610177,Spo-332170,Sports,Denmark,Store
4,366.23,2022-06-21,C-01495378,Hea-929127,Health,Netherlands,Social Media
14,38.86,2023-08-10,C-72341909,Gar-246390,Garden,Australia,Store
16,198.13,2024-04-29,C-00716732,Toy-825084,Toys,France,App
16,361.37,2022-09-26,C-64105322,Jew-348199,Jewelry,Canada,Email
1,258.64,2024-02-22,C-79632009,Clo-536358,Clothing,Denmark,Store
3,349.3,2024-11-07,C-17115537,Gar-191868,Garden,Sweden,Social Media
17,15.3,2024-02-09,C-37282969,Hea-052225,Health,Belgium,Marketplace
5,249.63,2022-04-01,C-76803278,Boo-978658,Books,Denmark,Phone
17,472.47,2025-08-24,C-14362275,Mus-516588,Music,Belgium,Phone
5,33.76,2025-11-13,C-81092571,Toy-430892,Toys,Australia,Marketplace
8,457.7,2022-07-14,C-95364434,Off-054423,Office,United States,Phone
18,310.8,2023-10-07,C-06140306,Fur-595517,Furniture,Canada,Social Media
13,285.34,2022-12-07,C-43320541,Boo-285788,Books,Italy,App
18,314.44,2024-08-25,C-96295925,Aut-610647,Automotive,Austria,Store
16,7.0,2022-01-15,C-38567964,Bea-555339,Beauty,France,Marketplace
18,12.82,2022-09-06,C-44394558,Gar-219036,Garden,Denmark,Marketplace
16,229.07,2024-05-10,C-61850780,Aut-997295,Automotive,Canada,App
6,347.46,2025-04-06,C-72893017,Off-745850,Office,Australia,Social Media
12,387.55,2023-01-31,C-68110109,Mus-919396,Music,Spain,App
16,497.58,2024-10-30,C-78758323,Mus-999991,Music,Austria,Phone
18,33.53,2023-09-03,C-19495025,Bea-029091,Beauty,Canada,Marketplace
7,198.76,2024-10-08,C-01878061,Foo-950293,Food,Belgium,Web
6,54.47,2025-12-09,C-32681044,Foo-032339,Food,United Kingdom,Web
6,295.86,2023-06-16,C-76932090,Foo-835164,Food,Belgium,Phone
19,189.19,2023-05-12,C-06140306,Off-487792,Office,Brazil,Social Media
8,494.98,2023-11-08,C-26183976,Tra-271732,Travel,Switzerland,App
8,397.29,2025-10-10,C-36207775,Tra-950827,Travel,Austria,Social Media
6,384.98,2025-07-01,C-64838435,Aut-247864,Automotive,Netherlands,App
16,25.5,2022-09-27,C-14009990,Mus-256465,Music,Portugal,Social Media
18,466.94,2022-05-13,C-31562395,Off-984907,Office,Canada,Email
17,141.5,2024-09-01,C-50169180,Gar-911299,Garden,Sweden,Email
7,111.59,2023-09-11,C-95370570,Aut-017111,Automotive,United States,App
11,332.8,2023-07-01,C-35991775,Clo-871743,Clothing,United Kingdom,Web
14,202.02,2022-03-08,C-36104271,Fur-147938,Furniture,Netherlands,Phone
2,394.4,2023-04-06,C-27728798,Aut-400288,Automotive,United States,Marketplace
14,311.8,2023-10-01,C-25746750,Mus-623382,Music,Sweden,App
6,347.56,2025-12-19,C-28655580,Hea-670136,Health,Sweden,App
18,312.14,2023-09-08,C-30456182,Bea-584747,Beauty,Canada,Web
16,174.13,2024-03-29,C-96295925,Tra-975307,Travel,Germany,Email
3,346.57,2022-11-30,C-76319842,Fur-359551,Furniture,United Kingdom,Marketplace
13,465.78,2023-12-14,C-37282969,Bea-231256,Beauty,Poland,Social Media
12,31.39,2024-04-13,C-85002220,Spo-863616,Sports,Poland,Email
18,106.05,2023-05-10,C-33067849,Boo-174846,Books,Switzerland,Social Media
12,224.79,2025-04-26,C-24193676,Toy-808452,Toys,Brazil,App
4,369.48,2024-07-03,C-33414707,Spo-663778,Sports,Norway,Marketplace
7,385.42,2022-08-04,C-11177777,Jew-588506,Jewelry,United Kingdom,Social Media
3,130.25,2023-05-20,C-52196791,Spo-447757,Sports,Poland,Email
3,428.94,2024-07-04,C-92010806,Clo-095741,Clothing,Portugal,Phone
11,107.75,2023-03-08,C-25746750,Mus-883417,Music,Poland,App
14,108.35,2023-05-08,C-76319842,Bea-309258,Beauty,United States,Store
5,92.12,2022-05-21,C-84984031,Boo-377663,Books,Spain,Web
2,223.38,2022-12-07,C-32317799,Spo-237647,Sports,Japan,Email
2,343.1,2022-05-02,C-29230901,Off-331469,Office,Canada,Social Media
16,124.0,2022-02-14,C-93179907,Aut-112787,Automotive,Australia,Marketplace
9,207.57,2024-08-25,C-79851234,Bea-200982,Beauty,Austria,App
12,109.69,2023-07-12,C-04857421,Spo-187756,Sports,Netherlands,App
16,104.4,2023-11-19,C-73741620,Jew-985144,Jewelry,Belgium,Store
9,12.34,2022-05-13,C-41080844,Tra-873061,Travel,Italy,Web
9,309.73,2024-02-06,C-52165873,Tra-909975,Travel,Sweden,Phone
6,235.76,2022-10-21,C-76264318,Mus-555932,Music,Denmark,App
7,400.09,2025-04-06,C-09237099,Bea-946494,Beauty,Poland,Phone
5,196.83,2024-04-30,C-43258668,Jew-712399,Jewelry,Germany,Social Media
10,121.02,2025-12-14,C-04202589,Fur-751735,Furniture,Netherlands,Social Media
19,333.51,2025-01-11,C-69025898,Boo-024989,Books,Spain,App
10,470.42,2022-01-16,C-86898981,Hea-406395,Health,Mexico,Email
17,120.34,2022-11-24,C-03298924,Mus-307685,Music,Mexico,Email
6,13.89,2023-09-13,C-69850346,Hea-271492,Health,Netherlands,Email
2,302.43,2023-01-02,C-08084208,Aut-192308,Automotive,Portugal,App
11,375.99,2023-03-11,C-37282969,Fur-810585,Furniture,Poland,Phone
3,218.82,2023-07-27,C-84862724,Toy-577049,Toys,Sweden,Web
16,468.6,2024-06-19,C-90940416,Bea-482795,Beauty,Canada,Email
15,290.8,2022-05-05,C-34043398,Foo-427095,Food,Portugal,Web
15,335.44,2025-01-24,C-32681044,Gar-966673,Garden,Denmark,Social Media
1,492.2,2022-12-12,C-02890690,Aut-278022,Automotive,Austria,Phone
13,238.46,2025-09-28,C-55546816,Bea-267006,Beauty,Norway,Email
15,435.05,2025-12-16,C-85002220,Ele-378255,Electronics,Canada,Phone
4,325.95,2022-10-16,C-98797738,Jew-038576,Jewelry,Germany,Marketplace
9,373.33,2024-01-25,C-61223304,Boo-916810,Books,France,Email
10,411.22,2022-09-16,C-33389851,Boo-510655,Books,United Kingdom,Email
8,414.58,2024-10-23,C-11498981,Mus-156883,Music,Japan,Email
3,301.14,2023-02-02,C-65189987,Off-193790,Office,Spain,App
14,441.88,2024-03-27,C-28252670,Foo-142883,Food,Germany,Web
2,353.33,2022-11-29,C-42531372,Clo-519988,Clothing,Norway,App
10,328.35,2023-09-06,C-37282969,Off-976128,Office,Canada,Phone
8,452.83,2025-04-29,C-23489168,Bea-323497,Beauty,Switzerland,Web
7,21.9,2023-07-14,C-28442622,Jew-365741,Jewelry,United Kingdom,Email
11,411.92,2024-07-13,C-76605428,Foo-531796,Food,United Kingdom,Phone
1,235.84,2025-04-08,C-54942359,Toy-498926,Toys,Portugal,Social Media
1,377.37,2024-01-11,C-04759341,Jew-586590,Jewelry,Spain,Store
12,439.75,2024-04-28,C-74765923,Hea-920324,Health,Norway,Social Media
16,281.43,2022-09-21,C-57391425,Foo-329243,Food,Netherlands,Store
7,321.83,2025-02-20,C-02885459,Bea-529122,Beauty,France,Marketplace
10,343.1,2024-06-10,C-76319842,Bea-418330,Beauty,Austria,Phone
12,487.54,2025-09-25,C-24874629,Mus-975069,Music,Belgium,Email
15,426.71,2022-08-20,C-08084208,Spo-852114,Sports,Switzerland,Social Media
11,437.74,2022-08-12,C-84862724,Gar-839460,Garden,Austria,Web
16,16.02,2023-09-02,C-71703240,Spo-045125,Sports,Japan,Marketplace
16,230.35,2022-08-06,C-66447024,Foo-243395,Food,Germany,App
14,279.49,2025-04-09,C-65594419,Bea-564340,Beauty,Austria,Store
3,248.17,2023-02-20,C-44034970,Off-701515,Office,Spain,App
9,270.44,2023-07-05,C-30456182,Tra-666116,Travel,Portugal,Store
2,105.08,2022-06-26,C-95192926,Jew-887188,Jewelry,Canada,Store
11,205.93,2025-09-11,C-86898981,Tra-588279,Travel,Spain,Store
19,34.9,2024-11-21,C-58125275,Mus-278007,Music,Italy,Store
7,483.04,2022-03-08,C-12376621,Mus-966127,Music,United Kingdom,Social Media
18,173.86,2024-11-26,C-03016393,Mus-120388,Music,Germany,App
2,329.75,2025-06-05,C-24943709,Ele-927092,Electronics,Brazil,Web
2,490.51,2023-01-28,C-32487120,Ele-944447,Electronics,Mexico,App
5,191.78,2023-05-02,C-33414707,Bea-521378,Beauty,Sweden,Marketplace
13,499.82,2024-06-05,C-47607714,Boo-435085,Books,Denmark,Web
10,238.91,2024-12-15,C-03929539,Fur-396085,Furniture,Australia,Store
9,331.66,2022-01-12,C-68421440,Spo-703853,Sports,Austria,Phone
10,89.22,2023-07-02,C-56155330,Bea-111113,Beauty,Brazil,Marketplace
19,377.72,2023-02-23,C-45237494,Tra-754640,Travel,Italy,Social Media
2,15.21,2025-11-21,C-28663874,Aut-432834,Automotive,Japan,Social Media
15,153.73,2025-06-19,C-82162312,Foo-759976,Food,Sweden,Store
17,419.43,2025-06-09,C-64838435,Boo-638419,Books,Mexico,App
2,39.94,2024-09-15,C-21047218,Mus-944417,Music,Spain,Social Media
11,306.45,2024-09-02,C-53923828,Mus-650549,Music,Spain,Marketplace
15,355.13,2024-07-14,C-12025094,Aut-961459,Automotive,Australia,Social Media
5,97.15,2024-05-17,C-25388461,Toy-585590,Toys,Austria,Email
7,437.25,2022-10-10,C-66370870,Jew-170618,Jewelry,Poland,Phone
13,380.51,2023-05-02,C-14823370,Clo-497381,Clothing,Sweden,Store
8,95.03,2025-04-03,C-93712739,Hea-141323,Health,Italy,App
10,262.73,2023-04-18,C-58263729,Ele-007071,Electronics,Japan,Web
8,480.37,2025-04-06,C-04388288,Tra-060471,Travel,Mexico,Phone
13,282.5,2025-05-25,C-07706214,Spo-797532,Sports,Portugal,Store
16,372.06,2025-01-14,C-84984031,Hea-674484,Health,France,Phone
15,344.45,2023-02-26,C-35169198,Ele-257999,Electronics,United States,App
10,445.12,2023-10-08,C-27728798,Tra-499178,Travel,Brazil,Marketplace
16,398.78,2025-11-15,C-75310409,Jew-014174,Jewelry,Canada,Store
7,76.29,2025-08-14,C-76803278,Gar-033306,Garden,Belgium,Store
19,335.72,2022-07-31,C-27185779,Clo-377000,Clothing,Germany,App
1,207.56,2025-09-05,C-42531372,Hea-251245,Health,Norway,Store
5,246.56,2023-08-04,C-93819002,Jew-641799,Jewelry,Australia,Phone
10,483.71,2025-12-03,C-53082079,Toy-589359,Toys,Austria,Phone
12,110.77,2025-08-22,C-41080844,Hea-864536,Health,United States,Social Media
7,426.56,2023-01-14,C-89337463,Toy-852203,Toys,Mexico,Web
14,398.78,2024-06-17,C-99882419,Jew-345664,Jewelry,France,App
1,114.0,2023-06-16,C-28655580,Foo-298646,Food,Denmark,Marketplace
10,293.93,2025-09-05,C-18110411,Gar-277015,Garden,Australia,Email
15,296.17,2025-05-16,C-35169198,Spo-766682,Sports,United States,Store
12,465.39,2024-09-28,C-76319842,Off-071428,Office,Mexico,Email
9,474.04,2025-06-02,C-12198751,Ele-485405,Electronics,Brazil,Store
2,62.5,2023-11-16,C-33334129,Clo-775917,Clothing,United Kingdom,Social Media
1,7.36,2024-04-01,C-05163875,Gar-290488,Garden,Switzerland,Web
1,285.85,2022-08-03,C-38567964,Hea-873967,Health,Portugal,Social Media
14,130.82,2022-03-02,C-87914090,Toy-487149,Toys,Spain,Social Media
10,280.01,2024-01-08,C-97457004,Boo-601765,Books,Switzerland,Marketplace
5,127.85,2025-02-22,C-54512617,Jew-203034,Jewelry,Poland,Web
3,131.9,2022-03-19,C-58631788,Bea-196793,Beauty,United States,Web
9,112.99,2023-09-14,C-44394558,Bea-729329,Beauty,Spain,Email
7,462.82,2024-03-15,C-95950020,Fur-505255,Furniture,Brazil,Marketplace
8,308.17,2023-08-14,C-69752771,Tra-389988,Travel,Austria,App
18,38.17,2025-10-18,C-69358962,Tra-680184,Travel,Italy,Marketplace
17,489.64,2025-01-19,C-87547612,Aut-898132,Automotive,Denmark,Social Media
18,28.63,2022-05-30,C-57391425,Clo-471668,Clothing,United States,Marketplace
1,415.46,2023-02-03,C-44214705,Jew-668934,Jewelry,France,Marketplace
18,41.68,2025-06-25,C-58593771,Hea-284610,Health,France,Phone
12,163.22,2022-05-13,C-83525743,Boo-787610,Books,Switzerland,Social Media
10,170.94,2022-06-06,C-85460227,Off-894307,Office,Portugal,Social Media
9,180.9,2025-08-07,C-03929539,Toy-830733,Toys,Brazil,Social Media
6,357.19,2022-09-30,C-14009990,Mus-337849,Music,United Kingdom,Web
19,496.67,2023-12-30,C-14863834,Ele-428818,Electronics,Portugal,Phone
11,405.29,2022-06-16,C-58815004,Fur-791580,Furniture,Germany,Email
17,375.49,2025-10-26,C-44131482,Fur-956246,Furniture,Sweden,Web
7,147.68,2022-08-27,C-48888222,Boo-687386,Books,France,App
16,293.12,2023-03-02,C-47831844,Tra-848731,Travel,Spain,Store
4,347.94,2025-10-02,C-93179907,Clo-919576,Clothing,Switzerland,Store
11,259.74,2024-07-26,C-09537008,Fur-700670,Furniture,Denmark,Marketplace
3,412.36,2025-09-09,C-42531372,Hea-345248,Health,Sweden,Phone
10,346.02,2023-08-25,C-60708577,Mus-023556,Music,United States,Phone
19,475.22,2023-06-15,C-72966724,Mus-782123,Music,Netherlands,Social Media
19,247.75,2025-01-15,C-77990744,Mus-703113,Music,Germany,Marketplace
9,104.84,2023-11-09,C-30456182,Ele-017490,Electronics,Sweden,Email
19,482.5,2024-10-29,C-76803278,Hea-591508,Health,United States,Web
6,281.08,2025-02-21,C-58844515,Boo-463775,Books,Australia,Email
17,381.14,2025-09-21,C-47467171,Toy-722021,Toys,Italy,Social Media
5,76.16,2022-09-18,C-01425733,Ele-873321,Electronics,Belgium,App
15,13.11,2024-07-10,C-93594457,Boo-877724,Books,Australia,Web
17,72.91,2025-09-24,C-02638398,Ele-949550,Electronics,Canada,Marketplace
2,458.6,2022-01-08,C-86898981,Off-062773,Office,Italy,Store
3,24.79,2022-02-24,C-27206525,Ele-491940,Electronics,Spain,Phone
16,174.54,2025-05-12,C-80434627,Jew-424253,Jewelry,United Kingdom,Marketplace
19,126.09,2024-10-05,C-65793662,Boo-366067,Books,Brazil,Marketplace
9,54.89,2024-09-13,C-11172808,Clo-611195,Clothing,Germany,Social Media
13,473.07,2023-05-21,C-22579567,Clo-921468,Clothing,United Kingdom,Email
8,416.66,2023-02-21,C-76319842,Jew-889071,Jewelry,Netherlands,App
6,254.57,2023-04-14,C-93712739,Off-249828,Office,Austria,Phone
1,470.74,2022-02-22,C-27728798,Aut-333017,Automotive,Poland,Email
9,59.14,2023-06-17,C-21047218,Hea-369189,Health,Italy,App
18,69.19,2023-03-22,C-28558128,Spo-145309,Sports,Italy,Web
2,253.1,2024-05-15,C-36941673,Fur-769211,Furniture,Denmark,App
8,92.18,2025-02-18,C-03929539,Spo-932244,Sports,Austria,Phone
12,241.95,2024-05-02,C-27858217,Off-509199,Office,United States,Social Media
5,200.78,2024-02-17,C-83896442,Clo-288509,Clothing,Australia,Web
17,141.3,2025-01-09,C-25388461,Boo-870321,Books,Mexico,App
17,413.02,2023-06-06,C-30456182,Bea-339086,Beauty,Germany,Phone
4,495.47,2025-02-08,C-93572459,Spo-529852,Sports,Mexico,Web
2,137.56,2024-12-17,C-83940354,Ele-588980,Electronics,Switzerland,Social Media
3,328.89,2022-03-25,C-66592869,Bea-749504,Beauty,Brazil,Phone
6,149.01,2022-09-07,C-13192293,Off-250342,Office,France,Store
4,242.7,2022-04-07,C-12198751,Mus-544579,Music,Portugal,Email
5,148.24,2023-09-25,C-99336445,Ele-055828,Electronics,Mexico,App
6,260.13,2022-05-15,C-67404415,Gar-125899,Garden,Canada,Email
14,278.03,2025-09-04,C-43364015,Hea-739527,Health,Poland,Web
2,374.88,2024-08-21,C-72957339,Toy-993577,Toys,Australia,Web
1,437.82,2025-08-09,C-40816416,Gar-781164,Garden,Poland,Web
13,242.81,2024-04-16,C-16115109,Off-870513,Office,Portugal,Store
6,383.1,2025-01-31,C-82983097,Mus-594745,Music,Spain,Phone
16,306.06,2023-05-17,C-27728798,Bea-722903,Beauty,Poland,Store
7,240.79,2025-12-22,C-32024053,Bea-727828,Beauty,Spain,Social Media
8,178.74,2023-02-24,C-45237494,Boo-659566,Books,United States,Marketplace
11,37.5,2025-01-15,C-91611921,Tra-352763,Travel,Australia,Social Media
8,445.59,2024-06-10,C-76270600,Foo-202724,Food,United Kingdom,Email
8,86.41,2022-12-17,C-08085231,Clo-257463,Clothing,Mexico,Social Media
15,445.68,2023-02-12,C-51073307,Clo-901860,Clothing,Mexico,Marketplace
17,282.97,2024-09-28,C-32013927,Ele-149910,Electronics,France,Phone
11,368.35,2022-03-05,C-77391210,Off-733026,Office,Portugal,Phone
5,189.14,2024-01-07,C-44561552,Tra-665619,Travel,Denmark,Social Media
16,163.88,2022-07-26,C-32024053,Spo-562865,Sports,Brazil,Phone
17,439.83,2022-12-18,C-65594419,Aut-604798,Automotive,Japan,Phone
12,187.34,2024-11-01,C-21815651,Aut-381410,Automotive,Switzerland,Web
18,395.61,2024-04-30,C-33334129,Boo-523183,Books,Spain,Web
1,98.47,2024-09-18,C-41671136,Jew-561042,Jewelry,Brazil,Web
17,135.77,2024-01-11,C-67555445,Jew-353393,Jewelry,United Kingdom,Social Media
15,185.17,2023-01-02,C-28875386,Spo-552171,Sports,Austria,App
7,416.98,2024-08-09,C-11172597,Toy-165285,Toys,United Kingdom,Phone
5,416.01,2022-06-15,C-41080844,Ele-368070,Electronics,Mexico,App
6,329.4,2024-04-24,C-35605602,Fur-271213,Furniture,Sweden,Store
17,222.87,2023-01-02,C-28558128,Spo-380172,Sports,Austria,Web
11,215.46,2024-03-26,C-63062112,Fur-485107,Furniture,Austria,App
8,432.97,2022-05-06,C-13268463,Boo-622437,Books,Spain,Marketplace
16,321.82,2024-12-21,C-60259140,Mus-266649,Music,Spain,Marketplace
8,254.71,2023-04-03,C-69358962,Hea-846270,Health,France,Email
2,303.93,2025-04-05,C-26963375,Off-325385,Office,United Kingdom,App
10,305.84,2024-09-17,C-14009990,Toy-973699,Toys,Canada,Phone
5,106.71,2024-07-07,C-38567964,Fur-555881,Furniture,Austria,Web
4,321.16,2024-03-27,C-85555041,Aut-458792,Automotive,Spain,Social Media
16,417.05,2023-01-13,C-04388288,Toy-010508,Toys,United Kingdom,App
17,253.62,2023-04-28,C-16552411,Foo-185855,Food,Canada,Store
5,344.68,2024-10-31,C-43254822,Toy-176263,Toys,United Kingdom,Social Media
11,380.53,2023-01-06,C-33477060,Foo-902502,Food,Mexico,Email
8,90.46,2024-12-09,C-93594457,Hea-618646,Health,United States,Phone
1,170.03,2022-12-21,C-58844515,Spo-722516,Sports,Spain,Marketplace
13,224.97,2025-10-09,C-86898981,Fur-920201,Furniture,Poland,Store
1,261.99,2023-01-25,C-55290918,Bea-291413,Beauty,Canada,Social Media
8,210.36,2025-04-24,C-81261231,Hea-321865,Health,Denmark,Social Media
6,463.26,2024-08-05,C-71354562,Toy-005711,Toys,Germany,Email
19,347.68,2022-09-15,C-85780309,Foo-932221,Food,Brazil,Store
14,197.75,2024-03-02,C-36312598,Jew-325985,Jewelry,Japan,Marketplace
12,110.88,2023-11-06,C-00571789,Tra-965571,Travel,Belgium,Store
10,326.99,2024-12-05,C-69814469,Aut-236954,Automotive,Switzerland,Web
10,429.25,2023-11-01,C-24232452,Bea-940419,Beauty,Netherlands,Email
18,483.14,2022-03-18,C-28481406,Bea-353069,Beauty,Australia,Social Media
7,92.32,2022-11-26,C-07680834,Bea-275299,Beauty,Japan,Marketplace
11,260.56,2025-07-19,C-28442622,Mus-202185,Music,Belgium,Web
1,365.51,2023-10-02,C-33237296,Aut-556816,Automotive,France,Web
15,113.15,2022-03-29,C-35511467,Gar-621504,Garden,Italy,Web
15,413.94,2024-09-04,C-61635242,Boo-145171,Books,United Kingdom,Social Media
19,255.27,2024-07-27,C-58988585,Tra-205343,Travel,Italy,Phone
16,35.52,2023-10-28,C-46857022,Jew-780469,Jewelry,Switzerland,Phone
2,432.01,2025-04-28,C-00571789,Bea-974412,Beauty,Spain,Email
9,64.36,2024-09-19,C-88072442,Boo-691016,Books,France,Phone
14,81.38,2022-10-01,C-40712411,Mus-423778,Music,Switzerland,Social Media
9,355.69,2022-05-06,C-96319520,Off-991401,Office,Switzerland,Web
11,408.45,2022-06-22,C-31491448,Foo-185594,Food,Netherlands,Email
2,481.98,2023-08-23,C-03358637,Bea-722165,Beauty,Australia,Social Media
4,229.19,2023-05-24,C-82983097,Tra-469969,Travel,Italy,Web
9,368.82,2022-09-13,C-48732589,Aut-140860,Automotive,Norway,Phone
5,28.81,2024-12-01,C-43022236,Mus-822058,Music,Brazil,Social Media
7,13.23,2023-07-18,C-63062112,Tra-794109,Travel,Japan,App
12,212.32,2022-05-18,C-93819002,Jew-986550,Jewelry,Netherlands,Marketplace
3,269.6,2025-11-12,C-00257180,Ele-047424,Electronics,Canada,Store
18,435.11,2022-09-09,C-19495025,Toy-972925,Toys,Canada,Marketplace
7,38.78,2024-08-18,C-10353855,Tra-397487,Travel,Switzerland,Web
5,160.46,2023-07-14,C-52196791,Tra-052267,Travel,Australia,Phone
16,177.48,2025-10-11,C-25096724,Tra-683852,Travel,Spain,Social Media
19,331.11,2024-04-16,C-93712739,Toy-299465,Toys,Spain,Social Media
8,306.96,2024-06-26,C-76800708,Off-916475,Office,France,Marketplace
18,240.01,2023-10-03,C-73352991,Off-015144,Office,Netherlands,Email
10,52.66,2024-12-27,C-67555445,Gar-798652,Garden,Denmark,Store
7,371.83,2022-06-05,C-55264133,Off-024235,Office,Germany,Phone
11,181.9,2025-09-02,C-85645658,Fur-745210,Furniture,Mexico,Phone
2,472.06,2022-07-21,C-44561552,Mus-878367,Music,Netherlands,Social Media
8,262.49,2023-05-15,C-88904378,Toy-225020,Toys,Sweden,Phone
11,181.31,2022-01-27,C-86452949,Clo-561639,Clothing,Portugal,App
5,239.15,2023-11-20,C-89619648,Off-449711,Office,Canada,Email
6,189.4,2025-07-27,C-27185779,Spo-056538,Sports,France,Email
10,6.62,2022-07-26,C-84069645,Spo-841966,Sports,Germany,App
1,350.99,2022-08-31,C-61223304,Clo-495236,Clothing,Poland,Store
14,118.6,2025-02-24,C-33334129,Off-674291,Office,Belgium,Social Media
2,367.94,2025-03-15,C-17074239,Clo-722396,Clothing,Brazil,App
10,449.74,2022-07-15,C-85730245,Toy-185247,Toys,Italy,Web
1,454.07,2023-04-26,C-47831844,Off-416532,Office,Canada,Email
9,325.85,2025-10-18,C-76803278,Fur-081954,Furniture,United States,Email
1,100.04,2024-02-10,C-82924856,Toy-586843,Toys,Portugal,Social Media
1,128.81,2022-04-14,C-04082137,Tra-232844,Travel,Canada,Social Media
18,414.62,2025-11-20,C-47831844,Tra-405756,Travel,United States,Social Media
15,211.33,2025-09-13,C-19336679,Ele-582060,Electronics,France,App
11,192.16,2025-08-29,C-67404415,Mus-715103,Music,Spain,Phone
6,38.46,2025-08-23,C-36207775,Aut-444687,Automotive,Germany,Phone
1,98.73,2023-03-23,C-74514164,Bea-509391,Beauty,Belgium,App
13,267.49,2024-04-30,C-38044479,Bea-453671,Beauty,United States,Phone
8,122.52,2024-10-27,C-36596055,Gar-057471,Garden,Netherlands,Marketplace
9,171.72,2024-11-16,C-03298924,Aut-304734,Automotive,Sweden,Marketplace
10,381.61,2022-12-11,C-55290918,Off-387844,Office,Denmark,Store
15,27.83,2025-11-06,C-76764761,Hea-110836,Health,Brazil,Store
7,307.31,2024-03-26,C-61295722,Hea-985091,Health,Belgium,Marketplace
14,151.08,2022-12-24,C-13324549,Hea-371538,Health,Portugal,Marketplace
15,424.81,2022-05-20,C-44561552,Clo-372719,Clothing,Australia,Phone
5,171.31,2024-12-17,C-24696321,Tra-770298,Travel,Brazil,Store
17,453.69,2023-04-07,C-13192293,Clo-235427,Clothing,Australia,Store
2,488.11,2022-05-10,C-66447024,Jew-332309,Jewelry,Switzerland,App
14,65.38,2022-04-17,C-04655309,Ele-276987,Electronics,Australia,Marketplace
6,90.27,2022-10-13,C-03613300,Hea-135097,Health,United States,Marketplace
19,490.36,2022-07-08,C-55696698,Boo-813468,Books,Canada,Web
15,405.67,2025-03-25,C-73352991,Aut-876692,Automotive,Italy,Phone
2,43.78,2025-07-30,C-80410341,Jew-389270,Jewelry,Poland,Email
16,258.14,2024-08-16,C-72957339,Toy-194892,Toys,United States,Store
15,422.14,2022-11-13,C-10382808,Ele-291159,Electronics,Switzerland,Store
1,255.61,2024-01-23,C-65793662,Aut-559786,Automotive,United States,Phone
15,486.01,2025-06-14,C-43320541,Aut-090898,Automotive,United Kingdom,Social Media
9,356.04,2024-08-03,C-84984031,Ele-527565,Electronics,Spain,Social Media
17,404.71,2022-04-14,C-66447024,Ele-129341,Electronics,Japan,Web
3,479.56,2025-08-13,C-81261231,Aut-702328,Automotive,Netherlands,Marketplace
6,277.59,2024-08-09,C-57391425,Jew-014595,Jewelry,Canada,Email
3,269.31,2024-12-17,C-72341909,Aut-429285,Automotive,Switzerland,Store
6,31.4,2022-01-16,C-11985335,Clo-007409,Clothing,Poland,App
7,97.24,2023-02-16,C-77186257,Foo-333094,Food,Italy,Store
4,208.18,2022-07-26,C-05163875,Jew-153253,Jewelry,Australia,App
17,275.86,2023-02-04,C-34187596,Mus-365546,Music,Norway,Phone
5,489.76,2023-03-26,C-69425350,Tra-940565,Travel,Poland,Phone
9,409.59,2022-06-16,C-72893017,Hea-258749,Health,Sweden,App
9,282.0,2024-03-25,C-54087604,Jew-501645,Jewelry,Brazil,Web
9,223.75,2022-05-21,C-65347335,Jew-611137,Jewelry,Netherlands,Social Media
2,265.32,2025-04-10,C-33067849,Bea-318238,Beauty,Canada,Social Media
19,190.85,2023-01-13,C-93354569,Tra-305676,Travel,Denmark,Web
14,211.93,2025-06-04,C-24232452,Aut-338601,Automotive,France,Social Media
12,7.77,2022-07-23,C-89337463,Foo-321044,Food,Austria,Phone
15,252.82,2022-06-03,C-60590184,Boo-404879,Books,Australia,Marketplace
13,266.03,2022-07-19,C-28558128,Clo-443484,Clothing,United Kingdom,Web
4,415.19,2024-08-16,C-66540515,Aut-983092,Automotive,Brazil,Web
7,370.15,2025-03-21,C-43254822,Hea-322957,Health,United Kingdom,Email
19,238.02,2024-04-15,C-24874629,Fur-647837,Furniture,Spain,Marketplace
1,491.79,2023-11-25,C-59804289,Foo-118821,Food,Portugal,Email
13,250.2,2025-02-27,C-29227444,Clo-249194,Clothing,Japan,Phone
2,412.88,2025-05-25,C-65793662,Mus-753575,Music,Sweden,Email
7,56.5,2024-07-05,C-98325575,Hea-676398,Health,Sweden,App
16,32.03,2022-09-23,C-40066424,Aut-425729,Automotive,Switzerland,Marketplace
12,63.03,2022-07-13,C-12564518,Gar-379639,Garden,Denmark,Store
18,494.57,2023-03-31,C-58631788,Gar-260379,Garden,Netherlands,Web
2,217.85,2025-04-01,C-50169180,Gar-473800,Garden,France,Store
3,340.71,2023-02-05,C-84984031,Bea-245487,Beauty,Belgium,Phone
19,164.52,2024-04-05,C-61295722,Ele-086284,Electronics,Belgium,Store
14,375.34,2022-09-13,C-37792256,Toy-596739,Toys,Canada,Email
19,482.51,2024-05-16,C-24943709,Toy-782225,Toys,Belgium,Marketplace
19,495.16,2024-03-08,C-66918517,Foo-559070,Food,Austria,Marketplace
7,329.99,2024-01-12,C-94751185,Jew-221433,Jewelry,Japan,Email
11,297.69,2022-04-17,C-18732299,Mus-380879,Music,Germany,Social Media
2,310.49,2023-10-31,C-54087604,Boo-611791,Books,United States,Email
4,431.17,2025-07-30,C-75021103,Ele-630815,Electronics,United Kingdom,Web
18,477.77,2025-09-21,C-63062112,Boo-589010,Books,Norway,Phone
14,405.0,2023-04-25,C-99466366,Toy-601208,Toys,Sweden,Marketplace
10,327.87,2025-11-22,C-43254822,Foo-153285,Food,Switzerland,App
4,141.42,2022-06-19,C-02638398,Ele-734656,Electronics,Portugal,Store
3,170.78,2025-12-02,C-64801937,Fur-227942,Furniture,Mexico,App
5,336.62,2024-01-03,C-25868269,Aut-121389,Automotive,Japan,Email
19,440.12,2022-03-19,C-69814469,Foo-542169,Food,United States,Marketplace
16,116.74,2024-03-05,C-00716732,Off-769132,Office,Poland,App
1,47.97,2024-03-25,C-94752604,Fur-997833,Furniture,Netherlands,Phone
8,89.58,2024-01-22,C-28655580,Clo-335688,Clothing,Portugal,Phone
7,77.5,2023-04-27,C-27853549,Tra-662538,Travel,Mexico,Phone
19,242.18,2024-12-10,C-56155330,Fur-672218,Furniture,France,Social Media
2,380.97,2023-02-09,C-36973153,Ele-454825,Electronics,Germany,Phone
17,54.51,2023-08-14,C-33477060,Ele-430600,Electronics,Denmark,Email
10,270.34,2024-10-19,C-93594457,Clo-671171,Clothing,United Kingdom,Phone
1,375.0,2024-08-12,C-24825971,Hea-765722,Health,Mexico,Social Media
3,174.66,2022-09-07,C-40066424,Fur-597899,Furniture,United Kingdom,Phone
7,439.95,2023-05-05,C-78924248,Hea-480172,Health,Mexico,Store
12,284.34,2024-12-30,C-24874629,Jew-694443,Jewelry,United States,Marketplace
2,304.31,2024-12-17,C-00257180,Hea-559688,Health,Poland,Web
7,13.48,2025-04-30,C-24825971,Ele-803482,Electronics,Portugal,App
13,312.27,2023-11-20,C-35169198,Ele-928232,Electronics,Poland,Email
6,40.73,2023-08-16,C-86674277,Foo-616453,Food,Portugal,App
4,208.33,2024-02-24,C-29230901,Ele-733438,Electronics,Poland,Email
11,367.85,2025-06-03,C-07674407,Off-120636,Office,France,Phone
1,277.96,2022-10-05,C-80410341,Gar-653482,Garden,Belgium,Store
9,222.94,2024-11-13,C-93572459,Foo-144048,Food,Italy,Store
4,45.4,2023-01-05,C-23912425,Toy-525750,Toys,Denmark,Email
18,10.36,2022-08-20,C-55696698,Aut-347918,Automotive,Germany,Phone
3,477.4,2023-01-31,C-82162312,Mus-157698,Music,Spain,Phone
2,388.28,2023-05-30,C-28663874,Off-379134,Office,Germany,Marketplace
15,487.51,2022-10-15,C-33071308,Foo-866003,Food,Portugal,Marketplace
14,89.02,2022-12-22,C-73541394,Clo-242404,Clothing,Norway,Marketplace
19,364.77,2022-07-08,C-44489996,Clo-424081,Clothing,Germany,App
5,372.48,2024-08-12,C-23562036,Toy-554318,Toys,United States,Web
16,255.56,2024-01-03,C-37389171,Toy-033679,Toys,Spain,Store
9,88.19,2022-12-30,C-76932090,Hea-879625,Health,Brazil,App
10,271.92,2022-04-26,C-05085836,Bea-638602,Beauty,Sweden,Email
16,355.46,2025-06-13,C-03358637,Bea-514225,Beauty,Austria,Social Media
5,174.63,2022-10-03,C-20625702,Tra-255694,Travel,United Kingdom,Store
12,111.35,2022-10-23,C-89337463,Boo-030804,Books,Austria,App
12,348.64,2025-11-14,C-80434627,Mus-039995,Music,United States,Marketplace
8,286.47,2022-04-28,C-37619890,Bea-355145,Beauty,Poland,Web
4,225.03,2023-02-15,C-86793558,Gar-663274,Garden,Belgium,Web
4,166.91,2023-03-14,C-55264133,Fur-847681,Furniture,Poland,Email
9,14.91,2022-08-22,C-35991775,Hea-366832,Health,Italy,Store
2,56.2,2022-10-21,C-83525743,Mus-480313,Music,Canada,App
13,280.69,2025-11-29,C-59637217,Ele-232132,Electronics,Portugal,Web
8,422.61,2025-11-18,C-22258680,Tra-409783,Travel,Belgium,Phone
5,196.92,2024-03-16,C-42970743,Off-470818,Office,Sweden,Phone
13,351.24,2024-05-04,C-44259536,Hea-722061,Health,Portugal,Phone
6,138.66,2024-10-23,C-89572422,Spo-897201,Sports,Mexico,Marketplace
11,100.32,2025-09-14,C-66447024,Off-308003,Office,Germany,Social Media
18,405.0,2025-05-08,C-01495378,Off-945130,Office,Australia,Social Media
6,135.95,2023-09-25,C-44259536,Ele-623157,Electronics,United States,Email
8,244.0,2025-09-18,C-14009990,Hea-658543,Health,Denmark,Store
17,400.05,2022-03-16,C-30786627,Bea-013714,Beauty,Mexico,Phone
16,151.91,2024-01-22,C-42531372,Mus-367295,Music,United Kingdom,Marketplace
9,492.62,2024-06-27,C-11172597,Bea-210328,Beauty,Belgium,Store
14,47.96,2023-10-20,C-84069645,Fur-959785,Furniture,Spain,Phone
8,25.32,2024-09-07,C-75609212,Off-807438,Office,Austria,Social Media
19,218.12,2022-05-15,C-66005265,Gar-213405,Garden,Germany,Phone
13,327.92,2022-06-05,C-93354569,Ele-128228,Electronics,Austria,Phone
3,22.76,2024-05-04,C-43344687,Bea-138165,Beauty,Sweden,Email
13,400.47,2025-06-09,C-25479673,Jew-356431,Jewelry,United Kingdom,Email
13,142.97,2025-06-23,C-95575943,Foo-853879,Food,Australia,Web
6,268.72,2022-09-05,C-04675267,Gar-479869,Garden,Norway,Phone
12,65.09,2023-12-05,C-50560434,Hea-406984,Health,Poland,Web
12,481.57,2024-06-09,C-66005265,Clo-142527,Clothing,Netherlands,Email
14,100.32,2022-08-16,C-13324549,Jew-466279,Jewelry,Switzerland,Social Media
2,386.45,2023-04-15,C-50560434,Clo-661167,Clothing,Switzerland,Marketplace
7,390.48,2025-01-14,C-72966724,Toy-135775,Toys,Netherlands,Store
8,342.63,2023-04-14,C-86887776,Tra-120774,Travel,Japan,Web
5,420.41,2024-09-19,C-72966724,Mus-966546,Music,Germany,Social Media
16,424.31,2023-03-23,C-11133828,Tra-168810,Travel,Netherlands,Web
4,326.51,2024-02-07,C-53082079,Toy-915269,Toys,Austria,Phone
12,353.44,2022-07-06,C-93572459,Clo-051835,Clothing,Austria,Email
11,211.96,2024-03-01,C-32487120,Bea-768702,Beauty,Denmark,Social Media
11,244.71,2025-11-09,C-08084208,Hea-211423,Health,United States,App
1,447.45,2025-10-03,C-00257180,Foo-932741,Food,Portugal,App
5,289.16,2023-04-18,C-15627644,Hea-958065,Health,Denmark,Marketplace
5,299.81,2022-04-25,C-82799399,Mus-521322,Music,Austria,Social Media
2,323.2,2024-04-09,C-85947324,Toy-656773,Toys,Italy,Store
11,150.07,2025-12-07,C-59804289,Spo-526199,Sports,Norway,App
13,190.11,2023-04-25,C-47467171,Boo-241393,Books,Germany,Marketplace
10,201.83,2023-08-01,C-76764761,Gar-315397,Garden,Italy,Web
13,383.49,2022-04-01,C-28875386,Bea-023842,Beauty,Sweden,Email
5,44.2,2022-02-13,C-94752604,Off-976031,Office,Brazil,Store
14,437.19,2022-04-21,C-60323692,Boo-604475,Books,Brazil,Web
16,60.98,2024-05-29,C-47607714,Hea-881518,Health,Portugal,App
7,299.56,2025-03-08,C-68110109,Boo-588198,Books,Sweden,Phone
8,402.73,2024-08-25,C-17474126,Ele-619808,Electronics,Germany,Social Media
16,492.16,2022-04-28,C-04131834,Bea-992177,Beauty,Brazil,Phone
11,157.65,2022-05-21,C-49373053,Bea-655787,Beauty,Portugal,Web
11,108.5,2025-03-13,C-69654804,Boo-973698,Books,Italy,Social Media
2,467.51,2025-06-03,C-28655580,Fur-885664,Furniture,Austria,Store
15,474.74,2022-01-25,C-71679333,Aut-806654,Automotive,Brazil,Web
16,227.83,2024-12-08,C-99882419,Bea-522610,Beauty,Belgium,Marketplace
6,205.36,2024-07-31,C-51790735,Hea-138103,Health,Japan,Email
7,167.65,2025-06-02,C-25814587,Ele-184630,Electronics,Spain,Web
7,122.66,2024-08-23,C-58125275,Fur-182152,Furniture,Denmark,Web
9,252.8,2024-11-22,C-76764761,Clo-942850,Clothing,Canada,Email
6,189.02,2023-07-20,C-13192293,Ele-169629,Electronics,France,Store
19,445.08,2024-05-30,C-03797010,Tra-185495,Travel,Canada,Web
18,26.83,2024-03-03,C-35700115,Foo-178977,Food,Switzerland,Web
4,83.97,2022-04-10,C-31490891,Spo-136086,Sports,Brazil,Web
11,400.85,2025-03-05,C-84984031,Jew-354994,Jewelry,Switzerland,Email
7,397.97,2022-04-13,C-61295722,Aut-693636,Automotive,Norway,App
13,95.91,2022-04-20,C-76764761,Aut-009847,Automotive,Sweden,App
1,451.93,2022-07-11,C-76399890,Aut-968420,Automotive,Spain,Marketplace
1,34.86,2022-09-25,C-26931360,Ele-236722,Electronics,Australia,Marketplace
9,186.45,2025-11-04,C-72957339,Spo-249057,Sports,Australia,Phone
2,173.33,2024-09-26,C-94779946,Toy-382493,Toys,Switzerland,Marketplace
12,133.87,2022-08-14,C-27853549,Toy-870556,Toys,Switzerland,Store
3,332.92,2023-02-07,C-59357876,Bea-169748,Beauty,Japan,Email
4,228.49,2023-03-08,C-35700115,Aut-026590,Automotive,Austria,App
18,189.99,2025-08-13,C-17115537,Aut-474303,Automotive,Australia,Marketplace
5,169.42,2025-01-15,C-29004750,Tra-968266,Travel,Japan,Store
7,34.35,2025-02-24,C-22393430,Ele-880820,Electronics,Sweden,Marketplace
16,465.54,2024-08-13,C-37389171,Clo-964344,Clothing,Portugal,Phone
12,23.17,2025-02-01,C-80272452,Mus-868606,Music,Denmark,Store
17,376.19,2022-01-19,C-52196791,Ele-683040,Electronics,Sweden,Marketplace
8,314.92,2025-03-02,C-75232822,Fur-225884,Furniture,Netherlands,Store
16,156.32,2025-04-24,C-11593189,Off-811794,Office,Norway,Phone
16,385.5,2025-05-26,C-76932090,Clo-300024,Clothing,Spain,Store
6,23.39,2024-05-07,C-85002220,Off-687887,Office,Norway,Social Media
1,293.32,2022-10-21,C-21013148,Spo-631041,Sports,Brazil,Web
3,42.4,2023-12-25,C-26931360,Foo-063022,Food,Brazil,Social Media
12,240.54,2025-10-13,C-69723028,Clo-336195,Clothing,Netherlands,Marketplace
6,191.7,2025-07-19,C-82924856,Toy-444514,Toys,Germany,Email
9,48.23,2025-08-18,C-10353855,Aut-128771,Automotive,Norway,Social Media
17,253.31,2024-09-26,C-48219660,Jew-107794,Jewelry,Poland,Web
14,262.04,2024-05-26,C-73541394,Foo-813787,Food,Spain,Store
3,203.47,2023-01-11,C-64967803,Mus-009020,Music,France,Marketplace
9,113.22,2023-07-30,C-92295932,Aut-709955,Automotive,Austria,Web
15,170.78,2025-09-22,C-43364015,Clo-706993,Clothing,United States,Social Media
4,52.99,2023-08-31,C-58593771,Clo-569752,Clothing,Belgium,Email
8,404.01,2024-12-28,C-58263729,Jew-519585,Jewelry,Sweden,Store
2,156.73,2025-11-09,C-79340041,Ele-336524,Electronics,Sweden,Phone
15,472.09,2023-02-15,C-48888222,Bea-219968,Beauty,Austria,Email
10,348.66,2025-07-24,C-72893017,Clo-954879,Clothing,Canada,App
1,306.45,2022-09-17,C-72957339,Toy-853500,Toys,France,Store
15,209.54,2022-10-15,C-37389171,Ele-944667,Electronics,Norway,Email
3,181.06,2023-03-03,C-28481406,Boo-606687,Books,Switzerland,Web
17,178.24,2022-06-09,C-55631850,Aut-202737,Automotive,Denmark,Web
15,490.13,2025-09-04,C-29680788,Off-743966,Office,Netherlands,Web
3,140.96,2023-10-09,C-00257180,Off-294928,Office,Portugal,Email
15,487.95,2024-05-26,C-59473796,Clo-251217,Clothing,France,Web
6,229.51,2023-04-19,C-85460227,Mus-611663,Music,Brazil,Phone
17,128.53,2022-02-04,C-85460227,Bea-715362,Beauty,United Kingdom,Marketplace
17,276.04,2024-06-26,C-36941673,Boo-974935,Books,United Kingdom,Marketplace
12,231.21,2023-09-25,C-93354569,Gar-895189,Garden,Canada,Web
11,16.92,2023-10-08,C-44131482,Bea-891867,Beauty,Mexico,Marketplace
4,298.71,2024-05-27,C-43258668,Foo-500509,Food,Japan,Marketplace
7,476.76,2022-08-03,C-95364434,Mus-005915,Music,Brazil,Social Media
7,298.08,2025-09-04,C-09095261,Aut-106587,Automotive,Sweden,Email
19,464.3,2022-03-23,C-04388288,Hea-884881,Health,Netherlands,Social Media
9,360.11,2023-05-05,C-34756280,Fur-504537,Furniture,Japan,Social Media
6,348.43,2025-10-25,C-23489168,Fur-312800,Furniture,Canada,Marketplace
7,486.06,2024-09-15,C-65347335,Foo-565050,Food,Switzerland,Store
9,366.86,2025-02-03,C-15627644,Foo-242718,Food,Spain,Store
12,353.77,2023-07-11,C-80272452,Bea-270209,Beauty,Japan,App
10,130.42,2023-01-15,C-40759502,Jew-367991,Jewelry,Poland,Phone
4,82.29,2024-07-12,C-33648030,Fur-319132,Furniture,Australia,Web
19,343.13,2025-04-04,C-69850346,Foo-918145,Food,Switzerland,Web
19,53.33,2024-05-14,C-54527481,Ele-434651,Electronics,Poland,Social Media
18,186.08,2025-06-18,C-09537008,Fur-418308,Furniture,Brazil,Email
1,26.9,2025-07-31,C-56155330,Fur-301509,Furniture,Germany,Phone
13,254.25,2022-03-07,C-76270600,Boo-463995,Books,Mexico,Phone
11,153.7,2024-09-02,C-80730111,Foo-650853,Food,Norway,Store
16,174.91,2025-02-04,C-97457004,Boo-491899,Books,Switzerland,Social Media
17,386.52,2022-04-06,C-93819002,Spo-370903,Sports,Australia,Web
14,156.18,2023-08-09,C-55290918,Gar-148937,Garden,Poland,App
9,373.47,2024-04-16,C-48042983,Aut-591371,Automotive,Italy,Store
13,312.52,2023-09-26,C-89337463,Ele-908202,Electronics,Sweden,Phone
18,131.41,2023-11-23,C-03298924,Boo-639017,Books,Poland,Social Media
18,118.49,2022-09-22,C-43258668,Clo-608468,Clothing,Belgium,Marketplace
12,328.33,2025-10-30,C-82924856,Toy-149724,Toys,Germany,Marketplace
14,430.35,2022-04-13,C-67734713,Toy-541668,Toys,France,Web
5,401.0,2024-03-28,C-19818284,Jew-418716,Jewelry,United Kingdom,Web
19,373.05,2023-04-09,C-52165873,Bea-835637,Beauty,Austria,App
3,178.38,2025-03-02,C-87531984,Off-463764,Office,United States,Email
3,204.83,2023-02-07,C-29680788,Boo-914370,Books,United Kingdom,Email
13,123.1,2025-12-12,C-28655580,Aut-814201,Automotive,Italy,Store
19,486.63,2025-04-07,C-50560434,Bea-394748,Beauty,Brazil,Store
13,465.55,2024-02-22,C-25388461,Spo-151139,Sports,Spain,Web
17,142.79,2023-05-30,C-24232452,Off-946618,Office,Australia,Store
7,26.94,2024-09-28,C-52196791,Boo-637886,Books,Japan,Web
15,361.88,2025-06-04,C-59473796,Gar-817050,Garden,Mexico,App
12,270.53,2024-11-29,C-10382808,Aut-561435,Automotive,Japan,Marketplace
15,179.75,2024-07-22,C-89667087,Tra-667655,Travel,Poland,Marketplace
19,432.41,2025-10-11,C-30456182,Boo-014657,Books,Sweden,Web
13,96.57,2024-10-15,C-25569498,Fur-129696,Furniture,Brazil,Marketplace
8,85.21,2025-03-14,C-69425350,Foo-051584,Food,Belgium,App
19,36.13,2023-06-13,C-65235738,Foo-923148,Food,United Kingdom,Store
16,76.22,2024-09-22,C-08303045,Fur-565571,Furniture,Poland,Web
15,470.79,2022-01-25,C-82193345,Ele-426695,Electronics,Germany,Email
10,312.63,2024-11-08,C-82799399,Jew-074987,Jewelry,Sweden,Web
13,250.36,2025-11-18,C-02890690,Boo-706372,Books,Sweden,Email
15,245.84,2024-11-16,C-60259140,Mus-358025,Music,Netherlands,Store
8,356.84,2025-06-01,C-05163875,Jew-943267,Jewelry,Mexico,Store
19,326.04,2022-02-03,C-27407092,Mus-642028,Music,Sweden,Web
3,304.45,2024-11-01,C-44131482,Aut-331065,Automotive,Sweden,Marketplace
6,126.11,2024-12-20,C-03077799,Foo-377579,Food,Netherlands,Store
7,33.11,2022-07-02,C-36312598,Spo-277649,Sports,Australia,Social Media
4,256.32,2025-06-06,C-69425350,Off-594664,Office,Poland,Web
18,394.97,2022-07-08,C-86898981,Mus-043722,Music,Spain,Store
11,415.55,2022-05-26,C-59473796,Fur-809036,Furniture,Canada,Phone
7,446.45,2024-11-15,C-94752604,Foo-583215,Food,Netherlands,Email
3,76.48,2025-06-21,C-83984056,Foo-353779,Food,United States,App
9,331.44,2024-07-12,C-12564518,Mus-331681,Music,Mexico,Social Media
7,221.25,2023-07-14,C-73478428,Boo-526796,Books,Brazil,Marketplace
7,142.28,2024-07-04,C-43344687,Fur-309676,Furniture,Portugal,Store
10,126.78,2023-12-05,C-10353855,Boo-663576,Books,United Kingdom,App
16,94.64,2022-03-26,C-13247287,Toy-455935,Toys,United States,Phone
3,157.38,2024-03-14,C-66540515,Mus-471037,Music,Belgium,App
13,258.39,2024-06-08,C-44131482,Hea-485143,Health,Australia,App
2,72.44,2023-10-19,C-33414707,Foo-118612,Food,Australia,Phone
17,420.59,2025-10-05,C-73541394,Fur-052927,Furniture,Canada,Phone
1,398.44,2025-08-22,C-24254708,Mus-646656,Music,Netherlands,App
10,338.09,2024-12-09,C-14009990,Gar-135155,Garden,Japan,Social Media
11,401.92,2022-11-17,C-35862539,Clo-000772,Clothing,Netherlands,Social Media
17,371.46,2024-07-18,C-25388461,Toy-587581,Toys,Germany,Social Media
6,394.56,2024-01-25,C-66540515,Foo-885295,Food,Switzerland,Phone
17,426.06,2022-01-08,C-47607714,Foo-185744,Food,United Kingdom,Social Media
3,325.68,2022-01-27,C-23912425,Off-390414,Office,United States,Email
9,98.49,2023-09-16,C-28442622,Ele-559579,Electronics,Norway,Phone
11,277.91,2024-11-22,C-67404415,Clo-623894,Clothing,Japan,App
14,411.86,2022-05-17,C-59637217,Tra-569742,Travel,Belgium,Phone
18,373.57,2023-03-07,C-46590586,Hea-356727,Health,France,Web
17,186.8,2023-11-27,C-54087604,Off-666497,Office,Norway,Marketplace
3,65.18,2025-09-28,C-85270860,Clo-066228,Clothing,Austria,Marketplace
7,388.94,2022-02-10,C-68849874,Toy-895720,Toys,Denmark,App
18,434.31,2022-10-31,C-47831975,Toy-829361,Toys,Denmark,Phone
11,251.93,2024-08-04,C-64838435,Spo-225978,Sports,Poland,Store
14,336.04,2023-01-26,C-66370870,Fur-187028,Furniture,Mexico,Social Media
14,281.71,2025-01-30,C-85730245,Ele-117020,Electronics,Germany,Store
13,324.85,2025-05-26,C-56155330,Ele-049617,Electronics,Mexico,App
19,213.3,2023-08-23,C-03016393,Toy-296650,Toys,Portugal,Web
14,247.06,2024-02-23,C-21047218,Gar-326454,Garden,Sweden,Phone
18,308.77,2022-12-30,C-44259536,Foo-348632,Food,Netherlands,App
1,276.31,2025-04-15,C-08084208,Mus-284597,Music,Brazil,Web
13,273.13,2022-10-21,C-47831975,Fur-317964,Furniture,Italy,Web
6,250.24,2023-02-17,C-44777025,Aut-297938,Automotive,Germany,Web
5,339.79,2022-07-01,C-28523979,Ele-799163,Electronics,Poland,App
1,57.89,2024-07-05,C-81260270,Clo-320045,Clothing,Canada,Web
10,290.93,2025-08-16,C-75123250,Mus-470779,Music,Belgium,Phone
10,170.21,2024-01-14,C-84592199,Hea-170054,Health,Japan,Web
13,225.43,2024-10-03,C-12247689,Mus-843019,Music,Netherlands,Marketplace
8,204.23,2025-01-20,C-24254708,Tra-923703,Travel,United Kingdom,App
7,182.61,2023-02-14,C-82983097,Aut-992648,Automotive,France,Web
15,12.77,2023-05-06,C-93179907,Ele-412216,Electronics,Spain,Email
2,246.72,2025-10-16,C-66447024,Clo-146289,Clothing,Canada,App
3,344.76,2022-11-26,C-08845506,Boo-251535,Books,Portugal,Store
16,498.17,2022-12-16,C-43022236,Hea-148066,Health,Austria,Web
17,171.24,2025-12-21,C-30456182,Clo-762180,Clothing,Portugal,Marketplace
12,413.35,2023-10-29,C-76270600,Hea-478690,Health,United States,Store
17,27.18,2023-04-15,C-66447024,Boo-089589,Books,Canada,Social Media
7,260.42,2023-10-29,C-64105322,Foo-594641,Food,Austria,App
2,188.65,2025-05-02,C-24193676,Bea-648126,Beauty,Sweden,Marketplace
6,359.85,2023-06-05,C-14362275,Hea-625793,Health,Austria,Store
9,6.95,2023-04-06,C-44394558,Spo-575017,Sports,Canada,Marketplace
15,290.63,2022-01-14,C-31776064,Bea-529745,Beauty,Italy,Email
11,314.68,2023-06-20,C-87531984,Aut-414895,Automotive,Canada,Marketplace
18,202.99,2023-10-07,C-78669599,Ele-806135,Electronics,Sweden,Email
18,230.4,2022-05-13,C-21047218,Mus-525994,Music,Brazil,Phone
16,431.72,2024-06-28,C-40816416,Spo-755557,Sports,Poland,Phone
4,300.72,2025-06-07,C-58125275,Bea-973183,Beauty,France,Phone
7,455.76,2023-08-26,C-89667087,Bea-374745,Beauty,Norway,Email
4,66.96,2025-02-14,C-36973153,Clo-347841,Clothing,Denmark,Social Media
19,202.98,2024-05-05,C-79340041,Gar-139970,Garden,Brazil,Email
12,356.68,2025-04-12,C-52729045,Ele-600860,Electronics,Italy,Store
6,472.97,2024-06-18,C-07706214,Tra-329396,Travel,Netherlands,Store
18,480.25,2025-06-12,C-21815651,Mus-010968,Music,Germany,Web
19,298.63,2024-01-31,C-07706214,Ele-426447,Electronics,Netherlands,Email
18,332.82,2022-10-10,C-65189987,Mus-395173,Music,Italy,Social Media
13,435.66,2024-07-09,C-79851234,Bea-800273,Beauty,Italy,Store
7,179.47,2023-10-29,C-79851234,Aut-268855,Automotive,Germany,Social Media
8,302.54,2024-02-16,C-12780542,Toy-829488,Toys,Portugal,Web
4,19.84,2023-06-08,C-33237296,Spo-129792,Sports,Portugal,Marketplace
18,100.61,2023-03-09,C-11985335,Fur-016543,Furniture,Germany,App
13,184.2,2023-06-19,C-91258005,Mus-334373,Music,Netherlands,Store
9,331.15,2023-06-17,C-33477060,Clo-379562,Clothing,Brazil,Email
12,56.78,2025-03-14,C-43344687,Aut-106420,Automotive,Canada,App
4,93.63,2022-10-15,C-99178431,Fur-675350,Furniture,Brazil,Email
15,431.42,2023-04-24,C-33334129,Ele-582064,Electronics,Australia,Social Media
4,67.16,2025-02-04,C-09537008,Bea-450820,Beauty,Netherlands,Marketplace
15,85.34,2022-10-26,C-55521351,Hea-448189,Health,Italy,Social Media
18,165.84,2022-11-15,C-37389171,Aut-742447,Automotive,Austria,Web
7,97.26,2024-05-23,C-28442622,Jew-633405,Jewelry,Netherlands,Store
15,427.71,2023-01-18,C-99336445,Hea-669236,Health,Austria,Marketplace
5,259.51,2024-01-19,C-33389851,Hea-949003,Health,Mexico,Phone
7,202.53,2023-04-05,C-71703240,Boo-878581,Books,Italy,Phone
16,203.01,2024-10-02,C-28506804,Spo-126846,Sports,Germany,Social Media
14,209.58,2022-05-12,C-13192293,Tra-484924,Travel,United States,Phone
1,100.6,2022-08-04,C-75123250,Gar-571768,Garden,Brazil,Web
16,370.19,2025-03-27,C-21013148,Bea-398853,Beauty,Austria,App
1,293.1,2025-09-14,C-01878061,Boo-824173,Books,Italy,App
16,144.58,2024-10-03,C-58858217,Fur-859093,Furniture,Mexico,Web
3,122.22,2025-11-20,C-56445786,Clo-626290,Clothing,Spain,Marketplace
19,372.12,2025-07-29,C-99951237,Aut-947284,Automotive,Portugal,Store
11,217.22,2023-07-27,C-78669599,Foo-435268,Food,Denmark,Store
11,238.39,2024-02-21,C-43310463,Gar-871706,Garden,Australia,Marketplace
14,320.91,2025-05-14,C-39312362,Clo-154684,Clothing,Portugal,Email
1,32.49,2023-06-04,C-61223304,Aut-062414,Automotive,Denmark,Phone
18,100.91,2023-01-30,C-17115537,Gar-056689,Garden,United States,Store
16,135.89,2022-11-24,C-71354562,Clo-392681,Clothing,Belgium,Phone
13,217.27,2024-09-23,C-85645658,Toy-805641,Toys,Australia,App
19,444.74,2024-04-02,C-48248138,Mus-580248,Music,Portugal,Email
2,230.59,2023-06-16,C-76270600,Foo-536099,Food,Italy,Store
17,33.43,2024-08-03,C-30786627,Foo-857475,Food,Switzerland,Social Media
16,183.69,2025-01-07,C-29680788,Jew-156902,Jewelry,Italy,Email
16,189.01,2023-06-05,C-95538520,Off-437503,Office,Netherlands,Phone
7,126.95,2022-10-27,C-58815004,Ele-287581,Electronics,Sweden,Social Media
3,410.76,2023-04-16,C-65235738,Gar-460423,Garden,Netherlands,Web
10,224.09,2025-08-21,C-91611921,Hea-089234,Health,Poland,App
19,457.0,2024-12-05,C-35862539,Boo-881496,Books,Germany,Web
19,315.23,2022-11-30,C-18732299,Foo-340430,Food,Portugal,Email
6,414.75,2023-01-05,C-25764795,Spo-028097,Sports,Poland,Email
9,15.88,2022-03-17,C-73541394,Jew-316104,Jewelry,United Kingdom,Social Media
3,111.06,2024-02-02,C-24232452,Jew-781845,Jewelry,Japan,App
16,410.83,2025-11-08,C-13268463,Tra-779753,Travel,Italy,Marketplace
17,233.6,2024-12-07,C-76932090,Spo-101110,Sports,Austria,Social Media
8,386.97,2023-06-02,C-11133828,Ele-285958,Electronics,Japan,Email
1,112.4,2024-01-27,C-37389171,Foo-095495,Food,Canada,Social Media
19,255.48,2023-12-11,C-12025094,Boo-341347,Books,Italy,Web
12,321.97,2025-12-20,C-66370870,Aut-168956,Automotive,Italy,Marketplace
14,364.34,2022-12-28,C-19818284,Spo-668842,Sports,Australia,App
11,259.11,2025-06-27,C-45499076,Fur-925815,Furniture,Denmark,Marketplace
7,435.62,2025-08-28,C-18244574,Gar-180702,Garden,France,App
18,403.28,2023-09-08,C-48888222,Clo-894309,Clothing,Italy,Marketplace
10,388.35,2024-02-20,C-33971496,Foo-996670,Food,Mexico,App
6,329.36,2025-03-10,C-51073307,Gar-396919,Garden,Mexico,Social Media
10,14.61,2025-08-16,C-29004750,Off-887035,Office,Australia,Email
5,403.43,2023-11-26,C-19336679,Spo-676865,Sports,Spain,Email
14,367.01,2022-07-11,C-72341909,Tra-999909,Travel,France,Social Media
2,34.22,2024-02-14,C-14863834,Tra-101179,Travel,Japan,Phone
5,76.21,2023-03-09,C-64967803,Spo-710237,Sports,Belgium,Social Media
16,11.89,2022-11-04,C-40066424,Gar-543967,Garden,Belgium,Phone
19,59.06,2022-09-24,C-00341776,Ele-991961,Electronics,Mexico,Email
18,6.98,2025-08-11,C-00716732,Jew-279060,Jewelry,Poland,Store
7,331.67,2024-08-31,C-14863834,Hea-930036,Health,Mexico,Store
5,246.11,2023-05-10,C-36596055,Off-171909,Office,Mexico,Web
6,317.31,2024-06-08,C-08085231,Fur-169408,Furniture,Australia,Marketplace
12,64.97,2024-05-08,C-09075991,Toy-466869,Toys,Austria,Marketplace
9,372.83,2024-09-25,C-12025094,Clo-329604,Clothing,Denmark,Social Media
13,111.28,2022-09-05,C-50169180,Clo-218891,Clothing,Poland,App
11,133.26,2022-02-18,C-88904378,Spo-886957,Sports,Germany,Web
3,306.44,2025-06-18,C-61223304,Boo-138247,Books,Australia,Store
11,35.64,2024-10-10,C-09095261,Aut-785747,Automotive,Norway,Email
19,130.04,2022-04-10,C-14989806,Tra-639814,Travel,Germany,App
1,213.28,2022-03-20,C-14009990,Fur-163639,Furniture,Spain,Social Media
14,414.22,2023-12-04,C-61850780,Clo-707258,Clothing,France,Store
3,342.81,2023-03-21,C-31733702,Aut-979208,Automotive,Japan,Email
14,54.28,2023-07-25,C-93712739,Boo-427626,Books,Brazil,Phone
15,29.85,2022-07-27,C-40066424,Aut-927224,Automotive,Spain,Phone
3,145.83,2022-04-14,C-28506804,Foo-487915,Food,Poland,Social Media
15,102.88,2022-02-04,C-28663874,Boo-009625,Books,Austria,Phone
9,420.15,2025-05-11,C-54512617,Aut-173001,Automotive,Portugal,App
14,21.85,2024-01-18,C-07375902,Tra-226078,Travel,Italy,Marketplace
12,456.27,2025-05-07,C-92601313,Tra-036993,Travel,Brazil,Phone
4,459.26,2025-08-01,C-12025094,Off-966518,Office,Poland,Email
6,435.44,2025-04-13,C-83984056,Tra-633774,Travel,Japan,Store
18,470.41,2025-09-21,C-86752706,Off-491477,Office,United States,Store
12,342.84,2025-10-07,C-61648314,Aut-337151,Automotive,Austria,Social Media
13,97.64,2025-12-14,C-28481406,Off-205960,Office,Italy,Store
5,311.31,2024-02-17,C-95192926,Off-123505,Office,Sweden,Store
17,133.84,2024-11-12,C-83990482,Clo-536692,Clothing,Brazil,Email
17,453.77,2024-01-03,C-08397369,Bea-030954,Beauty,Germany,Email
9,50.25,2025-07-26,C-12247689,Bea-233013,Beauty,France,Marketplace
14,37.72,2025-04-09,C-76932090,Foo-463781,Food,Poland,Web
1,477.93,2024-05-24,C-92010806,Mus-354771,Music,Portugal,Social Media
15,196.05,2023-08-29,C-52729045,Tra-052878,Travel,Mexico,Email
6,289.5,2024-12-13,C-82924856,Clo-232447,Clothing,Australia,Marketplace
7,166.44,2025-04-19,C-86898981,Off-211025,Office,Portugal,Marketplace
7,357.09,2024-07-08,C-87531984,Off-661330,Office,Italy,Phone
11,362.32,2024-01-18,C-33071308,Ele-881157,Electronics,Australia,App
6,320.42,2023-02-08,C-83940354,Foo-071117,Food,Denmark,Social Media
3,160.34,2023-12-24,C-18732299,Bea-747176,Beauty,Portugal,Web
3,333.84,2022-06-24,C-79340041,Ele-748005,Electronics,Canada,Phone
7,132.75,2025-05-20,C-47467171,Fur-632191,Furniture,France,Phone
3,152.13,2025-03-01,C-61295722,Foo-811076,Food,Japan,Email
14,258.69,2024-06-08,C-60590184,Toy-241425,Toys,United States,Phone
12,233.05,2024-09-02,C-28252670,Hea-582716,Health,Italy,App
8,302.84,2023-12-24,C-79632009,Gar-478227,Garden,Belgium,Web
14,368.79,2024-11-13,C-56445786,Bea-184386,Beauty,Canada,Web
18,342.55,2024-02-22,C-15619280,Ele-050007,Electronics,United Kingdom,Marketplace
18,225.67,2025-03-07,C-82924856,Toy-124822,Toys,Italy,App
12,103.49,2024-09-06,C-81261231,Spo-015530,Sports,Netherlands,Marketplace
13,405.87,2022-12-10,C-89101666,Aut-930104,Automotive,United Kingdom,Phone
14,27.95,2022-12-28,C-46857022,Ele-873361,Electronics,Poland,App
17,214.99,2022-08-08,C-02885459,Gar-400330,Garden,Italy,Web
9,87.72,2024-08-08,C-35169198,Bea-745655,Beauty,Norway,Social Media
14,442.73,2022-08-18,C-47607714,Spo-668712,Sports,Spain,Store
15,210.05,2025-08-03,C-19336679,Fur-618348,Furniture,Australia,Marketplace
14,150.14,2023-09-21,C-14863834,Off-367961,Office,Portugal,Email
9,238.45,2022-02-06,C-83525743,Gar-796927,Garden,Mexico,Social Media
6,246.6,2025-06-27,C-61648314,Boo-617239,Books,Belgium,Social Media
11,261.99,2025-07-18,C-74975237,Bea-426657,Beauty,Poland,Marketplace
14,291.87,2022-05-09,C-85002220,Toy-265359,Toys,Sweden,Social Media
10,92.72,2024-01-29,C-63062112,Jew-999562,Jewelry,Brazil,Web
16,470.89,2025-02-12,C-27458375,Jew-000998,Jewelry,Canada,Phone
10,58.48,2025-01-25,C-21047218,Boo-419583,Books,Norway,Email
13,261.68,2025-02-05,C-67404415,Fur-098104,Furniture,Australia,App
15,239.17,2024-02-19,C-84984031,Foo-188895,Food,Portugal,Email
7,385.06,2022-01-19,C-94751185,Tra-181140,Travel,Australia,Phone
11,220.62,2023-03-02,C-68110109,Gar-245714,Garden,Belgium,Email
19,28.14,2024-11-03,C-73352991,Mus-870054,Music,Portugal,Web
6,7.66,2023-09-07,C-49373053,Gar-279469,Garden,Poland,App
15,186.83,2022-05-06,C-01425733,Boo-469144,Books,France,Store
10,96.64,2023-04-25,C-57391425,Ele-630192,Electronics,Switzerland,Marketplace
7,204.7,2022-02-08,C-76264318,Tra-196502,Travel,Switzerland,Web
19,151.42,2025-01-09,C-83896442,Off-116411,Office,Norway,App
15,54.88,2022-01-05,C-32681044,Clo-795330,Clothing,Germany,Store
10,374.0,2025-08-03,C-76605428,Tra-469414,Travel,Austria,Email
18,134.56,2025-05-29,C-78669599,Gar-912226,Garden,Portugal,Store
1,241.39,2023-02-09,C-94752604,Ele-504099,Electronics,United States,Social Media
17,248.17,2022-11-03,C-10975431,Hea-723737,Health,Mexico,Store
6,147.19,2024-03-25,C-08084208,Boo-490789,Books,France,Marketplace
19,148.98,2025-09-04,C-55631850,Tra-565333,Travel,Japan,Email
6,277.38,2025-09-01,C-40066424,Clo-727400,Clothing,Norway,Social Media
11,401.96,2022-08-24,C-69025898,Tra-094627,Travel,Canada,App
19,320.41,2023-07-01,C-75310409,Clo-114416,Clothing,Canada,Web
6,460.15,2025-09-02,C-65594419,Jew-653269,Jewelry,Brazil,Email
12,32.88,2022-06-15,C-28442622,Gar-070242,Garden,Australia,Store
3,10.79,2024-08-29,C-72341909,Mus-752616,Music,Australia,Phone
12,438.13,2025-09-10,C-07375902,Fur-152028,Furniture,Norway,Phone
19,342.67,2023-05-27,C-99466366,Clo-918200,Clothing,Switzerland,App
1,95.82,2022-01-29,C-49819326,Hea-920943,Health,Japan,Store
13,86.49,2024-08-27,C-55521351,Mus-928090,Music,Mexico,Email
7,419.9,2025-02-10,C-52687437,Tra-523484,Travel,United Kingdom,Social Media
1,185.11,2023-03-24,C-43258668,Off-410090,Office,Spain,Store
16,213.32,2024-04-18,C-71679333,Mus-450319,Music,Austria,Social Media
5,22.78,2025-02-23,C-36941673,Aut-954501,Automotive,Japan,Marketplace
11,35.19,2023-07-02,C-42435059,Foo-560825,Food,Brazil,Web
8,51.76,2024-11-06,C-25096724,Gar-562564,Garden,Canada,Phone
7,90.77,2024-07-30,C-09095261,Foo-452511,Food,Mexico,Email
10,350.23,2024-07-20,C-64933370,Fur-958180,Furniture,Germany,Email
18,204.89,2023-07-29,C-52196791,Boo-605972,Books,Australia,Social Media
1,154.1,2024-06-06,C-44394558,Aut-756365,Automotive,Sweden,Social Media
10,197.93,2022-10-16,C-14989806,Hea-904897,Health,Sweden,App
17,364.66,2024-03-15,C-88764007,Fur-026725,Furniture,Denmark,App
16,221.9,2022-08-22,C-84862724,Spo-886951,Sports,Belgium,Store
9,493.2,2023-08-18,C-69850346,Off-781728,Office,Norway,Social Media
16,479.26,2025-08-29,C-69654804,Mus-307329,Music,Belgium,App
17,456.82,2025-03-07,C-31776064,Bea-756074,Beauty,Austria,Email
12,450.3,2023-03-26,C-42435059,Mus-361643,Music,Canada,Marketplace
14,42.27,2025-12-04,C-99951237,Ele-031648,Electronics,United States,Marketplace
1,129.66,2022-03-16,C-85555041,Toy-688379,Toys,Switzerland,Web
9,331.4,2025-01-28,C-75310409,Aut-579411,Automotive,Germany,Web
8,375.59,2025-08-21,C-33477060,Off-967874,Office,Spain,Social Media
15,133.81,2025-10-04,C-80839328,Off-845012,Office,Portugal,Email
15,291.0,2025-07-01,C-61453651,Toy-136172,Toys,Austria,Web
17,230.69,2024-08-04,C-11133828,Ele-893430,Electronics,France,Social Media
9,472.53,2024-12-11,C-54512617,Bea-495806,Beauty,United Kingdom,Social Media
12,409.29,2022-07-18,C-52196791,Tra-937888,Travel,Poland,App
4,189.97,2025-05-05,C-99882419,Ele-221636,Electronics,Spain,Web
12,31.69,2025-11-11,C-11172597,Boo-523676,Books,Germany,Email
10,443.88,2022-06-02,C-31491448,Spo-833128,Sports,United States,Email
5,390.45,2024-11-20,C-94752604,Clo-572922,Clothing,Norway,Email
14,223.97,2022-02-13,C-29463459,Boo-584142,Books,Poland,Phone
1,376.64,2025-10-15,C-09075991,Clo-553144,Clothing,Canada,Social Media
3,103.16,2022-12-19,C-08303045,Tra-413540,Travel,Brazil,Web
7,141.49,2024-11-01,C-81092571,Tra-319901,Travel,Germany,Phone
5,133.17,2025-03-08,C-11133828,Bea-676990,Beauty,Switzerland,Email
19,94.38,2022-02-20,C-10628881,Gar-384331,Garden,Belgium,Store
7,77.24,2024-01-31,C-24232452,Mus-949699,Music,Norway,Store
4,133.25,2025-10-03,C-76264318,Toy-280597,Toys,Switzerland,Email
5,302.2,2024-08-17,C-55631850,Jew-826207,Jewelry,Brazil,App
16,112.91,2025-04-13,C-24874629,Tra-647474,Travel,Mexico,App
10,494.85,2023-07-15,C-89337463,Boo-969802,Books,Portugal,Marketplace
17,455.64,2023-07-31,C-33067849,Ele-153504,Electronics,United States,Marketplace
16,111.34,2023-11-17,C-12780542,Boo-985363,Books,United States,Marketplace
9,240.91,2023-09-10,C-81092571,Boo-329071,Books,Italy,Marketplace
10,287.92,2023-10-03,C-82924856,Bea-384018,Beauty,Poland,Marketplace
10,189.84,2024-07-30,C-95364434,Boo-739625,Books,Netherlands,Marketplace
4,434.58,2023-04-18,C-69025898,Ele-506613,Electronics,Sweden,Web
3,414.09,2022-03-03,C-64967803,Bea-048872,Beauty,Brazil,Phone
11,68.44,2024-10-10,C-79340041,Fur-150240,Furniture,United Kingdom,Email
13,471.51,2022-02-17,C-34043398,Clo-848322,Clothing,Mexico,Email
1,125.85,2025-02-07,C-05163875,Hea-608941,Health,France,Marketplace
18,168.59,2024-05-05,C-75123250,Hea-255525,Health,Austria,Marketplace
5,67.12,2023-12-18,C-75123250,Foo-794620,Food,Germany,App
19,237.9,2025-04-27,C-36104271,Ele-879562,Electronics,Canada,Social Media
3,187.19,2023-06-02,C-29680788,Fur-733407,Furniture,Sweden,Email
5,10.91,2024-05-14,C-71521183,Tra-656255,Travel,Japan,Marketplace
2,476.91,2025-05-23,C-22579567,Off-467552,Office,Norway,Marketplace
8,150.39,2025-01-22,C-66796277,Off-181915,Office,Portugal,Web
9,314.68,2024-04-13,C-92295932,Tra-355086,Travel,Mexico,Phone
15,195.93,2025-08-13,C-51510185,Jew-625255,Jewelry,Brazil,Social Media
18,254.82,2022-07-02,C-89619648,Ele-403457,Electronics,Italy,Web
13,236.78,2025-07-18,C-96319520,Foo-675759,Food,France,Store
5,380.88,2023-10-14,C-10382808,Boo-677753,Books,Switzerland,Email
10,104.68,2023-07-01,C-37389171,Fur-052408,Furniture,Germany,Email
5,437.92,2025-12-24,C-86674277,Gar-384325,Garden,Mexico,Social Media
10,318.12,2023-05-01,C-41671136,Ele-927516,Electronics,Denmark,Social Media
16,158.37,2023-09-17,C-27858217,Tra-021840,Travel,Brazil,Email
11,382.06,2023-01-05,C-58858217,Off-788357,Office,Austria,Store
7,343.91,2024-07-09,C-10628881,Jew-037772,Jewelry,Japan,Social Media
2,401.99,2024-10-31,C-07680834,Off-942671,Office,Netherlands,Email
14,372.32,2022-11-22,C-76764761,Off-297310,Office,Poland,Web
1,110.08,2024-11-11,C-53923828,Bea-218933,Beauty,Germany,Email
16,371.59,2022-12-01,C-81260270,Fur-526133,Furniture,United Kingdom,Marketplace
7,484.34,2022-10-25,C-35511467,Hea-088814,Health,Austria,Phone
5,395.87,2024-01-02,C-93354569,Spo-538935,Sports,Portugal,Web
4,14.18,2025-03-01,C-07375902,Ele-472504,Electronics,Canada,Web
10,311.11,2023-07-08,C-85555041,Fur-096021,Furniture,Poland,App
7,15.09,2023-04-07,C-89601719,Off-788951,Office,Canada,Web
10,212.09,2024-01-23,C-85645658,Aut-127329,Automotive,Australia,Marketplace
4,54.99,2023-07-21,C-83525743,Off-600363,Office,Mexico,Marketplace
12,162.6,2025-07-10,C-03298924,Mus-237245,Music,France,Web
6,76.03,2023-02-28,C-10628881,Ele-897315,Electronics,United States,App
10,113.07,2025-06-28,C-77391210,Fur-792375,Furniture,France,App
6,418.72,2023-06-10,C-72893017,Foo-767056,Food,Germany,Store
4,465.99,2022-09-29,C-82193345,Fur-727336,Furniture,France,Email
8,410.94,2022-01-25,C-87547612,Gar-549929,Garden,Netherlands,Web
5,261.15,2022-09-18,C-86887776,Fur-468610,Furniture,Austria,Store
2,141.34,2022-02-20,C-01425733,Mus-051811,Music,Norway,Phone
2,179.26,2025-04-16,C-99951237,Ele-280749,Electronics,France,Web
10,196.37,2023-02-21,C-45499076,Toy-416069,Toys,Italy,Social Media
11,378.96,2022-02-21,C-07680834,Fur-659583,Furniture,United States,Store
18,145.44,2024-09-12,C-46779506,Jew-075165,Jewelry,France,App
13,432.38,2022-01-13,C-33334129,Bea-620125,Beauty,Mexico,App
13,201.77,2024-06-22,C-74975237,Hea-722916,Health,United Kingdom,Web
1,34.02,2023-04-22,C-47831844,Jew-466561,Jewelry,Switzerland,Social Media
5,343.1,2023-06-02,C-18244574,Mus-074194,Music,Portugal,Web
13,154.46,2024-03-04,C-63879404,Aut-918661,Automotive,Denmark,Social Media
8,76.33,2025-12-17,C-78924248,Toy-009281,Toys,United Kingdom,Store
4,233.28,2024-10-15,C-44489996,Fur-110715,Furniture,Brazil,Email
4,316.06,2023-12-30,C-65680713,Spo-782426,Sports,Netherlands,Phone
11,110.03,2022-10-01,C-92295932,Bea-538976,Beauty,Australia,Store
13,418.12,2025-07-05,C-43364015,Mus-634848,Music,Brazil,App
12,240.22,2023-05-28,C-35700115,Aut-548101,Automotive,Germany,Email
2,376.57,2022-08-23,C-37792256,Boo-279904,Books,Portugal,Web
11,459.45,2023-01-01,C-94779946,Clo-112570,Clothing,United Kingdom,Store
9,123.39,2025-01-26,C-03797010,Foo-512116,Food,France,Store
13,389.54,2023-05-04,C-64801937,Ele-847272,Electronics,Netherlands,Store
11,455.98,2025-12-11,C-08845506,Jew-530996,Jewelry,Australia,Web
19,71.12,2023-06-17,C-58263729,Ele-438835,Electronics,France,Web
6,97.81,2025-04-30,C-20625702,Ele-085079,Electronics,Portugal,Store
13,449.81,2023-01-20,C-56155330,Mus-891034,Music,Japan,Marketplace
14,28.82,2024-07-22,C-10628881,Jew-059001,Jewelry,Switzerland,Social Media
16,343.09,2022-02-08,C-32317799,Bea-495814,Beauty,Italy,Social Media
3,393.88,2022-02-24,C-29680788,Off-476934,Office,Canada,Social Media
15,257.05,2025-03-15,C-04759341,Jew-501195,Jewelry,Denmark,Social Media
19,138.39,2025-11-24,C-54512617,Spo-828675,Sports,United States,Social Media
6,306.11,2024-06-09,C-61635242,Jew-853948,Jewelry,Germany,Store
3,192.06,2022-08-23,C-65189987,Hea-143595,Health,Italy,Marketplace
2,312.71,2023-02-26,C-63261242,Off-092002,Office,Brazil,App
4,160.35,2022-05-03,C-85947324,Jew-925100,Jewelry,Switzerland,Social Media
19,421.08,2023-10-15,C-82924856,Jew-686183,Jewelry,Spain,App
10,206.89,2025-11-15,C-01878061,Off-091884,Office,Australia,Email
13,450.84,2022-05-23,C-53923828,Aut-083186,Automotive,Norway,Web
8,276.45,2022-05-17,C-13192293,Aut-872830,Automotive,Sweden,App
16,132.61,2025-03-30,C-44131482,Aut-306711,Automotive,Denmark,Marketplace
11,193.17,2024-12-30,C-95192926,Boo-314916,Books,Austria,App
3,324.75,2025-09-25,C-28663874,Mus-991020,Music,Norway,Store
2,179.34,2025-09-05,C-43022236,Bea-998266,Beauty,Brazil,Email
14,277.31,2025-12-06,C-96295925,Aut-053866,Automotive,Switzerland,Social Media
10,19.05,2022-01-13,C-40759502,Hea-050779,Health,Norway,Marketplace
3,187.22,2024-02-08,C-51214215,Bea-505353,Beauty,Brazil,Marketplace
6,142.59,2023-09-24,C-78924248,Gar-296522,Garden,Japan,Web
13,103.44,2023-05-09,C-09095261,Mus-472042,Music,Japan,Marketplace
2,495.93,2025-07-04,C-32186206,Fur-073932,Furniture,France,Marketplace
15,327.13,2022-10-09,C-59241963,Fur-458005,Furniture,Portugal,Web
9,291.99,2025-02-05,C-65189987,Mus-120320,Music,United Kingdom,Store
15,86.43,2023-12-18,C-42435059,Tra-635216,Travel,Japan,Store
7,420.03,2022-10-23,C-99951237,Aut-012791,Automotive,Mexico,Marketplace
13,250.46,2023-06-29,C-47607714,Jew-795028,Jewelry,Australia,Phone
6,380.63,2025-05-27,C-14362275,Jew-514946,Jewelry,Germany,App
11,278.05,2022-04-13,C-45189196,Gar-274520,Garden,France,App
8,383.72,2022-08-01,C-95950020,Off-786189,Office,Spain,Phone
18,313.07,2022-11-16,C-65594419,Spo-522165,Sports,Denmark,Social Media
2,288.51,2022-08-14,C-79851234,Off-787121,Office,Denmark,Store
18,226.45,2024-04-27,C-21815651,Clo-039999,Clothing,France,Social Media
12,266.89,2022-04-06,C-48732589,Gar-325254,Garden,Mexico,App
18,206.66,2024-04-16,C-63062112,Boo-273111,Books,Netherlands,Web
6,106.48,2023-09-12,C-12945345,Mus-360748,Music,Germany,Web
19,385.03,2023-06-14,C-14009990,Boo-759211,Books,Germany,Phone
12,299.86,2023-11-10,C-31490891,Mus-335431,Music,Portugal,Web
3,69.11,2025-09-20,C-23111318,Mus-259967,Music,Switzerland,Email
2,239.1,2023-11-21,C-43258668,Clo-431804,Clothing,Norway,App
5,439.58,2025-10-20,C-03298924,Off-211253,Office,United States,Web
3,410.21,2023-05-25,C-61648314,Tra-243817,Travel,United Kingdom,Social Media
14,38.65,2024-05-01,C-29832082,Foo-310548,Food,France,Web
12,472.93,2022-06-09,C-76270600,Boo-858973,Books,United Kingdom,Marketplace
9,156.07,2025-08-13,C-34187596,Clo-747400,Clothing,Germany,Marketplace
3,346.9,2023-12-10,C-80730111,Boo-308598,Books,Belgium,Email
10,35.77,2025-09-21,C-12450349,Clo-797180,Clothing,Poland,Social Media
2,488.31,2023-09-06,C-88072442,Fur-679650,Furniture,United Kingdom,Phone
2,108.51,2023-08-16,C-75609212,Mus-906223,Music,Norway,Web
4,32.32,2023-05-07,C-76605428,Gar-681124,Garden,Spain,Store
5,362.78,2023-07-02,C-76810864,Hea-925078,Health,Belgium,Marketplace
19,109.53,2023-09-13,C-35862539,Gar-352695,Garden,Germany,Email
11,352.37,2025-05-09,C-11985335,Toy-846996,Toys,Germany,Email
16,310.87,2022-02-06,C-69850346,Hea-534543,Health,Poland,Social Media
5,11.7,2022-05-12,C-28523979,Clo-941630,Clothing,Canada,Marketplace
4,390.84,2022-05-04,C-34187596,Spo-171339,Sports,Denmark,Store
17,105.58,2022-11-04,C-18244574,Clo-473837,Clothing,United Kingdom,Phone
7,253.83,2022-06-11,C-32317799,Tra-651837,Travel,Mexico,Web
7,258.58,2023-02-02,C-13268463,Boo-189138,Books,United Kingdom,Marketplace
6,431.62,2025-12-04,C-03989784,Clo-635391,Clothing,France,Marketplace
1,282.71,2023-01-31,C-59473796,Fur-777150,Furniture,Spain,App
11,79.86,2022-11-18,C-93819002,Hea-475865,Health,Mexico,Web
17,142.87,2025-02-15,C-25388461,Tra-765729,Travel,Netherlands,Email
1,89.06,2025-03-24,C-31562395,Foo-847668,Food,Mexico,Email
12,195.89,2022-07-08,C-24193676,Hea-169914,Health,Mexico,App
7,329.16,2024-09-08,C-92141302,Clo-556894,Clothing,France,Phone
3,146.27,2024-05-08,C-92141302,Off-310707,Office,Italy,Web
4,99.02,2022-08-26,C-89047975,Boo-898199,Books,Belgium,Phone
6,126.34,2024-12-05,C-43364015,Clo-536573,Clothing,Austria,App
17,469.99,2025-11-09,C-51510185,Tra-053638,Travel,Austria,Social Media
1,352.82,2023-12-16,C-32487120,Mus-153650,Music,Spain,Marketplace
13,407.33,2023-01-27,C-19495025,Jew-161713,Jewelry,Italy,Phone
13,82.15,2025-10-05,C-46779506,Gar-882609,Garden,Brazil,Marketplace
5,393.36,2024-05-18,C-42531372,Hea-299646,Health,Spain,Marketplace
8,388.74,2025-09-22,C-42435059,Mus-190921,Music,Netherlands,Social Media
4,237.08,2022-12-20,C-75123250,Off-529760,Office,Mexico,Store
15,163.97,2024-02-03,C-17640864,Boo-171298,Books,Norway,Marketplace
1,50.47,2025-08-17,C-38567964,Mus-958682,Music,Austria,Phone
19,413.33,2023-01-10,C-75021103,Spo-608188,Sports,Portugal,Web
7,280.37,2022-07-23,C-47614337,Bea-168361,Beauty,Australia,Social Media
7,8.77,2024-04-19,C-87531984,Bea-180261,Beauty,Norway,Marketplace
5,5.67,2025-06-08,C-35169198,Tra-270083,Travel,Denmark,App
14,496.5,2022-04-22,C-19495025,Hea-555573,Health,United States,Web
2,419.71,2023-03-09,C-85460227,Spo-255595,Sports,Netherlands,Web
13,252.9,2023-11-08,C-32024053,Boo-182564,Books,Brazil,Phone
14,433.01,2023-08-04,C-73478428,Fur-970456,Furniture,Mexico,Social Media
6,347.07,2022-05-20,C-50169180,Ele-593013,Electronics,United States,Phone
14,374.71,2024-08-16,C-92010806,Clo-395460,Clothing,Mexico,Social Media
18,291.03,2025-09-15,C-96899874,Ele-103532,Electronics,Spain,Marketplace
13,291.74,2025-02-23,C-11133828,Aut-459855,Automotive,Germany,Email
11,483.72,2022-02-20,C-32186206,Off-112686,Office,Spain,Marketplace
7,390.56,2024-09-07,C-69654804,Toy-298165,Toys,Norway,Marketplace
7,188.54,2023-10-18,C-35700115,Foo-185792,Food,Switzerland,Store
12,283.85,2022-10-07,C-48219660,Toy-914278,Toys,Mexico,App
5,333.83,2022-06-09,C-89101666,Mus-998399,Music,Canada,Store
5,233.33,2024-06-30,C-27728798,Clo-225222,Clothing,France,Phone
16,471.61,2022-03-12,C-07706214,Jew-500358,Jewelry,Austria,App
2,256.89,2024-05-06,C-53082079,Off-878659,Office,Denmark,Marketplace
11,28.33,2025-01-10,C-27206525,Hea-303311,Health,Canada,Web
1,496.52,2024-08-17,C-89667087,Tra-391526,Travel,Denmark,Store
19,41.35,2024-02-02,C-34043398,Bea-462610,Beauty,Sweden,App
4,215.56,2025-05-14,C-91258005,Clo-905808,Clothing,Switzerland,Phone
14,22.99,2024-02-13,C-91258005,Toy-800195,Toys,Germany,Web
1,333.34,2025-10-31,C-79340041,Aut-866967,Automotive,Japan,Web
4,418.0,2023-04-30,C-78924248,Boo-960586,Books,United States,Marketplace
9,189.04,2023-12-22,C-89572422,Gar-902659,Garden,Italy,App
14,105.92,2024-02-15,C-07718924,Off-517109,Office,Austria,Phone
17,89.31,2025-10-11,C-07375902,Fur-882062,Furniture,Switzerland,Store
3,95.69,2022-12-29,C-27853549,Aut-293143,Automotive,Brazil,Store
4,282.1,2024-11-27,C-12780542,Fur-531795,Furniture,Japan,Phone
8,103.9,2024-09-27,C-30556313,Toy-219579,Toys,Sweden,Web
7,359.65,2025-05-18,C-61648314,Ele-439924,Electronics,Japan,Marketplace
5,154.26,2025-09-01,C-00716732,Aut-136427,Automotive,United Kingdom,App
5,209.08,2023-05-29,C-78446420,Clo-278447,Clothing,Japan,Web
19,128.01,2022-12-21,C-69919834,Toy-477216,Toys,Mexico,Web
5,335.35,2025-01-13,C-89665842,Jew-802514,Jewelry,Portugal,Store
15,295.2,2023-06-17,C-25746750,Bea-866771,Beauty,Brazil,Email
1,463.3,2023-12-21,C-53082079,Aut-388981,Automotive,Brazil,Social Media
7,341.11,2024-11-16,C-43344687,Ele-493542,Electronics,Australia,Email
9,91.54,2023-05-05,C-34756280,Aut-021337,Automotive,Japan,Social Media
5,425.36,2022-01-22,C-86898981,Gar-806307,Garden,Italy,Phone
16,448.7,2022-07-30,C-28558128,Foo-882826,Food,Brazil,Web
7,267.69,2025-07-03,C-95538520,Gar-726881,Garden,Spain,Web
9,335.62,2022-06-24,C-89667087,Clo-917595,Clothing,France,Web
13,32.88,2023-05-27,C-11498981,Spo-637704,Sports,United States,Email
12,103.15,2025-03-02,C-59610177,Bea-280412,Beauty,Netherlands,Web
7,23.13,2023-09-03,C-93179907,Fur-305121,Furniture,Mexico,App
6,490.01,2024-12-11,C-13838283,Gar-188668,Garden,Norway,Email
2,329.7,2023-08-21,C-00221948,Bea-848231,Beauty,Netherlands,Phone
16,91.91,2024-08-04,C-48219660,Off-729528,Office,United States,Web
18,195.55,2025-03-08,C-83525743,Fur-417007,Furniture,Canada,Marketplace
8,330.12,2022-05-06,C-63879404,Clo-259138,Clothing,Netherlands,Email
10,243.95,2023-05-04,C-29227444,Ele-577438,Electronics,Portugal,Marketplace
14,306.32,2024-02-05,C-38384646,Hea-598091,Health,Spain,App
15,58.26,2022-02-08,C-84069645,Gar-014315,Garden,Portugal,Social Media
18,399.21,2022-11-11,C-39719554,Spo-106214,Sports,United Kingdom,Marketplace
10,462.76,2023-06-19,C-26963375,Aut-250877,Automotive,Japan,Marketplace
1,78.07,2023-01-29,C-55264133,Off-719135,Office,Japan,Store
11,386.54,2023-04-01,C-78758323,Jew-310489,Jewelry,Mexico,Email
3,137.6,2023-01-30,C-69654804,Hea-083425,Health,France,Marketplace
7,277.0,2022-01-20,C-31490891,Foo-464591,Food,Japan,Marketplace
10,360.71,2024-01-01,C-80839328,Off-402255,Office,France,App
4,50.06,2025-07-22,C-52729045,Clo-603758,Clothing,Canada,Store
19,148.04,2023-09-23,C-67734713,Aut-352259,Automotive,United Kingdom,Social Media
8,372.15,2022-10-05,C-28616400,Ele-047122,Electronics,Portugal,Phone
10,480.63,2024-08-21,C-90940416,Clo-237859,Clothing,Australia,Marketplace
14,167.35,2025-11-05,C-37619890,Mus-294386,Music,Mexico,App
4,118.56,2025-02-21,C-43364015,Clo-339754,Clothing,Sweden,Store
1,468.58,2023-07-10,C-15627644,Gar-741058,Garden,Portugal,Email
18,461.82,2024-10-07,C-28506804,Clo-756018,Clothing,Spain,Store
17,78.17,2023-05-29,C-74514164,Ele-688306,Electronics,Japan,Web
8,95.73,2023-09-04,C-48365033,Tra-024383,Travel,France,Marketplace
19,85.3,2024-01-12,C-58125275,Bea-105381,Beauty,Poland,Web
4,12.9,2022-04-27,C-56155330,Off-535558,Office,Switzerland,Marketplace
18,204.01,2025-05-30,C-23912425,Jew-602346,Jewelry,Australia,Marketplace
1,399.67,2025-05-19,C-93572459,Toy-181435,Toys,Switzerland,App
5,237.9,2022-12-19,C-04655309,Foo-330546,Food,Sweden,App
15,76.85,2025-05-18,C-31491448,Toy-347865,Toys,United States,Social Media
6,60.1,2023-07-20,C-04388288,Tra-553342,Travel,Norway,App
17,424.1,2022-01-08,C-21047218,Toy-601796,Toys,Australia,Marketplace
17,261.19,2022-10-22,C-19818284,Off-927209,Office,Germany,Social Media
18,456.07,2025-10-06,C-67734713,Toy-708248,Toys,Belgium,Email
5,243.61,2025-03-07,C-89601719,Jew-315011,Jewelry,Italy,Phone
2,466.65,2025-07-31,C-16115109,Mus-339130,Music,Brazil,Social Media
11,73.43,2025-01-02,C-66592869,Aut-582032,Automotive,Netherlands,Email
14,297.96,2024-05-14,C-59473796,Hea-076520,Health,Spain,App
11,349.72,2025-05-28,C-27858217,Jew-996559,Jewelry,France,Marketplace
7,283.15,2022-11-22,C-86793558,Mus-265144,Music,Austria,Web
7,145.85,2025-05-23,C-19336679,Clo-755949,Clothing,Australia,Store
16,103.25,2025-10-28,C-33971496,Fur-448689,Furniture,United Kingdom,Marketplace
17,463.02,2022-09-01,C-29004750,Gar-768238,Garden,Netherlands,Web
6,489.5,2022-03-15,C-86887776,Off-568211,Office,Austria,App
16,22.36,2023-04-04,C-73291975,Bea-671659,Beauty,United Kingdom,Marketplace
19,212.46,2025-09-24,C-27206525,Foo-856561,Food,Australia,Email
3,401.5,2024-10-23,C-75021103,Tra-223813,Travel,Denmark,Marketplace
18,145.16,2022-01-25,C-80839328,Foo-460636,Food,Germany,App
10,287.39,2024-01-05,C-69654804,Off-019975,Office,Portugal,Phone
3,443.59,2022-08-24,C-21047218,Bea-446128,Beauty,Australia,Marketplace
1,371.77,2025-01-15,C-67734713,Tra-361923,Travel,Switzerland,Web
17,406.11,2023-06-15,C-93819002,Mus-662223,Music,Switzerland,Web
19,214.97,2022-08-17,C-35863083,Fur-883381,Furniture,Switzerland,Web
15,315.53,2025-10-20,C-25746750,Aut-961531,Automotive,France,Email
12,373.33,2025-03-28,C-03964660,Spo-024986,Sports,Poland,Web
5,254.66,2022-01-07,C-43258668,Aut-355249,Automotive,Australia,Phone
1,408.75,2024-01-17,C-56171343,Spo-669935,Sports,Norway,Social Media
16,29.61,2024-02-10,C-80434627,Bea-544229,Beauty,Spain,Social Media
1,73.0,2023-09-14,C-44034970,Aut-176454,Automotive,Japan,App
5,373.52,2025-10-24,C-59804289,Boo-203315,Books,Poland,Store
13,291.53,2023-05-31,C-73741620,Tra-047370,Travel,France,Marketplace
14,325.83,2024-11-28,C-43258668,Clo-499116,Clothing,Germany,Marketplace
13,29.07,2022-10-07,C-46803455,Fur-317686,Furniture,Belgium,Social Media
1,107.71,2022-04-06,C-86752706,Off-952982,Office,Netherlands,Email
4,150.52,2023-06-01,C-08303045,Foo-683139,Food,France,Phone
13,228.58,2025-12-21,C-34043398,Toy-379387,Toys,Germany,App
18,159.96,2023-12-03,C-23562036,Jew-044437,Jewelry,Japan,Social Media
16,301.65,2022-09-03,C-92141302,Fur-744105,Furniture,Germany,Email
8,437.62,2022-12-06,C-64838435,Clo-398786,Clothing,Italy,Email
8,258.88,2024-01-16,C-35862539,Bea-166327,Beauty,Norway,Social Media
5,258.29,2025-08-11,C-95885847,Mus-470987,Music,Canada,Store
15,12.97,2022-09-26,C-81092571,Toy-440766,Toys,Sweden,Social Media
15,437.57,2024-01-04,C-80730111,Foo-076114,Food,France,Phone
3,372.18,2023-04-19,C-40712411,Gar-893177,Garden,Spain,Web
14,399.08,2023-11-26,C-00221948,Ele-326321,Electronics,Switzerland,Phone
11,135.19,2025-06-13,C-61223304,Spo-016673,Sports,Switzerland,App
12,180.09,2023-05-01,C-28506804,Mus-518329,Music,Germany,Web
10,312.9,2022-09-28,C-59637217,Gar-096094,Garden,Mexico,App
16,43.11,2025-08-26,C-96295925,Tra-189656,Travel,Switzerland,App
12,325.19,2025-08-28,C-60708577,Hea-344430,Health,Canada,Store
12,465.6,2023-09-16,C-48732589,Clo-598643,Clothing,Belgium,Web
8,343.32,2025-06-05,C-51629298,Gar-133501,Garden,Italy,Phone
17,154.88,2024-07-31,C-09075991,Clo-957496,Clothing,Norway,Phone
17,229.26,2024-12-12,C-27853549,Gar-956464,Garden,Canada,App
12,289.57,2025-05-06,C-03929539,Bea-131342,Beauty,Denmark,Phone
15,310.24,2025-12-22,C-25479673,Toy-909753,Toys,United Kingdom,Email
7,246.68,2025-01-27,C-60590184,Off-953793,Office,Portugal,Social Media
13,173.57,2022-10-30,C-14167380,Foo-276161,Food,Mexico,Social Media
15,438.24,2023-09-25,C-86793558,Bea-437600,Beauty,Spain,Social Media
13,492.03,2025-04-28,C-40712411,Tra-246253,Travel,Japan,Email
8,268.65,2023-07-18,C-40759502,Jew-765001,Jewelry,France,App
6,298.66,2025-09-03,C-35511467,Jew-883467,Jewelry,Switzerland,Web
3,429.54,2022-06-17,C-21013148,Mus-163079,Music,Canada,Email
3,5.7,2024-06-26,C-73352991,Fur-802728,Furniture,Denmark,Web
8,288.84,2024-06-07,C-19495025,Spo-636306,Sports,Sweden,Web
5,65.62,2023-10-01,C-99466366,Fur-406325,Furniture,Canada,App
9,46.89,2023-10-02,C-63879404,Spo-097822,Sports,Norway,Social Media
17,278.97,2023-11-18,C-66540515,Toy-646849,Toys,Mexico,Store
2,261.83,2024-05-18,C-26183976,Clo-827497,Clothing,Belgium,Store
16,157.49,2025-02-07,C-58207115,Boo-401727,Books,Mexico,Marketplace
9,438.74,2023-05-20,C-31490891,Toy-283961,Toys,United States,Store
12,306.29,2023-06-13,C-33237296,Jew-761930,Jewelry,Norway,Marketplace
12,298.44,2025-06-07,C-42531372,Clo-734030,Clothing,Mexico,Email
12,267.52,2024-12-13,C-89101666,Foo-041234,Food,Sweden,Email
1,156.52,2025-07-06,C-24825971,Aut-106987,Automotive,France,Marketplace
4,48.39,2022-12-07,C-96319520,Hea-193026,Health,Portugal,Email
1,380.26,2022-10-18,C-39312362,Clo-612428,Clothing,France,Phone
2,458.7,2024-11-30,C-98325575,Foo-903733,Food,Sweden,Social Media
10,485.37,2025-11-08,C-99178431,Mus-875905,Music,Netherlands,Web
14,314.63,2024-04-13,C-93179907,Spo-598797,Sports,Germany,Email
16,14.02,2025-11-11,C-77391210,Spo-966076,Sports,Portugal,Store
18,180.64,2025-08-06,C-48248138,Aut-084497,Automotive,Japan,Social Media
11,96.04,2023-06-08,C-77391210,Fur-000129,Furniture,Mexico,Email
18,485.68,2025-12-13,C-85947324,Boo-798933,Books,United Kingdom,Phone
4,324.3,2025-04-05,C-85555041,Boo-346287,Books,United Kingdom,App
17,225.48,2023-06-27,C-24232452,Tra-255293,Travel,Poland,Web
4,299.41,2023-08-04,C-17474126,Off-159921,Office,Canada,Email
10,356.13,2024-12-28,C-97457004,Hea-046174,Health,Canada,Web
11,125.35,2023-12-04,C-16276701,Mus-568117,Music,Denmark,Web
16,246.17,2022-06-03,C-96319520,Aut-850352,Automotive,France,App
15,156.15,2025-11-19,C-39200287,Ele-888143,Electronics,Belgium,Email
13,10.51,2025-03-11,C-01878061,Tra-010766,Travel,Netherlands,Social Media
1,110.15,2025-07-08,C-35863083,Toy-679091,Toys,Mexico,Store
9,293.38,2022-11-27,C-66592869,Boo-292655,Books,Spain,Web
8,391.06,2022-07-02,C-68110109,Mus-043876,Music,Sweden,Store
1,473.29,2022-04-19,C-22579567,Off-752287,Office,Sweden,Phone
12,82.9,2023-10-15,C-30786627,Fur-195926,Furniture,Canada,Email
17,353.6,2025-03-20,C-67124011,Off-778539,Office,Belgium,Email
1,365.42,2022-06-01,C-34194127,Fur-938619,Furniture,Austria,Marketplace
1,357.3,2023-09-17,C-61453651,Foo-459120,Food,Norway,Social Media
17,110.81,2022-06-09,C-95885847,Hea-033926,Health,Canada,Email
5,298.7,2022-10-19,C-66370870,Mus-156569,Music,Switzerland,Email
11,456.34,2023-06-20,C-95364434,Bea-829981,Beauty,Germany,App
17,430.54,2025-02-17,C-03077799,Jew-857674,Jewelry,Austria,Phone
19,357.32,2023-03-23,C-14989806,Spo-546021,Sports,Japan,Social Media
17,247.02,2023-06-06,C-23562036,Gar-926848,Garden,Poland,App
10,395.65,2024-01-06,C-52687437,Fur-382016,Furniture,Sweden,App
14,232.17,2025-12-28,C-33477060,Ele-556416,Electronics,Portugal,Web
6,76.05,2024-07-06,C-04857421,Clo-447391,Clothing,France,Phone
12,356.29,2022-06-09,C-18110411,Ele-014482,Electronics,Denmark,App
16,461.83,2022-02-04,C-56155330,Boo-121223,Books,Brazil,Email
3,429.51,2024-07-11,C-37282969,Clo-440304,Clothing,Norway,Web
11,313.9,2023-07-26,C-98325575,Mus-148597,Music,Denmark,Social Media
12,6.37,2025-10-15,C-65189987,Foo-303344,Food,Italy,Marketplace
8,440.19,2023-11-09,C-21815651,Mus-967032,Music,Austria,Phone
9,412.99,2025-09-07,C-82799399,Fur-865045,Furniture,Norway,Web
19,258.53,2024-05-20,C-68110109,Spo-094996,Sports,United Kingdom,Email
7,348.46,2023-09-01,C-54087604,Gar-839411,Garden,Portugal,Phone
6,259.39,2023-07-29,C-21493738,Mus-731152,Music,Italy,Social Media
12,464.65,2022-09-02,C-28523979,Gar-580370,Garden,Switzerland,Email
12,489.27,2024-02-27,C-03358637,Foo-932002,Food,Germany,Web
15,156.32,2022-12-20,C-80272452,Spo-020735,Sports,Belgium,Store
14,463.56,2022-08-18,C-92601313,Mus-959596,Music,Japan,Email
17,245.72,2025-10-21,C-58593771,Tra-263591,Travel,Austria,Social Media
13,253.93,2025-01-03,C-34756280,Foo-072281,Food,United States,Store
15,396.29,2023-06-23,C-55521351,Boo-801682,Books,Japan,Email
16,16.22,2022-08-11,C-22393430,Bea-567567,Beauty,Denmark,App
3,457.35,2022-05-24,C-89665842,Boo-671582,Books,Denmark,App
2,435.08,2025-08-04,C-02638398,Fur-105955,Furniture,Poland,App
13,133.58,2025-10-20,C-75310409,Jew-959064,Jewelry,Denmark,Social Media
8,119.39,2023-09-01,C-84592199,Jew-523467,Jewelry,Netherlands,Web
12,315.08,2023-08-27,C-05163875,Mus-845144,Music,Spain,Email
4,294.5,2023-06-08,C-78446420,Aut-960117,Automotive,Belgium,Web
14,150.63,2023-05-31,C-84592199,Mus-344295,Music,France,Email
3,459.42,2022-08-31,C-32317799,Gar-024798,Garden,Belgium,Phone
3,300.1,2024-09-27,C-11172808,Ele-174173,Electronics,Australia,App
7,46.84,2025-11-25,C-36973153,Jew-144893,Jewelry,United Kingdom,Phone
1,116.35,2024-04-22,C-57589671,Mus-715904,Music,Germany,Store
10,59.7,2022-09-13,C-11593189,Jew-607447,Jewelry,United States,Web
13,365.02,2022-05-16,C-44034970,Mus-589116,Music,Italy,Web
18,215.01,2024-10-04,C-53082079,Spo-802279,Sports,United States,Social Media
1,403.98,2022-06-19,C-44131482,Mus-649842,Music,Spain,Email
12,144.39,2023-10-20,C-84592199,Hea-345066,Health,Portugal,App
7,15.49,2022-01-13,C-26931360,Boo-460102,Books,Spain,Web
19,25.13,2022-02-26,C-33414707,Tra-471052,Travel,Germany,Email
6,245.22,2025-09-01,C-07305300,Hea-884745,Health,Canada,Email
16,142.35,2025-02-23,C-73352991,Spo-133146,Sports,United Kingdom,Phone
10,123.57,2024-11-30,C-69654804,Jew-793817,Jewelry,Brazil,Store
17,63.93,2025-08-10,C-36104271,Fur-032013,Furniture,Mexico,Social Media
3,231.05,2025-03-23,C-17074239,Boo-410581,Books,Belgium,Web
16,298.66,2025-03-30,C-66370870,Bea-582007,Beauty,France,Social Media
11,48.56,2022-07-21,C-51510185,Toy-934902,Toys,Mexico,Store
13,411.88,2025-07-28,C-76932090,Bea-908273,Beauty,Norway,App
18,194.23,2022-06-29,C-80839328,Fur-610758,Furniture,Netherlands,Email
5,257.15,2025-10-23,C-96295925,Gar-663066,Garden,Italy,Social Media
5,370.61,2022-02-01,C-03016393,Spo-565570,Sports,France,App
7,473.9,2024-12-03,C-14863834,Tra-273491,Travel,Sweden,Web
10,41.47,2022-10-03,C-13192293,Toy-402100,Toys,Brazil,Phone
11,334.76,2022-09-07,C-44394558,Mus-763078,Music,Germany,App
10,57.08,2023-07-11,C-23111318,Aut-141425,Automotive,Sweden,Store
5,143.73,2022-02-16,C-18732299,Toy-649836,Toys,Brazil,Email
5,193.85,2024-11-16,C-76264318,Jew-079514,Jewelry,Brazil,Email
17,147.11,2024-08-06,C-83896442,Gar-786399,Garden,Japan,Email
16,110.55,2022-08-11,C-96295925,Spo-591545,Sports,Norway,Email
7,197.1,2024-04-13,C-35991775,Clo-141238,Clothing,Brazil,App
10,165.43,2025-05-26,C-47831844,Tra-765362,Travel,Austria,Marketplace
2,24.67,2024-07-30,C-01878061,Fur-464398,Furniture,Netherlands,Email
9,298.61,2022-01-30,C-63261242,Gar-828366,Garden,Portugal,App
4,179.69,2025-09-21,C-69654804,Tra-015344,Travel,Italy,Social Media
6,459.86,2022-11-12,C-28506804,Boo-374704,Books,Canada,App
8,467.45,2024-05-20,C-89047975,Aut-678818,Automotive,Italy,Phone
15,350.39,2022-05-08,C-55290918,Spo-008747,Sports,Canada,App
17,17.4,2025-06-02,C-24943709,Boo-719828,Books,Sweden,Phone
9,445.54,2023-01-12,C-69358962,Tra-081003,Travel,France,Phone
13,245.05,2025-05-19,C-02638398,Jew-849942,Jewelry,United Kingdom,Store
15,43.2,2023-11-30,C-25479673,Mus-731237,Music,Norway,Phone
14,276.68,2022-01-22,C-18244574,Toy-466844,Toys,Brazil,Phone
1,105.33,2025-12-27,C-40066424,Spo-670160,Sports,Italy,Social Media
13,413.69,2025-06-10,C-07375902,Tra-844506,Travel,Portugal,Web
17,201.54,2022-04-05,C-06670976,Jew-660331,Jewelry,Poland,Web
10,455.25,2022-11-08,C-64933370,Spo-492217,Sports,Mexico,Email
19,495.41,2022-11-20,C-47831975,Off-752564,Office,Spain,Email
13,142.93,2022-12-05,C-82799399,Tra-728304,Travel,United Kingdom,Email
9,407.6,2023-08-22,C-09075991,Hea-050375,Health,Brazil,App
3,290.72,2022-06-29,C-49938177,Toy-914027,Toys,Portugal,Email
10,475.27,2024-03-11,C-80272452,Fur-379719,Furniture,Austria,Phone
11,112.08,2024-10-15,C-04655309,Mus-374705,Music,Germany,App
17,411.75,2024-12-13,C-29227444,Off-856435,Office,Austria,Phone
6,209.85,2023-08-04,C-57391425,Off-925411,Office,Japan,Web
1,410.22,2025-12-17,C-87914090,Ele-447687,Electronics,Poland,Store
14,78.92,2023-06-22,C-12945345,Spo-849290,Sports,Portugal,Email
9,169.47,2024-03-27,C-31733702,Mus-467249,Music,Brazil,Phone
3,68.69,2024-10-07,C-39719554,Tra-778295,Travel,Mexico,App
12,283.46,2025-08-04,C-76764761,Bea-167362,Beauty,Canada,Social Media
10,196.39,2025-09-05,C-32681044,Tra-358374,Travel,Belgium,Web
19,437.61,2023-05-31,C-85201177,Tra-484872,Travel,Switzerland,Social Media
4,449.19,2024-11-07,C-52687437,Hea-087707,Health,Italy,App
1,248.61,2023-11-29,C-10353855,Ele-188477,Electronics,Poland,Marketplace
12,378.33,2024-03-19,C-69425350,Hea-411276,Health,Australia,Social Media
3,467.51,2022-04-15,C-29004750,Foo-943544,Food,Spain,Phone
7,382.25,2024-03-01,C-89619648,Fur-348755,Furniture,United Kingdom,Phone
7,9.86,2023-03-13,C-66447024,Ele-657663,Electronics,Switzerland,Social Media
5,287.15,2022-03-21,C-71521183,Clo-459232,Clothing,Netherlands,Marketplace
11,240.89,2022-08-11,C-28442622,Clo-544042,Clothing,Australia,App
12,259.23,2022-10-25,C-39312362,Ele-535880,Electronics,Japan,Marketplace
1,11.01,2024-07-20,C-30556313,Boo-072569,Books,Brazil,Store
2,115.83,2025-08-04,C-33067849,Spo-497162,Sports,Canada,App
10,171.6,2025-10-25,C-03964660,Fur-625040,Furniture,Spain,Phone
4,35.07,2023-05-20,C-01495378,Clo-496102,Clothing,Spain,Email
7,312.11,2022-04-05,C-96319520,Gar-646359,Garden,United Kingdom,App
13,319.52,2024-05-03,C-48574985,Spo-589818,Sports,Japan,Email
16,448.35,2023-05-20,C-57589671,Clo-413921,Clothing,Norway,Social Media
7,208.04,2023-12-25,C-83069633,Jew-053957,Jewelry,Japan,App
6,162.32,2025-12-02,C-42970743,Fur-172033,Furniture,United States,Social Media
12,378.86,2022-06-06,C-71521183,Foo-634721,Food,Italy,Store
6,299.63,2022-01-13,C-36941673,Fur-848354,Furniture,Canada,Marketplace
4,322.96,2024-01-16,C-10353855,Foo-281071,Food,Brazil,Web
4,376.28,2022-04-18,C-12290630,Mus-596245,Music,Denmark,Marketplace
5,480.76,2023-06-26,C-24232452,Tra-356442,Travel,Belgium,Web
11,61.97,2025-10-16,C-72893017,Ele-892124,Electronics,Spain,Web
14,216.33,2024-02-13,C-46779506,Spo-610839,Sports,Mexico,Phone
15,304.97,2023-11-04,C-99882419,Aut-098927,Automotive,Portugal,Marketplace
7,438.9,2023-11-26,C-82924856,Clo-454706,Clothing,Spain,Email
12,94.51,2025-09-17,C-17640864,Foo-840863,Food,United States,Marketplace
17,426.06,2022-07-01,C-09075991,Spo-398589,Sports,United States,Marketplace
17,277.94,2022-07-01,C-12945345,Off-853270,Office,Brazil,Social Media
14,122.34,2024-11-28,C-22393430,Gar-519330,Garden,United States,Store
18,224.3,2022-11-24,C-72966724,Off-476454,Office,Brazil,Store
10,455.08,2023-02-28,C-93712739,Aut-647431,Automotive,Italy,Store
6,147.16,2024-04-21,C-77772036,Hea-017322,Health,Japan,Store
10,101.74,2023-10-01,C-96319520,Toy-428339,Toys,Mexico,Marketplace
5,208.71,2025-01-15,C-88904378,Spo-543046,Sports,Poland,Phone
13,218.61,2025-11-13,C-44394558,Off-260641,Office,Austria,Marketplace
6,228.66,2024-05-06,C-31562395,Off-188598,Office,Canada,Social Media
1,199.9,2023-06-30,C-78758323,Clo-145543,Clothing,Austria,Social Media
6,288.07,2023-07-01,C-97457004,Mus-159772,Music,Austria,Store
3,45.33,2024-03-20,C-28558128,Foo-779966,Food,France,App
11,153.38,2023-07-14,C-73291975,Tra-093848,Travel,Switzerland,Web
17,23.92,2025-01-01,C-72687598,Bea-284480,Beauty,Germany,Store
6,355.83,2023-12-04,C-43310463,Spo-424814,Sports,Belgium,Store
19,402.16,2022-10-02,C-30456182,Tra-072749,Travel,Canada,App
10,32.95,2023-05-03,C-04675267,Foo-837253,Food,Germany,Phone
16,156.8,2022-10-24,C-07718924,Tra-075819,Travel,Australia,Store
10,213.74,2022-01-22,C-15627644,Gar-999899,Garden,Italy,Email
12,289.83,2023-06-28,C-33971496,Tra-801764,Travel,Brazil,Store
14,207.17,2023-05-23,C-30456182,Off-637816,Office,Mexico,App
16,67.01,2023-08-26,C-76803278,Off-247918,Office,Switzerland,Phone
5,160.73,2025-11-30,C-58593771,Spo-406547,Sports,Portugal,Web
4,160.01,2025-08-17,C-02638398,Off-140009,Office,Brazil,App
5,203.63,2022-06-12,C-47614337,Toy-977249,Toys,Germany,Web
15,228.34,2023-03-07,C-67734713,Ele-060975,Electronics,Norway,Social Media
10,168.43,2025-02-04,C-41671136,Off-842766,Office,Spain,App
19,340.75,2025-11-06,C-23489168,Hea-139393,Health,Austria,Social Media
3,314.45,2022-01-20,C-58988585,Clo-549303,Clothing,Denmark,Email
12,173.01,2024-05-25,C-69358962,Fur-666127,Furniture,United States,Marketplace
10,342.23,2023-02-03,C-65347335,Gar-715043,Garden,Mexico,Marketplace
9,372.27,2023-04-19,C-76319842,Clo-207373,Clothing,Germany,App
7,202.26,2022-02-10,C-68110109,Ele-625364,Electronics,Germany,Web
15,316.01,2025-04-05,C-12025094,Mus-039697,Music,Norway,Phone
4,13.73,2024-11-01,C-45237494,Boo-999338,Books,Italy,App
16,380.41,2024-07-19,C-76319842,Fur-757248,Furniture,France,Social Media
3,296.17,2024-08-08,C-56155330,Bea-563442,Beauty,Belgium,Web
14,302.72,2025-05-22,C-28252670,Jew-681333,Jewelry,Sweden,Web
17,232.53,2022-05-26,C-77391210,Toy-589600,Toys,United States,Social Media
5,297.79,2025-01-03,C-65235738,Spo-994669,Sports,Mexico,Web
19,339.54,2023-03-11,C-04202589,Clo-192099,Clothing,Germany,Social Media
16,499.31,2022-10-11,C-76810864,Foo-923230,Food,Australia,Phone
19,77.44,2025-08-09,C-81260270,Tra-399312,Travel,Mexico,Store
9,419.59,2022-01-18,C-86674277,Mus-372338,Music,Canada,App
17,277.69,2022-08-09,C-44259536,Tra-970856,Travel,Mexico,Phone
5,261.36,2023-01-30,C-92010806,Aut-989585,Automotive,United States,Marketplace
5,6.41,2023-10-15,C-58207115,Mus-525172,Music,Australia,Store
12,42.36,2023-03-01,C-10353855,Boo-803272,Books,France,Phone
7,192.46,2024-05-07,C-43344687,Gar-583754,Garden,Switzerland,Phone
19,98.93,2022-10-29,C-06670976,Jew-299931,Jewelry,Germany,Web
6,90.62,2023-11-12,C-11498981,Hea-346332,Health,Sweden,Email
14,128.83,2025-09-02,C-04675267,Mus-838198,Music,Norway,Social Media
6,117.79,2025-11-20,C-04655309,Aut-129709,Automotive,United States,Web
10,6.23,2025-01-12,C-08845506,Spo-724723,Sports,Denmark,Email
13,431.9,2022-01-03,C-48219660,Spo-785500,Sports,Australia,Store
17,409.72,2022-04-08,C-99951237,Bea-928623,Beauty,Japan,Store
13,174.99,2022-03-18,C-93819002,Tra-715158,Travel,Canada,App
5,454.53,2024-10-19,C-85730245,Jew-654199,Jewelry,Norway,Marketplace
19,363.94,2022-02-13,C-81260270,Jew-632852,Jewelry,Australia,Phone
16,356.17,2022-11-14,C-19818284,Toy-122228,Toys,United States,Email
15,122.66,2023-12-30,C-83990482,Fur-992111,Furniture,Sweden,Social Media
11,498.53,2023-11-22,C-03077799,Clo-100371,Clothing,Italy,Web
8,29.29,2022-03-23,C-60323692,Ele-077220,Electronics,Denmark,Social Media
3,192.09,2024-06-09,C-36104271,Fur-269549,Furniture,Italy,Phone
9,375.31,2024-08-24,C-66049568,Boo-590353,Books,Netherlands,Store
16,220.9,2022-11-13,C-64838435,Hea-273406,Health,United States,Marketplace
8,292.35,2022-09-19,C-32186206,Ele-570854,Electronics,Italy,App
9,156.02,2024-05-05,C-06140306,Bea-804102,Beauty,Japan,Phone
10,329.61,2024-07-05,C-03077799,Boo-645101,Books,Italy,Store
4,247.72,2025-04-15,C-80272452,Off-769362,Office,Canada,Web
7,321.73,2024-01-07,C-86674277,Clo-422532,Clothing,Belgium,Phone
15,87.06,2023-10-04,C-29832082,Fur-858807,Furniture,Australia,Social Media
18,218.23,2024-03-10,C-12780542,Fur-111066,Furniture,United Kingdom,Store
3,223.46,2023-01-25,C-49819326,Bea-081991,Beauty,Germany,Social Media
19,353.25,2022-02-23,C-72966724,Tra-765090,Travel,Spain,Email
4,123.2,2024-03-11,C-07706214,Hea-723432,Health,France,Phone
8,202.53,2023-12-22,C-32024053,Ele-797515,Electronics,Poland,Web
15,21.6,2023-04-08,C-87914090,Jew-559365,Jewelry,Austria,Web
8,296.0,2024-01-20,C-85555041,Mus-530950,Music,Sweden,Marketplace
5,141.71,2023-11-22,C-12025094,Foo-857521,Food,Sweden,Social Media
16,195.21,2022-08-11,C-85555041,Ele-864383,Electronics,France,Store
18,438.51,2023-04-11,C-46590586,Off-267123,Office,Denmark,Phone
13,318.31,2024-08-17,C-84069645,Spo-943896,Sports,Denmark,Marketplace
13,457.32,2025-07-17,C-35700115,Jew-661421,Jewelry,Denmark,App
14,339.33,2022-05-22,C-27853549,Ele-896142,Electronics,Poland,Social Media
19,484.62,2024-11-11,C-73823713,Clo-939368,Clothing,Portugal,Marketplace
2,312.02,2025-10-30,C-72026020,Toy-021461,Toys,Germany,Email
15,168.67,2025-05-11,C-94779946,Hea-397587,Health,Australia,Phone
6,381.78,2023-06-30,C-04655309,Bea-003218,Beauty,Poland,Social Media
1,141.64,2022-03-06,C-14582549,Fur-364894,Furniture,Canada,Web
15,356.38,2025-01-17,C-95364434,Bea-064931,Beauty,Sweden,Phone
15,260.23,2025-06-21,C-12450349,Aut-937079,Automotive,Australia,Marketplace
12,41.26,2022-05-10,C-17074239,Ele-453104,Electronics,Switzerland,Marketplace
17,365.21,2022-05-26,C-14863834,Hea-004014,Health,Japan,Marketplace
9,147.92,2022-05-22,C-95370570,Ele-988797,Electronics,Germany,Email
17,247.94,2023-08-25,C-96319520,Ele-666524,Electronics,Australia,Email
7,50.8,2023-01-06,C-27728798,Mus-143704,Music,Spain,Marketplace
3,465.33,2023-04-07,C-03298924,Spo-197262,Sports,Netherlands,Marketplace
17,383.36,2025-09-01,C-79340041,Fur-088596,Furniture,Canada,App
2,92.99,2022-10-30,C-75310409,Boo-699831,Books,Brazil,Email
15,423.66,2022-11-26,C-37620194,Gar-090593,Garden,Canada,App
11,191.96,2024-02-16,C-85441923,Clo-833709,Clothing,Sweden,Phone
11,329.46,2023-04-07,C-78669599,Clo-941034,Clothing,Belgium,Phone
8,250.95,2025-01-08,C-33200552,Hea-725866,Health,Germany,Phone
2,72.95,2022-06-25,C-96899874,Jew-552404,Jewelry,Netherlands,App
18,446.12,2025-12-24,C-74765923,Hea-402633,Health,Australia,Social Media
10,183.16,2022-10-18,C-20120738,Off-833936,Office,Belgium,Store
7,31.44,2025-05-14,C-66447024,Bea-845280,Beauty,Australia,App
7,238.65,2022-04-06,C-07375902,Spo-569703,Sports,United Kingdom,Phone
1,136.6,2022-01-22,C-95370570,Fur-904053,Furniture,Denmark,App
14,420.37,2023-11-11,C-82983097,Bea-375484,Beauty,United Kingdom,Web
14,141.66,2022-07-26,C-73741620,Boo-266403,Books,Portugal,App
2,160.74,2024-08-11,C-65793662,Gar-110891,Garden,Poland,App
7,336.14,2025-09-08,C-73478428,Jew-328427,Jewelry,Switzerland,Web
4,334.42,2022-02-15,C-57589671,Hea-241216,Health,Netherlands,Social Media
3,305.37,2023-07-14,C-42435059,Foo-300670,Food,Australia,App
4,83.83,2024-06-15,C-83069633,Tra-297735,Travel,Brazil,Social Media
12,23.57,2024-09-27,C-92601313,Tra-526140,Travel,Brazil,Email
16,155.19,2024-03-19,C-14863834,Jew-993128,Jewelry,Netherlands,Email
3,487.32,2024-05-10,C-25388461,Jew-976362,Jewelry,Austria,Marketplace
19,395.12,2023-06-27,C-44561552,Jew-920282,Jewelry,Italy,Web
3,167.56,2023-02-11,C-65235738,Tra-933388,Travel,Brazil,Email
19,491.96,2022-12-06,C-31562395,Foo-454048,Food,Norway,App
14,219.39,2023-03-02,C-91611921,Aut-462497,Automotive,Canada,Phone
11,468.47,2024-10-20,C-17640864,Hea-270192,Health,Canada,Email
8,194.22,2024-11-24,C-85947324,Aut-684604,Automotive,Denmark,Phone
13,413.99,2022-09-05,C-96319520,Ele-698356,Electronics,Switzerland,Email
15,196.14,2024-09-11,C-88072442,Aut-549826,Automotive,United States,Marketplace
12,278.07,2023-07-17,C-08804410,Foo-201383,Food,Japan,Web
4,210.57,2024-04-07,C-17640864,Tra-822876,Travel,Poland,Web
13,236.11,2022-09-17,C-26931360,Mus-902761,Music,Brazil,Web
2,475.58,2022-05-10,C-54942359,Foo-035659,Food,Mexico,Marketplace
3,49.6,2024-05-18,C-01499930,Off-896563,Office,Belgium,App
7,193.76,2025-10-03,C-94561312,Foo-785548,Food,Spain,Social Media
17,25.01,2024-05-31,C-48219660,Jew-559437,Jewelry,Sweden,App
5,184.14,2024-01-20,C-46857022,Clo-203822,Clothing,Australia,Store
11,174.23,2023-07-26,C-14009990,Gar-905527,Garden,United Kingdom,Store
4,190.08,2023-07-02,C-24232452,Ele-482960,Electronics,United Kingdom,Store
2,250.68,2023-02-08,C-76810864,Aut-111626,Automotive,Spain,Phone
7,291.82,2024-02-13,C-89101666,Fur-534467,Furniture,Australia,Marketplace
19,218.89,2023-03-19,C-79340041,Toy-414274,Toys,Germany,Store
12,342.5,2025-03-27,C-31490891,Hea-891848,Health,Austria,Store
13,245.78,2025-12-23,C-01499930,Spo-865065,Sports,Canada,Social Media
16,115.24,2024-03-16,C-23912425,Hea-642812,Health,Italy,Marketplace
8,415.64,2024-11-23,C-31490891,Boo-232030,Books,Netherlands,Phone
13,148.31,2023-07-17,C-78758323,Jew-431681,Jewelry,Japan,Social Media
11,304.97,2022-05-11,C-54512617,Jew-332325,Jewelry,Switzerland,Web
14,290.36,2025-08-01,C-56171343,Mus-371357,Music,Japan,Phone
13,132.11,2024-03-06,C-92295932,Hea-874863,Health,France,Social Media
6,288.61,2022-09-12,C-36207775,Gar-877310,Garden,Italy,Marketplace
9,297.96,2022-11-30,C-85002220,Aut-281740,Automotive,Spain,Phone
17,160.84,2022-04-15,C-27407092,Toy-733203,Toys,Portugal,Store
12,162.39,2024-06-13,C-22834925,Foo-166097,Food,Portugal,App
7,421.07,2023-05-12,C-12376621,Off-388223,Office,United Kingdom,Phone
9,113.16,2025-09-11,C-36104271,Off-931416,Office,Austria,Store
1,248.74,2025-01-11,C-75123250,Ele-657285,Electronics,Netherlands,Store
13,447.69,2023-12-08,C-80839328,Spo-558068,Sports,Spain,App
17,35.44,2024-07-02,C-21964351,Foo-896692,Food,Netherlands,Email
9,9.78,2022-08-23,C-84984031,Fur-209090,Furniture,Portugal,Web
16,147.72,2025-12-25,C-19495025,Tra-208911,Travel,Sweden,Email
16,218.82,2022-08-14,C-56445786,Jew-954559,Jewelry,Netherlands,Store
10,289.44,2025-12-02,C-08804410,Spo-170970,Sports,Canada,Web
17,289.63,2024-11-30,C-52687437,Boo-540968,Books,Canada,Social Media
18,495.46,2024-12-07,C-14823370,Jew-870902,Jewelry,Poland,Store
11,303.6,2025-08-09,C-00221948,Jew-694868,Jewelry,Mexico,App
3,331.07,2022-02-11,C-78924248,Jew-339804,Jewelry,Brazil,Web
9,54.35,2022-05-10,C-33334129,Mus-601809,Music,Mexico,Phone
14,399.6,2022-04-27,C-48574985,Ele-911907,Electronics,United States,Marketplace
6,400.81,2024-08-06,C-48365033,Foo-205958,Food,Spain,Store
8,239.89,2025-05-27,C-29230901,Foo-620461,Food,Denmark,App
12,361.28,2025-02-01,C-23316927,Jew-695690,Jewelry,Sweden,Marketplace
12,481.05,2022-09-07,C-60259140,Clo-928541,Clothing,Japan,App
4,243.66,2023-01-17,C-43254822,Ele-984524,Electronics,Poland,App
3,35.6,2025-11-13,C-34187596,Tra-141444,Travel,Poland,Marketplace
17,239.88,2025-04-04,C-52165873,Clo-271161,Clothing,Australia,Email
3,78.15,2023-12-08,C-55597799,Gar-773710,Garden,Mexico,Marketplace
13,81.94,2023-03-25,C-13247287,Fur-423504,Furniture,Netherlands,Store
8,352.75,2025-09-30,C-91258005,Foo-733302,Food,Japan,Marketplace
10,240.05,2023-01-04,C-03016393,Spo-618616,Sports,United Kingdom,Web
1,283.74,2023-02-23,C-32317799,Foo-042497,Food,Netherlands,Web
2,254.25,2024-06-05,C-03989784,Ele-924329,Electronics,United States,App
13,75.99,2025-04-21,C-89572422,Spo-090859,Sports,Brazil,Marketplace
16,465.87,2024-04-14,C-95950020,Toy-905054,Toys,Australia,Web
6,437.63,2022-03-21,C-39719554,Bea-857364,Beauty,Switzerland,Marketplace
10,194.33,2024-09-18,C-68421440,Aut-027466,Automotive,Italy,Phone
14,379.53,2022-09-15,C-71703240,Foo-881228,Food,Mexico,Email
17,276.44,2024-02-13,C-44034970,Ele-943655,Electronics,Netherlands,Social Media
17,82.74,2024-09-14,C-33648030,Clo-618845,Clothing,Germany,App
18,405.18,2024-06-06,C-52687437,Gar-540136,Garden,Denmark,Web
5,252.48,2022-05-21,C-88131584,Mus-344693,Music,Denmark,App
7,251.98,2024-03-22,C-04759341,Aut-127950,Automotive,United Kingdom,Web
2,183.54,2025-08-10,C-95575943,Clo-770834,Clothing,Denmark,App
5,66.15,2025-02-01,C-44394558,Aut-976661,Automotive,Canada,Social Media
16,455.61,2022-10-19,C-88131584,Toy-074338,Toys,Switzerland,Email
7,400.74,2024-06-13,C-74514164,Clo-687368,Clothing,Spain,Store
12,484.32,2025-08-17,C-82799399,Gar-506443,Garden,Poland,Phone
13,302.5,2022-08-17,C-99178431,Ele-394427,Electronics,Australia,Store
13,124.81,2025-04-22,C-21047218,Clo-196769,Clothing,United Kingdom,Social Media
2,154.79,2024-11-05,C-78758323,Foo-334739,Food,United Kingdom,App
18,191.52,2023-09-22,C-33648030,Hea-497847,Health,Germany,Marketplace
17,67.69,2023-07-06,C-61295722,Off-480172,Office,Denmark,Social Media
18,377.65,2024-04-18,C-91848903,Off-875409,Office,Spain,App
9,53.65,2025-04-17,C-69919834,Gar-041695,Garden,Poland,Phone
7,237.15,2022-04-09,C-71703240,Gar-916792,Garden,Australia,Web
12,286.86,2024-10-27,C-29463459,Boo-036741,Books,Switzerland,App
17,305.32,2023-05-30,C-34043398,Tra-770631,Travel,United States,Phone
17,150.17,2024-10-16,C-89619648,Boo-463353,Books,Poland,Web
8,369.98,2022-04-02,C-04202589,Tra-285856,Travel,Belgium,Marketplace
3,374.24,2023-12-28,C-48365033,Clo-614675,Clothing,Germany,App
19,385.34,2023-12-05,C-95538520,Foo-622458,Food,Switzerland,Phone
7,340.88,2023-06-07,C-71354562,Clo-823052,Clothing,Denmark,Phone
19,374.05,2024-06-29,C-10353855,Gar-632103,Garden,Norway,Web
1,325.71,2025-06-26,C-12247689,Clo-201218,Clothing,Switzerland,Web
17,32.05,2025-02-19,C-87531984,Toy-387235,Toys,Netherlands,Marketplace
7,127.09,2024-12-25,C-83525743,Tra-867119,Travel,Norway,App
15,143.14,2022-06-15,C-28558128,Tra-472743,Travel,Germany,App
4,484.78,2023-09-27,C-93179907,Bea-368059,Beauty,Norway,Store
15,321.75,2023-02-24,C-16444729,Tra-945336,Travel,Belgium,Store
18,279.83,2023-09-08,C-48365033,Spo-319778,Sports,Denmark,App
2,115.67,2025-11-26,C-89047975,Gar-532435,Garden,Norway,Email
13,7.97,2025-06-26,C-53082079,Spo-865958,Sports,Brazil,Phone
6,42.62,2023-11-12,C-75123250,Boo-614376,Books,Italy,Marketplace
13,471.13,2024-05-27,C-80272452,Mus-836616,Music,Spain,Store
11,145.35,2023-02-17,C-13247287,Boo-304165,Books,Italy,Email
3,95.39,2023-02-21,C-16444729,Ele-269234,Electronics,France,App
19,458.14,2025-06-27,C-23489168,Boo-750542,Books,Canada,Social Media
9,358.21,2024-09-30,C-68110109,Bea-954140,Beauty,Belgium,Marketplace
2,130.22,2022-03-19,C-75123250,Boo-252266,Books,Austria,Web
4,201.56,2023-07-02,C-73741620,Hea-392825,Health,France,Marketplace
10,299.14,2025-06-01,C-66918517,Mus-493163,Music,Australia,Phone
3,168.99,2024-11-04,C-55290918,Boo-385759,Books,Canada,Phone
10,17.5,2022-05-09,C-88764007,Mus-008221,Music,Norway,Social Media
1,231.21,2022-11-27,C-16276701,Toy-165075,Toys,Germany,Phone
17,417.81,2024-01-07,C-72957339,Toy-301169,Toys,Norway,Email
1,464.21,2023-03-23,C-08303045,Fur-279207,Furniture,United Kingdom,Marketplace
7,93.3,2025-08-18,C-11133828,Foo-576611,Food,Belgium,Web
5,166.33,2023-05-06,C-48248138,Jew-488377,Jewelry,Italy,App
6,485.03,2023-12-14,C-85947324,Tra-488298,Travel,Sweden,Phone
12,181.13,2025-09-21,C-69723028,Gar-345587,Garden,Norway,App
7,273.26,2023-03-10,C-93572459,Gar-899633,Garden,United States,Store
2,246.89,2022-02-15,C-35169198,Spo-110729,Sports,Germany,Email
15,56.78,2023-01-28,C-99178431,Toy-107261,Toys,Brazil,Marketplace
4,274.74,2024-11-10,C-78446420,Tra-825468,Travel,Denmark,Social Media
5,15.68,2023-07-13,C-69850346,Off-797455,Office,Canada,Store
3,121.57,2022-02-07,C-11177777,Mus-774886,Music,Denmark,App
6,483.06,2022-12-23,C-49819326,Toy-194276,Toys,Mexico,Store
14,302.23,2025-08-07,C-58988585,Spo-227807,Sports,Poland,Web
4,456.74,2024-11-23,C-39200287,Hea-364935,Health,Switzerland,App
4,216.79,2023-02-04,C-11172808,Tra-417498,Travel,Austria,Marketplace
13,374.68,2025-06-10,C-27858217,Spo-826926,Sports,Denmark,Social Media
10,157.15,2023-12-08,C-00221948,Clo-096311,Clothing,Sweden,Store
5,368.36,2024-02-03,C-55290918,Aut-751684,Automotive,Mexico,App
14,344.77,2022-02-18,C-89619648,Hea-099377,Health,Canada,App
16,413.43,2024-08-31,C-09237099,Foo-140963,Food,Austria,Social Media
6,258.12,2025-04-08,C-12945345,Clo-788365,Clothing,Japan,Email
12,475.91,2022-03-21,C-53923828,Boo-816210,Books,United Kingdom,Phone
14,188.61,2022-09-09,C-96319520,Gar-901171,Garden,Sweden,Social Media
7,360.67,2025-03-07,C-03929539,Spo-050444,Sports,Norway,Web
10,345.24,2024-10-19,C-19495025,Jew-873092,Jewelry,Australia,Phone
17,150.39,2023-02-05,C-06140306,Spo-589403,Sports,Brazil,Email
17,58.55,2023-02-06,C-13324549,Toy-072751,Toys,France,Social Media
19,133.49,2022-10-17,C-14582549,Fur-636155,Furniture,France,Email
9,181.46,2022-09-13,C-73352991,Tra-540280,Travel,Netherlands,Social Media
9,242.11,2024-01-05,C-19336679,Foo-314124,Food,Netherlands,Phone
4,486.55,2022-01-02,C-47607714,Aut-905559,Automotive,Spain,Web
6,114.49,2023-02-10,C-26931360,Foo-659356,Food,Spain,Social Media
10,311.83,2024-12-18,C-44561552,Mus-878012,Music,Italy,Web
19,408.34,2023-12-14,C-16115109,Ele-690569,Electronics,United States,App
4,204.55,2023-05-11,C-99466366,Gar-818929,Garden,Denmark,Store
9,170.47,2024-01-14,C-72687598,Jew-884177,Jewelry,Mexico,Email
6,154.59,2025-01-12,C-95897450,Clo-057834,Clothing,Japan,Marketplace
5,213.86,2024-08-28,C-02638398,Foo-569415,Food,Denmark,App
15,136.36,2024-06-22,C-98797738,Gar-611639,Garden,Norway,Phone
2,193.43,2023-06-10,C-10353855,Gar-601062,Garden,United States,App
16,142.63,2022-06-06,C-78669599,Boo-483094,Books,Belgium,Store
13,357.7,2024-08-29,C-58631788,Bea-226870,Beauty,Belgium,Marketplace
16,134.54,2022-10-31,C-60323692,Clo-836800,Clothing,United Kingdom,Phone
1,36.33,2022-08-09,C-19336679,Ele-963775,Electronics,Denmark,Marketplace
17,403.36,2024-10-20,C-66796277,Gar-619421,Garden,Norway,Web
4,432.92,2023-02-25,C-83525743,Jew-439686,Jewelry,Belgium,App
12,407.39,2023-01-22,C-04082137,Fur-121222,Furniture,Mexico,App
5,168.79,2024-03-20,C-77391210,Spo-898731,Sports,Switzerland,Store
4,11.08,2025-09-22,C-93572459,Jew-359509,Jewelry,Japan,Email
2,111.32,2023-05-08,C-25868269,Gar-653295,Garden,Italy,Web
10,28.43,2025-12-11,C-33200552,Hea-219360,Health,Belgium,Web
4,138.7,2023-05-13,C-43320541,Tra-047136,Travel,Mexico,Social Media
13,430.91,2023-06-21,C-54942359,Boo-678108,Books,Belgium,Email
19,291.33,2025-08-22,C-35511467,Hea-877535,Health,Italy,Store
19,181.56,2024-11-27,C-38384646,Off-995320,Office,Denmark,Store
5,213.37,2023-09-13,C-66592869,Spo-137551,Sports,France,Store
10,368.53,2022-08-12,C-58207115,Aut-736926,Automotive,Canada,Store
12,414.96,2024-06-25,C-21047218,Tra-111549,Travel,France,Marketplace
5,225.02,2025-10-24,C-30786627,Mus-712199,Music,Denmark,Social Media
14,437.98,2025-11-14,C-34187596,Mus-047575,Music,Canada,Phone
5,241.27,2024-10-12,C-07680834,Gar-349125,Garden,United States,Marketplace
12,228.13,2024-01-18,C-89337463,Foo-159033,Food,Norway,Web
8,368.71,2025-09-11,C-89101666,Off-982341,Office,Austria,Marketplace
8,75.34,2022-12-24,C-44131482,Fur-697954,Furniture,Australia,Web
17,414.0,2022-03-05,C-40066424,Aut-451357,Automotive,Austria,App
16,143.18,2025-06-30,C-93179907,Jew-226409,Jewelry,Canada,Email
8,447.04,2024-01-17,C-07305300,Bea-260855,Beauty,Austria,Store
6,470.6,2025-08-05,C-95405257,Mus-013535,Music,Poland,Marketplace
2,147.38,2024-07-14,C-47614337,Mus-050977,Music,Poland,Phone
10,140.09,2024-09-10,C-84984031,Gar-669070,Garden,Australia,Marketplace
14,382.05,2024-08-29,C-69814469,Tra-345117,Travel,Sweden,Email
4,427.18,2022-01-21,C-03298924,Clo-887113,Clothing,United States,Store
7,229.19,2024-03-26,C-65189987,Tra-404659,Travel,Canada,App
13,257.36,2025-04-18,C-67734713,Tra-771640,Travel,Belgium,Email
12,118.33,2022-03-19,C-08397369,Gar-113248,Garden,Canada,Social Media
11,111.03,2024-12-14,C-13192293,Hea-316199,Health,United States,Marketplace
10,452.7,2022-04-29,C-12564518,Clo-630593,Clothing,Japan,Social Media
8,464.0,2024-09-20,C-99951237,Hea-869426,Health,Germany,Social Media
12,68.4,2025-04-12,C-86887776,Clo-732177,Clothing,United Kingdom,Marketplace
3,330.9,2025-05-29,C-27858217,Mus-737466,Music,Brazil,Phone
17,489.6,2024-02-29,C-69723028,Gar-147610,Garden,Switzerland,Social Media
5,112.37,2022-06-04,C-18110411,Bea-265972,Beauty,Poland,Social Media
5,219.85,2022-12-07,C-26931360,Clo-259683,Clothing,Poland,Store
12,423.71,2024-05-23,C-12247689,Foo-604832,Food,Brazil,Social Media
13,73.39,2024-07-10,C-71703240,Bea-796024,Beauty,Norway,Social Media
5,409.85,2023-03-05,C-69425350,Foo-278711,Food,Canada,Social Media
1,428.72,2024-01-10,C-07718924,Ele-049196,Electronics,Canada,Web
17,254.81,2025-11-22,C-07375902,Fur-974283,Furniture,United Kingdom,Store
5,64.21,2022-04-07,C-84984031,Tra-333039,Travel,Canada,Email
14,469.6,2025-05-14,C-28558128,Foo-472361,Food,Portugal,Email
1,296.5,2022-04-16,C-32024053,Foo-239958,Food,Mexico,Phone
13,317.55,2022-03-23,C-28655580,Off-724934,Office,France,Web
17,267.59,2023-04-23,C-12564518,Off-089674,Office,Netherlands,Email
1,178.78,2025-01-10,C-07706214,Boo-347161,Books,Sweden,Web
5,442.2,2022-01-16,C-08804410,Hea-802498,Health,Italy,Email
6,329.13,2023-12-28,C-84592199,Jew-654471,Jewelry,Belgium,Social Media
8,37.29,2025-03-26,C-29832082,Jew-927540,Jewelry,Denmark,Phone
13,473.28,2025-07-03,C-59473796,Hea-023007,Health,Denmark,Marketplace
19,251.47,2024-03-06,C-80434627,Clo-629713,Clothing,Canada,Social Media
3,482.5,2024-10-13,C-14362275,Fur-543716,Furniture,France,Social Media
19,480.43,2023-08-18,C-37620194,Mus-387802,Music,Italy,Email
19,235.98,2024-05-28,C-64838435,Fur-676183,Furniture,Poland,App
10,137.13,2023-02-09,C-69654804,Clo-949135,Clothing,United Kingdom,Social Media
14,355.43,2025-07-08,C-47614337,Toy-659741,Toys,Poland,Social Media
3,177.08,2024-02-18,C-43254822,Hea-766752,Health,Sweden,Store
11,489.14,2025-09-03,C-03797010,Fur-182424,Furniture,Poland,Web
19,403.35,2022-07-19,C-29004750,Foo-568486,Food,Italy,Phone
10,255.04,2025-11-28,C-68110109,Mus-976915,Music,Denmark,Email
13,458.14,2024-06-17,C-95192926,Hea-907850,Health,Brazil,Email
9,255.75,2022-06-02,C-94751185,Off-715739,Office,Norway,Email
1,446.83,2022-10-10,C-58207115,Toy-929163,Toys,Switzerland,Web
13,346.48,2022-12-30,C-46238432,Foo-071774,Food,Mexico,Phone
12,341.52,2025-02-06,C-07375902,Off-550513,Office,United States,Email
17,96.02,2022-01-08,C-76932090,Aut-688266,Automotive,Canada,Phone
3,78.0,2022-07-21,C-47607714,Hea-602942,Health,United States,Phone
4,342.83,2023-08-13,C-29004750,Tra-554478,Travel,United Kingdom,Social Media
18,363.15,2024-02-14,C-79109200,Fur-893483,Furniture,Sweden,Phone
17,423.18,2024-02-12,C-89337463,Fur-664757,Furniture,Belgium,Phone
7,298.87,2025-07-31,C-16552411,Spo-288951,Sports,Denmark,Marketplace
1,323.25,2025-01-03,C-54527481,Foo-441048,Food,Netherlands,Web
7,456.9,2022-09-25,C-61850780,Foo-926640,Food,Denmark,Social Media
13,195.7,2022-04-12,C-25814587,Boo-792769,Books,Italy,Marketplace
15,98.81,2023-03-05,C-51073307,Tra-344922,Travel,Portugal,App
11,11.26,2023-04-22,C-73478428,Fur-680294,Furniture,Brazil,Email
8,104.44,2023-09-01,C-33414707,Gar-712809,Garden,Italy,Social Media
3,182.83,2024-03-11,C-93572459,Gar-064695,Garden,Australia,Web
11,91.77,2024-10-02,C-08397369,Hea-848109,Health,Germany,Web
2,373.12,2022-06-03,C-00221948,Off-789486,Office,Portugal,Store
18,381.01,2025-07-07,C-01499930,Toy-916135,Toys,Japan,Social Media
5,303.78,2025-05-25,C-36207775,Foo-781533,Food,Brazil,Marketplace
5,196.98,2024-05-17,C-81092571,Off-144929,Office,Mexico,Store
18,412.1,2025-02-15,C-78669599,Boo-993991,Books,United States,Web
7,430.24,2023-07-23,C-73741620,Tra-702213,Travel,United States,Marketplace
1,13.35,2024-05-03,C-08397369,Spo-477211,Sports,Austria,Social Media
2,148.24,2024-03-21,C-32024053,Tra-534276,Travel,Norway,Marketplace
5,16.42,2024-06-30,C-52165873,Boo-359363,Books,Brazil,App
3,190.6,2023-06-01,C-04082137,Ele-952190,Electronics,United Kingdom,App
10,254.75,2025-04-27,C-16276701,Aut-980112,Automotive,Sweden,Social Media
10,76.28,2025-06-06,C-04082137,Ele-355585,Electronics,France,Email
9,80.08,2022-11-15,C-66540515,Hea-705609,Health,Japan,Email
17,142.93,2023-10-28,C-11172808,Jew-698458,Jewelry,Austria,App
8,54.38,2024-08-17,C-26183976,Ele-778817,Electronics,United States,Phone
17,87.05,2023-06-20,C-11985335,Spo-402363,Sports,United States,Email
16,109.41,2025-03-02,C-77391210,Jew-460878,Jewelry,Austria,Marketplace
2,119.15,2023-07-11,C-66447024,Boo-224201,Books,Japan,Web
12,257.59,2024-05-19,C-69654804,Foo-741536,Food,Denmark,Marketplace
1,419.56,2022-10-20,C-71703240,Spo-949981,Sports,France,Web
6,173.94,2024-08-09,C-26183976,Jew-738328,Jewelry,Italy,Email
14,262.14,2023-03-26,C-31733702,Toy-703515,Toys,Australia,Store
12,450.66,2025-06-13,C-20625702,Jew-363040,Jewelry,Germany,Social Media
14,390.64,2025-04-20,C-06670976,Ele-066481,Electronics,Norway,App
15,83.48,2023-10-01,C-52165873,Boo-884307,Books,Brazil,Marketplace
14,397.57,2023-10-01,C-00571789,Fur-944094,Furniture,Japan,Email
13,261.86,2022-03-04,C-53923828,Bea-414372,Beauty,Portugal,Web
18,86.69,2024-05-11,C-98797738,Ele-574902,Electronics,Denmark,App
10,195.08,2025-12-23,C-37282969,Jew-596125,Jewelry,Norway,Email
12,124.1,2024-12-28,C-36941673,Foo-366439,Food,Italy,Social Media
7,326.99,2023-05-30,C-76764761,Boo-782364,Books,Belgium,Email
7,402.24,2025-08-01,C-28875386,Clo-550130,Clothing,Italy,Marketplace
14,429.74,2023-11-10,C-56155330,Jew-370637,Jewelry,Spain,Store
7,397.14,2025-04-20,C-37619890,Gar-106901,Garden,Italy,Store
15,157.24,2024-12-05,C-58125275,Ele-057372,Electronics,Poland,Store
1,153.0,2025-10-28,C-31562395,Clo-742655,Clothing,Sweden,Marketplace
16,36.72,2022-05-22,C-16552411,Foo-008580,Food,Portugal,Email
10,258.72,2024-11-04,C-85645658,Tra-223640,Travel,Portugal,Web
16,117.97,2023-12-18,C-27853549,Ele-675206,Electronics,Italy,Phone
14,86.16,2025-02-17,C-63261242,Spo-255848,Sports,United States,Web
6,481.1,2024-12-07,C-48219660,Tra-418877,Travel,Japan,Web
8,274.22,2022-03-04,C-24254708,Tra-837493,Travel,Australia,Email
2,21.29,2022-03-11,C-46779506,Gar-917459,Garden,Belgium,App
7,51.64,2022-10-22,C-00571789,Fur-557500,Furniture,Austria,Phone
8,450.97,2025-11-18,C-14582549,Ele-054804,Electronics,Netherlands,Email
9,74.6,2023-03-17,C-49373053,Boo-116001,Books,Austria,Phone
10,105.83,2024-05-31,C-04857421,Ele-019051,Electronics,Sweden,App
1,442.38,2022-09-08,C-95897450,Ele-314455,Electronics,Norway,Email
17,433.06,2023-02-18,C-25388461,Tra-405118,Travel,Poland,Web
16,363.26,2024-04-10,C-43258668,Ele-820554,Electronics,Italy,Email
7,196.61,2025-03-01,C-12945345,Fur-633959,Furniture,Norway,Email
11,129.2,2025-07-13,C-34194127,Foo-507729,Food,United Kingdom,Store
6,159.17,2023-03-19,C-07674407,Off-616784,Office,Austria,Social Media
7,97.05,2024-09-27,C-69025898,Off-387593,Office,Brazil,Phone
15,229.37,2023-05-12,C-88764007,Hea-457310,Health,Switzerland,Phone
3,153.8,2025-02-08,C-75232822,Foo-288689,Food,Mexico,Phone
4,94.73,2024-12-21,C-44561552,Bea-532356,Beauty,Poland,Phone
16,395.91,2022-04-04,C-54087604,Bea-718681,Beauty,Norway,Store
4,31.17,2022-06-22,C-17074239,Mus-880197,Music,Spain,App
3,161.73,2022-11-23,C-28663874,Hea-651464,Health,Belgium,App
10,159.16,2025-03-18,C-77186257,Jew-609362,Jewelry,Spain,Store
12,434.55,2023-06-17,C-68849874,Foo-660867,Food,Norway,Marketplace
6,158.16,2023-01-07,C-78924248,Spo-737798,Sports,Australia,Marketplace
8,211.81,2024-05-31,C-03440880,Off-518806,Office,Belgium,Email
10,281.68,2023-02-19,C-46590586,Hea-778148,Health,Sweden,Marketplace
9,8.72,2022-08-04,C-64967803,Toy-980932,Toys,France,Web
2,443.64,2025-05-11,C-09075991,Fur-236166,Furniture,Japan,Store
11,77.95,2025-11-08,C-64967803,Clo-855572,Clothing,Sweden,Store
3,138.71,2023-12-24,C-95885847,Off-864210,Office,Italy,Store
14,43.68,2024-11-13,C-66049568,Hea-341958,Health,Sweden,Social Media
11,376.62,2023-01-01,C-83984056,Boo-959375,Books,Denmark,Phone
5,370.44,2023-09-13,C-76270600,Mus-328058,Music,Japan,Social Media
19,326.17,2022-04-01,C-43022236,Boo-955382,Books,United States,Store
11,434.8,2023-04-02,C-21964351,Hea-222684,Health,Portugal,Email
5,272.95,2024-04-03,C-88904378,Clo-956397,Clothing,Switzerland,Email
14,315.22,2024-04-23,C-41671136,Bea-854491,Beauty,Australia,Email
10,184.57,2022-03-25,C-18732299,Toy-613731,Toys,Mexico,Store
9,387.15,2024-08-03,C-07305300,Toy-593481,Toys,Netherlands,Email
11,314.84,2023-07-01,C-92010806,Toy-130859,Toys,Poland,Social Media
6,303.94,2024-01-01,C-66049568,Spo-460226,Sports,Netherlands,Web
17,322.92,2025-12-25,C-58207115,Spo-975862,Sports,Sweden,Phone
4,135.21,2023-07-03,C-45189196,Fur-629082,Furniture,Poland,Email
13,438.84,2024-04-15,C-78758323,Ele-675477,Electronics,Denmark,App
10,52.18,2024-07-11,C-11133828,Bea-346771,Beauty,Switzerland,Store
11,57.48,2024-12-02,C-19336679,Boo-208920,Books,Spain,Marketplace
13,11.15,2025-05-12,C-48042983,Gar-085875,Garden,Canada,Store
13,277.75,2022-11-29,C-64933370,Gar-331071,Garden,Netherlands,Web
4,236.17,2023-06-06,C-06670976,Gar-050765,Garden,United States,Web
19,71.52,2022-11-16,C-21493738,Gar-805262,Garden,Portugal,App
6,32.76,2022-04-16,C-87531984,Clo-942845,Clothing,Portugal,Marketplace
14,128.07,2024-06-02,C-52196791,Hea-890809,Health,Australia,Social Media
14,49.55,2024-09-27,C-63261242,Bea-440693,Beauty,United Kingdom,Marketplace
5,103.21,2024-10-20,C-95950020,Boo-556573,Books,Brazil,Email
9,57.48,2024-06-18,C-15627644,Mus-013228,Music,Denmark,Email
19,136.12,2023-04-10,C-32487120,Fur-567694,Furniture,Poland,Email
5,317.49,2023-08-04,C-87531984,Mus-692392,Music,Mexico,Marketplace
7,344.84,2025-01-01,C-24193676,Aut-409495,Automotive,Austria,Phone
14,427.11,2025-08-17,C-25814587,Bea-371461,Beauty,Netherlands,Store
15,60.2,2023-06-05,C-80730111,Boo-795420,Books,Spain,Phone
12,460.14,2024-11-22,C-50560434,Gar-720347,Garden,Austria,Email
16,183.5,2023-11-22,C-67124011,Boo-534662,Books,Denmark,Marketplace
9,89.71,2022-02-13,C-78669599,Off-862014,Office,Brazil,App
18,18.77,2025-09-23,C-10382808,Clo-473427,Clothing,Netherlands,Social Media
8,286.5,2022-04-11,C-76932090,Hea-086962,Health,United States,Email
15,55.7,2024-12-15,C-91258005,Aut-085060,Automotive,Germany,Social Media
18,143.34,2022-05-02,C-71354562,Toy-829560,Toys,Belgium,Marketplace
14,132.63,2022-12-24,C-29463459,Boo-732304,Books,Portugal,Social Media
4,369.39,2023-07-09,C-24825971,Off-570904,Office,Canada,Social Media
18,448.23,2022-08-02,C-40712411,Hea-153157,Health,Mexico,Social Media
6,282.22,2024-12-17,C-54942359,Jew-068547,Jewelry,Australia,App
5,16.25,2025-12-19,C-61223304,Fur-999258,Furniture,Spain,Store
9,414.86,2025-08-16,C-60259140,Off-715135,Office,France,Marketplace
18,13.75,2024-05-13,C-08084208,Fur-937919,Furniture,Brazil,Web
6,491.59,2023-01-25,C-27407092,Spo-342619,Sports,Netherlands,Marketplace
10,258.08,2023-01-26,C-91848903,Foo-222092,Food,Switzerland,Email
1,387.89,2022-07-19,C-15227782,Boo-604072,Books,Sweden,Email
13,163.83,2022-04-04,C-83896442,Jew-014665,Jewelry,Norway,Web
16,294.99,2025-12-14,C-32024053,Jew-707341,Jewelry,United States,Phone
5,7.42,2025-10-25,C-29227444,Spo-109484,Sports,United Kingdom,Social Media
9,278.01,2024-12-13,C-96899874,Hea-207746,Health,Switzerland,Social Media
15,233.53,2023-08-08,C-66049568,Hea-835732,Health,United Kingdom,Marketplace
15,288.95,2025-07-18,C-96638930,Foo-008995,Food,United States,Phone
5,45.84,2024-08-01,C-16115109,Toy-260999,Toys,Sweden,Phone
18,348.11,2023-04-19,C-43364015,Bea-170201,Beauty,Australia,Store
11,178.58,2023-03-19,C-30456182,Clo-079904,Clothing,Netherlands,Store
19,483.04,2025-03-13,C-04655309,Mus-011071,Music,Italy,Marketplace
18,286.47,2022-02-10,C-46238432,Bea-813630,Beauty,Switzerland,Phone
9,72.67,2022-05-31,C-73291975,Clo-136946,Clothing,Belgium,Marketplace
9,42.64,2022-09-29,C-44777025,Foo-199869,Food,Sweden,Web
8,453.41,2023-02-12,C-31562395,Boo-957948,Books,Austria,Marketplace
13,450.13,2024-12-19,C-31491448,Clo-388372,Clothing,Netherlands,Email
17,31.01,2025-08-07,C-44394558,Clo-873458,Clothing,Italy,Social Media
12,261.01,2023-06-16,C-28558128,Mus-577152,Music,Poland,Phone
15,328.46,2022-01-29,C-00716732,Bea-854617,Beauty,Belgium,Email
13,449.5,2022-02-16,C-96899874,Tra-126256,Travel,Austria,Web
16,27.18,2025-12-24,C-34756280,Boo-150496,Books,Belgium,Email
12,180.74,2023-07-24,C-98797738,Tra-203210,Travel,Italy,Web
19,325.78,2022-08-01,C-58858217,Foo-379862,Food,Poland,Phone
5,167.73,2024-05-13,C-03077799,Foo-912233,Food,Portugal,Web
13,276.13,2022-10-14,C-19336679,Gar-655879,Garden,Poland,Social Media
12,237.19,2024-09-19,C-78924248,Hea-804023,Health,Mexico,Email
10,229.76,2024-10-24,C-73741620,Spo-268310,Sports,Brazil,App
2,446.46,2024-08-24,C-77990744,Jew-923023,Jewelry,Mexico,Phone
19,329.27,2024-06-29,C-33971496,Off-326326,Office,Netherlands,Web
7,366.75,2023-04-27,C-30556313,Bea-607015,Beauty,United States,Store
11,249.07,2023-04-12,C-95192926,Hea-575706,Health,Italy,Web
6,69.83,2024-09-15,C-17074239,Aut-954297,Automotive,United Kingdom,Store
13,132.64,2023-11-10,C-17074239,Gar-287148,Garden,Brazil,Store
18,173.97,2023-07-04,C-89619648,Off-572154,Office,Netherlands,Web
2,354.44,2022-07-03,C-76764761,Clo-357796,Clothing,Netherlands,Store
8,406.12,2022-06-22,C-65680713,Jew-697129,Jewelry,France,Web
3,423.9,2023-12-16,C-35700115,Off-317107,Office,Portugal,Phone
11,426.84,2023-05-24,C-27206525,Aut-568658,Automotive,Germany,Phone
18,419.93,2025-03-21,C-24874629,Off-376125,Office,Netherlands,App
18,221.3,2022-06-27,C-25746750,Hea-665408,Health,Germany,Phone
9,407.63,2024-07-21,C-89619648,Jew-639986,Jewelry,Poland,App
9,307.77,2022-04-07,C-87914090,Bea-897762,Beauty,Norway,App
1,322.28,2025-09-01,C-08085231,Boo-142298,Books,Spain,App
17,440.56,2024-04-01,C-25868269,Boo-221407,Books,France,Email
16,110.24,2024-06-26,C-32681044,Aut-578079,Automotive,Canada,Phone
18,421.35,2022-03-18,C-73659733,Tra-290135,Travel,Germany,Store
16,253.78,2023-09-17,C-86752706,Clo-627579,Clothing,Norway,Phone
3,297.24,2024-02-22,C-95405257,Gar-314498,Garden,Sweden,Email
15,90.77,2023-01-20,C-28655580,Spo-480799,Sports,France,Email
2,50.1,2024-01-27,C-17640864,Off-433745,Office,Australia,Phone
15,166.38,2022-08-09,C-94751185,Boo-914966,Books,Austria,Web
15,204.85,2022-04-10,C-37389171,Jew-258326,Jewelry,Australia,Marketplace
9,496.42,2025-08-17,C-89619648,Spo-301417,Sports,Belgium,Store
11,186.89,2023-11-03,C-45178159,Jew-616865,Jewelry,Brazil,Social Media
2,334.48,2022-07-08,C-95950020,Foo-582906,Food,United Kingdom,Email
7,286.52,2022-06-07,C-88131584,Bea-301738,Beauty,Portugal,Phone
12,5.45,2024-04-02,C-83525743,Bea-996222,Beauty,Italy,Store
19,453.64,2025-11-30,C-43022236,Gar-835315,Garden,Italy,Social Media
3,407.45,2022-02-07,C-52196791,Spo-083187,Sports,Australia,Store
5,107.91,2024-06-13,C-36973153,Fur-356776,Furniture,United States,App
1,172.19,2024-05-05,C-85002220,Jew-989855,Jewelry,Canada,Social Media
6,468.37,2024-12-12,C-93572459,Hea-345140,Health,Germany,Marketplace
2,389.62,2023-04-07,C-33389851,Fur-714429,Furniture,Brazil,Phone
10,499.98,2022-05-02,C-57589671,Jew-651513,Jewelry,Sweden,App
11,167.55,2024-12-07,C-52165873,Foo-832459,Food,Japan,Phone
8,389.34,2022-04-16,C-77990744,Foo-941467,Food,Brazil,App
13,189.54,2025-12-01,C-21964351,Boo-943414,Books,Switzerland,Email
11,169.03,2022-04-21,C-28442622,Tra-205057,Travel,Germany,Phone
3,88.41,2025-11-05,C-88904378,Spo-605064,Sports,Brazil,Marketplace
18,61.77,2022-06-26,C-13838283,Gar-331005,Garden,Germany,Social Media
13,71.73,2024-03-13,C-64967803,Toy-794311,Toys,France,Web
11,337.8,2024-07-27,C-01878061,Hea-144499,Health,Japan,Web
14,44.8,2022-06-07,C-23111318,Aut-035696,Automotive,Canada,Marketplace
13,367.79,2023-11-02,C-63261242,Gar-513453,Garden,Netherlands,Store
18,345.81,2025-04-29,C-55290918,Jew-788520,Jewelry,Portugal,Store
10,190.47,2025-08-14,C-59610177,Fur-006442,Furniture,Spain,Web
17,418.41,2025-01-29,C-32317799,Toy-209616,Toys,Australia,Marketplace
8,420.42,2024-07-25,C-00571789,Aut-556206,Automotive,Austria,App
17,13.94,2025-01-18,C-19818284,Jew-051188,Jewelry,Spain,Store
10,155.19,2023-07-27,C-42531372,Off-971489,Office,France,Social Media
19,230.47,2022-03-06,C-96295925,Toy-861681,Toys,Austria,Email
12,419.51,2023-04-06,C-72026020,Hea-582337,Health,United Kingdom,Web
4,285.38,2023-11-26,C-46857022,Aut-668443,Automotive,Australia,Marketplace
18,286.23,2023-10-12,C-48042983,Aut-695437,Automotive,Denmark,Social Media
7,429.96,2023-02-13,C-69654804,Spo-347243,Sports,Switzerland,Phone
12,486.06,2024-10-31,C-36973153,Ele-060876,Electronics,Norway,Phone
11,160.23,2023-08-04,C-99178431,Boo-605269,Books,Denmark,Web
14,136.94,2025-03-16,C-18244574,Mus-744395,Music,Australia,App
1,167.57,2024-04-20,C-35863083,Fur-942066,Furniture,Mexico,Phone
14,103.9,2024-07-13,C-85002220,Tra-331757,Travel,Australia,App
15,403.14,2024-06-24,C-36207775,Aut-320750,Automotive,United Kingdom,App
11,29.85,2023-07-14,C-82193345,Aut-990747,Automotive,Mexico,App
6,217.86,2022-06-05,C-46238432,Spo-066657,Sports,United States,Marketplace
13,276.04,2024-01-07,C-27185779,Spo-930135,Sports,Germany,Marketplace
11,242.23,2025-06-18,C-11172597,Spo-973956,Sports,Mexico,Phone
19,153.74,2024-05-13,C-73659733,Ele-030892,Electronics,Germany,App
17,418.65,2024-07-28,C-31733702,Hea-266818,Health,Germany,Store
13,24.61,2023-04-06,C-35605602,Fur-880630,Furniture,Belgium,Marketplace
17,16.19,2022-01-12,C-94561312,Tra-827429,Travel,Canada,App
6,224.41,2022-08-01,C-68849874,Bea-845757,Beauty,United Kingdom,Phone
8,259.53,2025-09-07,C-92141302,Toy-952383,Toys,Portugal,App
9,184.44,2024-11-17,C-33334129,Bea-556814,Beauty,Australia,Web
8,16.67,2023-05-06,C-93819002,Clo-745663,Clothing,Belgium,Marketplace
11,495.6,2023-02-03,C-28252670,Tra-761662,Travel,Austria,Store
7,343.74,2025-12-18,C-07674407,Spo-680171,Sports,Denmark,Web
16,267.3,2025-01-04,C-85947324,Spo-238480,Sports,Germany,Marketplace
15,34.74,2023-10-28,C-08085231,Aut-752017,Automotive,United Kingdom,Store
1,269.99,2025-06-09,C-15627644,Toy-543070,Toys,Austria,Phone
10,197.97,2024-09-29,C-65347335,Tra-122380,Travel,Switzerland,Phone
8,307.74,2025-04-17,C-14989806,Boo-770053,Books,Poland,Marketplace
17,42.89,2025-06-11,C-81260270,Gar-614010,Garden,Portugal,Email
14,10.23,2022-02-07,C-63879404,Tra-428778,Travel,Netherlands,Social Media
12,470.55,2025-09-17,C-52687437,Off-261269,Office,Poland,Phone
3,65.71,2024-03-04,C-42531372,Spo-710110,Sports,Sweden,Social Media
10,183.59,2023-04-10,C-35605602,Fur-834414,Furniture,Italy,Web
13,431.96,2022-12-21,C-04388288,Boo-925919,Books,United States,Phone
14,145.75,2022-03-10,C-69919834,Clo-714949,Clothing,Portugal,Social Media
9,474.06,2023-03-03,C-69850346,Tra-320891,Travel,Belgium,Phone
14,75.45,2023-06-17,C-55696698,Foo-204943,Food,Italy,Phone
6,329.78,2024-12-17,C-51629298,Boo-753621,Books,United States,Marketplace
1,386.01,2024-12-18,C-14348130,Jew-617475,Jewelry,Spain,Marketplace
7,486.53,2025-04-12,C-86452949,Aut-724634,Automotive,France,Social Media
15,268.17,2025-06-13,C-16444729,Toy-469079,Toys,France,Email
19,487.92,2023-08-25,C-27728798,Gar-221779,Garden,Norway,Email
12,166.86,2023-07-13,C-94752604,Spo-792834,Sports,Italy,Social Media
4,417.83,2024-11-25,C-47831844,Aut-366716,Automotive,Norway,Web
11,472.86,2024-10-29,C-28506804,Clo-050133,Clothing,United Kingdom,Social Media
18,270.01,2025-03-06,C-23316927,Hea-963176,Health,Germany,Store
8,79.49,2023-09-14,C-44259536,Foo-914784,Food,Switzerland,Email
7,128.93,2024-04-21,C-30786627,Hea-010119,Health,Austria,Web
6,447.4,2023-08-20,C-90940416,Tra-474866,Travel,Netherlands,Social Media
11,378.99,2022-01-20,C-65235738,Toy-979436,Toys,Canada,App
3,490.57,2022-01-20,C-85780309,Fur-537006,Furniture,Netherlands,Web
14,342.39,2022-05-06,C-96899874,Tra-585906,Travel,Sweden,Email
11,276.64,2023-02-06,C-87914090,Mus-896665,Music,France,Phone
10,175.99,2024-05-16,C-50169180,Tra-046333,Travel,Australia,App
15,22.37,2022-12-13,C-16444729,Ele-274084,Electronics,Mexico,Store
17,223.17,2023-11-30,C-93712739,Jew-511793,Jewelry,Switzerland,Marketplace
11,58.56,2022-01-29,C-36207775,Tra-031574,Travel,Norway,Store
18,42.08,2022-08-19,C-92295932,Jew-938734,Jewelry,Germany,Phone
7,433.64,2022-06-25,C-23912425,Aut-072466,Automotive,Switzerland,App
15,122.41,2023-02-11,C-54527481,Hea-635696,Health,Sweden,Marketplace
1,185.39,2022-09-28,C-88904378,Tra-169052,Travel,Poland,Email
1,425.54,2025-08-19,C-72687598,Boo-331732,Books,Brazil,Email
7,310.46,2023-11-15,C-50169180,Foo-451153,Food,Japan,Social Media
17,443.02,2023-03-22,C-95950020,Toy-400281,Toys,France,Social Media
1,40.35,2022-06-01,C-31491448,Fur-026813,Furniture,Brazil,Phone
19,30.9,2025-02-10,C-28875386,Ele-276218,Electronics,Mexico,Web
2,37.33,2022-11-25,C-96638930,Clo-304205,Clothing,Netherlands,Store
3,190.32,2025-03-22,C-02638398,Tra-476321,Travel,United Kingdom,Marketplace
18,91.04,2025-01-03,C-88131584,Off-322111,Office,Denmark,Phone
3,238.44,2023-06-14,C-43310463,Foo-368984,Food,Belgium,Marketplace
3,38.38,2024-08-14,C-30556313,Clo-456143,Clothing,Netherlands,Web
7,407.35,2025-09-11,C-93354569,Foo-749998,Food,Brazil,Email
14,454.54,2022-04-23,C-29230901,Bea-557816,Beauty,United Kingdom,Store
2,83.41,2023-07-11,C-00341776,Ele-182218,Electronics,Netherlands,Social Media
9,240.02,2022-12-15,C-47607714,Foo-703309,Food,Brazil,Social Media
9,247.2,2024-08-07,C-17640864,Tra-173325,Travel,Japan,Store
9,306.85,2024-01-27,C-72893017,Hea-545050,Health,Portugal,Store
6,289.92,2024-11-25,C-52196791,Hea-156685,Health,Italy,Marketplace
1,189.53,2023-04-15,C-73741620,Off-901584,Office,Mexico,App
6,469.84,2022-01-24,C-16552411,Boo-391910,Books,Australia,App
9,127.9,2022-12-16,C-39719554,Aut-190414,Automotive,Germany,Phone
2,248.27,2025-09-26,C-67555445,Off-075219,Office,Spain,Store
17,451.95,2025-04-01,C-59357876,Gar-959609,Garden,Netherlands,App
3,139.08,2023-02-26,C-25479673,Toy-278318,Toys,Brazil,Email
19,151.2,2023-12-19,C-29004750,Spo-697890,Sports,Denmark,Phone
14,182.93,2023-05-14,C-25868269,Off-471596,Office,Poland,Web
16,449.31,2025-07-27,C-09095261,Aut-519149,Automotive,Netherlands,Email
11,455.12,2023-07-01,C-24825971,Bea-089212,Beauty,Portugal,Web
11,199.56,2022-09-24,C-89337463,Jew-399195,Jewelry,Netherlands,Marketplace
11,66.03,2023-10-18,C-74514164,Bea-245090,Beauty,Norway,Store
9,433.06,2023-09-27,C-28442622,Boo-050841,Books,Norway,Web
5,444.62,2022-02-11,C-03440880,Off-111359,Office,Canada,Store
18,132.59,2025-02-21,C-98578568,Hea-160265,Health,Italy,App
12,446.58,2023-03-23,C-46779506,Bea-617088,Beauty,Denmark,Social Media
11,316.91,2023-01-02,C-52687437,Bea-179739,Beauty,United States,Social Media
1,137.13,2023-09-25,C-63261242,Spo-720831,Sports,Brazil,Marketplace
14,318.31,2025-10-27,C-03074311,Mus-159855,Music,Japan,Phone
18,77.87,2023-08-12,C-85002220,Toy-288540,Toys,Portugal,App
19,76.68,2023-03-14,C-08085231,Mus-841790,Music,Norway,Store
5,59.06,2025-06-18,C-58623748,Toy-419390,Toys,Portugal,Phone
1,68.78,2023-03-23,C-89337463,Tra-028919,Travel,Germany,Store
15,407.1,2023-05-12,C-36104271,Off-358439,Office,Poland,Social Media
6,328.8,2023-04-11,C-89101666,Toy-643398,Toys,Portugal,Web
8,398.47,2025-05-10,C-12450349,Off-015873,Office,Belgium,App
18,219.09,2025-04-15,C-35511467,Ele-407272,Electronics,Norway,Marketplace
1,358.15,2022-12-30,C-88904378,Clo-944634,Clothing,Belgium,Marketplace
18,217.07,2024-04-24,C-98325575,Off-654657,Office,France,Store
14,267.88,2024-01-13,C-77990744,Ele-873008,Electronics,Netherlands,Marketplace
5,353.43,2024-05-04,C-53082079,Bea-974430,Beauty,Australia,Marketplace
11,149.19,2022-01-17,C-76264318,Hea-203073,Health,Australia,Store
15,436.42,2024-07-03,C-87531984,Boo-106370,Books,Spain,Phone
15,81.12,2023-12-29,C-32186206,Mus-594633,Music,Spain,Email
10,436.54,2024-09-26,C-12247689,Off-636782,Office,Sweden,Marketplace
8,220.79,2023-10-07,C-45237494,Off-294951,Office,Netherlands,Email
12,226.4,2023-02-15,C-74975237,Foo-450536,Food,Mexico,Web
3,166.37,2024-03-14,C-89619648,Bea-627623,Beauty,Norway,Social Media
9,304.99,2025-03-21,C-21013148,Spo-817028,Sports,Portugal,Social Media
6,160.61,2025-04-12,C-17074239,Fur-576495,Furniture,France,App
11,416.86,2024-12-25,C-84069645,Tra-326567,Travel,Belgium,App
5,115.17,2022-05-08,C-27458375,Mus-995697,Music,United Kingdom,Store
14,51.06,2023-06-19,C-23562036,Aut-629145,Automotive,Mexico,Phone
18,366.27,2022-02-26,C-75123250,Toy-721782,Toys,Mexico,Web
15,301.4,2024-05-05,C-23562036,Tra-259256,Travel,Japan,Social Media
8,275.62,2022-08-08,C-04082137,Off-209901,Office,United States,App
3,265.69,2023-11-11,C-94561312,Jew-789879,Jewelry,United States,Marketplace
17,195.81,2024-12-20,C-75021103,Fur-161268,Furniture,Sweden,Store
16,461.95,2022-04-22,C-21815651,Jew-091913,Jewelry,Australia,Web
8,419.44,2024-08-09,C-24254708,Bea-715326,Beauty,Norway,Email
2,92.25,2023-02-02,C-06140306,Mus-574123,Music,Sweden,Marketplace
15,172.07,2025-10-23,C-37792256,Gar-188086,Garden,Denmark,Marketplace
12,85.73,2024-01-02,C-60259140,Spo-551913,Sports,Italy,Email
16,439.0,2023-02-21,C-27185779,Gar-562358,Garden,Portugal,Email
3,34.5,2024-10-30,C-93179907,Spo-077254,Sports,Belgium,Email
1,389.64,2023-11-08,C-11172597,Fur-495515,Furniture,Australia,Store
12,163.71,2025-01-04,C-33648030,Tra-865504,Travel,Switzerland,Social Media
5,227.52,2024-01-08,C-74514164,Fur-169425,Furniture,France,App
19,263.37,2024-01-16,C-24193676,Mus-130529,Music,Japan,Store
15,208.34,2022-11-03,C-24232452,Clo-267500,Clothing,United Kingdom,Email
13,187.14,2025-05-16,C-25814587,Foo-897724,Food,France,Marketplace
10,468.15,2022-08-19,C-37619890,Foo-111287,Food,Australia,App
16,490.07,2023-12-08,C-73541394,Bea-200931,Beauty,Canada,Social Media
11,307.05,2025-09-16,C-52729045,Toy-377403,Toys,Denmark,Email
10,194.06,2022-10-27,C-56445786,Boo-678395,Books,Netherlands,Social Media
3,467.15,2025-12-30,C-54512617,Tra-415428,Travel,Italy,Web
10,177.32,2024-07-30,C-16276701,Tra-890567,Travel,United States,Social Media
15,184.14,2022-11-04,C-44259536,Ele-787952,Electronics,Portugal,Email
11,474.86,2025-10-29,C-58125275,Aut-002131,Automotive,France,Phone
3,155.07,2024-12-27,C-28481406,Toy-995311,Toys,Canada,App
6,353.72,2025-03-04,C-22579567,Mus-834284,Music,Switzerland,Marketplace
5,210.96,2025-01-23,C-27458375,Hea-292273,Health,Denmark,Phone
3,119.48,2025-06-21,C-45499076,Ele-841753,Electronics,Italy,Phone
16,410.7,2023-11-10,C-95405257,Clo-070679,Clothing,Portugal,Phone
1,412.18,2024-08-15,C-44034970,Toy-082984,Toys,United States,Marketplace
16,331.84,2023-09-21,C-42435059,Mus-244432,Music,United Kingdom,Email
16,479.42,2024-11-12,C-29227444,Fur-237876,Furniture,United States,Store
4,215.99,2025-05-01,C-21013148,Off-683763,Office,Brazil,Social Media
1,487.73,2023-06-23,C-58263729,Off-183377,Office,Mexico,Store
10,391.64,2023-05-04,C-16552411,Gar-720227,Garden,Mexico,Store
4,244.93,2023-11-05,C-35991775,Toy-926598,Toys,Australia,Phone
3,306.14,2025-06-18,C-80839328,Mus-485822,Music,Germany,App
12,320.45,2022-06-01,C-03074311,Fur-166651,Furniture,Switzerland,Social Media
9,468.3,2022-08-31,C-06670976,Boo-060139,Books,Canada,Social Media
18,18.28,2022-09-06,C-29463459,Ele-703645,Electronics,Canada,Marketplace
1,459.82,2022-10-24,C-24193676,Boo-709602,Books,Belgium,Marketplace
2,188.7,2025-06-30,C-59637217,Aut-200446,Automotive,Portugal,Email
5,115.35,2024-12-03,C-24232452,Boo-964367,Books,Italy,Web
10,386.5,2024-12-26,C-95405257,Foo-647593,Food,Australia,App
10,114.82,2024-05-16,C-25479673,Hea-002899,Health,Mexico,App
9,97.19,2025-04-01,C-78446420,Gar-143960,Garden,Netherlands,Social Media
17,229.97,2024-11-20,C-42435059,Clo-870889,Clothing,United Kingdom,Email
8,361.04,2022-12-05,C-64933370,Spo-747251,Sports,Brazil,Web
16,255.1,2023-12-11,C-34187596,Bea-761106,Beauty,France,App
10,235.67,2024-01-27,C-29227444,Boo-882772,Books,Australia,Web
16,121.25,2023-12-08,C-35700115,Boo-782375,Books,Italy,Store
1,134.67,2025-10-18,C-27185779,Mus-201882,Music,Canada,Email
9,77.78,2023-07-25,C-02885459,Tra-460723,Travel,Denmark,Social Media
3,451.43,2023-04-25,C-08303045,Mus-117652,Music,Australia,Marketplace
9,495.64,2023-04-25,C-99336445,Tra-328016,Travel,Japan,Store
8,106.17,2022-10-15,C-48219660,Spo-324270,Sports,Mexico,Email
2,224.06,2023-02-28,C-32186206,Spo-828376,Sports,Australia,Marketplace
19,125.35,2024-05-02,C-28252670,Gar-334684,Garden,Sweden,Marketplace
17,437.53,2025-09-26,C-73659733,Ele-011398,Electronics,Belgium,App
6,217.74,2023-04-18,C-71666979,Mus-319154,Music,Canada,Marketplace
10,408.85,2022-11-01,C-76932090,Toy-841419,Toys,United States,Marketplace
16,356.86,2023-04-28,C-98578568,Clo-970091,Clothing,United States,Email
19,350.75,2025-09-02,C-01878061,Ele-705122,Electronics,Denmark,Marketplace
16,448.09,2024-02-01,C-72957339,Foo-493580,Food,Netherlands,Web
16,158.64,2023-05-04,C-65189987,Clo-230481,Clothing,Denmark,App
16,164.47,2022-11-10,C-40816416,Aut-058548,Automotive,Norway,Marketplace
19,368.12,2022-03-21,C-14863834,Bea-462405,Beauty,France,Web
2,388.88,2023-03-08,C-46238432,Mus-154987,Music,Norway,Store
11,278.75,2025-05-18,C-54512617,Off-157013,Office,Mexico,Store
11,44.59,2022-03-22,C-02638398,Foo-979455,Food,Poland,Store
9,95.78,2023-08-30,C-59804289,Tra-170727,Travel,Belgium,Marketplace
6,297.74,2025-03-13,C-11593189,Mus-880258,Music,Portugal,Store
3,77.37,2022-03-21,C-08397369,Clo-089027,Clothing,Canada,Email
12,155.49,2024-12-04,C-35991775,Gar-039320,Garden,Portugal,Phone
12,489.65,2024-12-07,C-71679333,Gar-172619,Garden,Brazil,Marketplace
6,358.77,2022-04-15,C-12564518,Bea-227620,Beauty,Germany,App
15,406.5,2024-06-11,C-99882419,Gar-504893,Garden,Sweden,Email
4,73.8,2022-05-10,C-29463459,Foo-311535,Food,Belgium,Social Media
16,22.26,2022-10-09,C-38384646,Ele-946217,Electronics,France,Social Media
6,267.94,2024-02-25,C-38567964,Hea-459776,Health,Sweden,Store
9,144.13,2023-04-29,C-52687437,Mus-516806,Music,Norway,Phone
19,315.08,2025-11-05,C-42531372,Toy-765863,Toys,Netherlands,Social Media
14,36.0,2024-09-22,C-76810864,Tra-632569,Travel,Brazil,Web
5,78.28,2024-12-29,C-05085836,Jew-736129,Jewelry,Italy,App
4,98.25,2023-09-24,C-03989784,Spo-820340,Sports,Spain,Marketplace
7,485.05,2023-03-08,C-80434627,Gar-303799,Garden,France,Social Media
5,454.89,2023-06-25,C-83990482,Clo-061469,Clothing,Poland,Email
11,300.08,2024-09-16,C-14823370,Tra-874838,Travel,France,Web
8,249.35,2022-09-21,C-32317799,Foo-334343,Food,Canada,Email
10,130.19,2025-02-05,C-96295925,Boo-147406,Books,Brazil,Web
14,130.6,2024-02-27,C-07674407,Aut-803142,Automotive,Mexico,Email
11,435.45,2022-10-20,C-35511467,Clo-051506,Clothing,United Kingdom,Email
18,158.9,2024-03-20,C-33971496,Off-682934,Office,Austria,Marketplace
19,97.75,2025-09-29,C-04202589,Mus-548468,Music,Denmark,Web
9,340.54,2023-11-20,C-35862539,Off-410273,Office,United Kingdom,Email
12,69.39,2023-12-03,C-76764761,Mus-650889,Music,Norway,App
9,120.07,2024-03-13,C-41671136,Jew-461728,Jewelry,Poland,Web
11,251.46,2024-11-16,C-63261242,Gar-736669,Garden,Poland,Store
7,107.15,2022-11-11,C-75232822,Off-037447,Office,Italy,Store
17,58.66,2025-04-14,C-55696698,Tra-082399,Travel,Austria,Phone
6,282.51,2023-03-11,C-28252670,Spo-164008,Sports,Norway,Social Media
6,43.6,2023-10-23,C-13838283,Mus-961744,Music,Denmark,Web
10,282.69,2025-03-07,C-42531372,Jew-021545,Jewelry,Belgium,Email
12,452.07,2025-07-04,C-82193345,Boo-465286,Books,United Kingdom,App
5,161.91,2024-10-11,C-84862724,Aut-696930,Automotive,Denmark,Web
14,453.46,2025-12-12,C-41671136,Aut-764001,Automotive,Portugal,App
2,400.05,2022-09-05,C-64967803,Fur-603681,Furniture,Switzerland,Email
3,349.44,2025-06-28,C-43364015,Spo-979613,Sports,Italy,Phone
18,432.72,2024-09-12,C-55290918,Hea-450518,Health,Spain,Marketplace
18,238.53,2024-12-06,C-82799399,Aut-609803,Automotive,Austria,Social Media
14,43.16,2025-05-31,C-66796277,Clo-132468,Clothing,Portugal,Email
18,223.88,2023-09-06,C-28616400,Spo-241790,Sports,Netherlands,Phone
1,172.1,2024-03-11,C-29463459,Fur-657326,Furniture,Belgium,Store
5,118.61,2024-09-22,C-65347335,Jew-938879,Jewelry,Austria,Phone
17,466.93,2025-12-08,C-36973153,Bea-161040,Beauty,Mexico,Email
7,382.05,2025-08-24,C-85460227,Fur-875397,Furniture,Norway,Phone
12,205.84,2024-04-20,C-23912425,Ele-280274,Electronics,Switzerland,Web
14,370.1,2022-11-24,C-48732589,Fur-179346,Furniture,United Kingdom,Marketplace
2,151.01,2025-10-05,C-98797738,Mus-597960,Music,Australia,Web
19,277.13,2025-09-22,C-94751185,Ele-310528,Electronics,United Kingdom,Store
6,83.64,2023-03-26,C-55521351,Bea-530270,Beauty,Brazil,Store
5,207.55,2024-03-07,C-69752771,Hea-648751,Health,Netherlands,Social Media
16,420.56,2022-01-12,C-03077799,Gar-047321,Garden,Germany,Email
16,291.49,2022-09-17,C-23912425,Boo-947462,Books,Spain,Web
14,337.63,2024-07-18,C-40759502,Aut-639168,Automotive,France,Email
7,248.55,2024-01-16,C-09537008,Bea-596709,Beauty,Denmark,Web
3,359.39,2025-06-30,C-73659733,Mus-447653,Music,Brazil,Store
11,471.1,2024-06-08,C-68421440,Boo-762188,Books,France,Store
2,107.18,2023-09-25,C-31733702,Boo-532141,Books,Denmark,Store
4,242.96,2023-02-28,C-11498981,Foo-417465,Food,Italy,Store
1,225.06,2023-09-24,C-53082079,Fur-539701,Furniture,Canada,Email
9,387.5,2024-05-20,C-89572422,Fur-760985,Furniture,Japan,Store
15,301.75,2024-04-17,C-14582549,Jew-553623,Jewelry,Sweden,Phone
17,386.33,2022-01-27,C-61453651,Hea-775114,Health,Switzerland,Marketplace
1,465.15,2023-09-25,C-21047218,Hea-663735,Health,Canada,Web
15,417.18,2023-11-25,C-50907432,Boo-645758,Books,Brazil,Store
3,141.12,2025-09-26,C-55597799,Toy-922238,Toys,Belgium,Web
16,44.8,2024-08-12,C-28481406,Spo-340665,Sports,Poland,Web
16,265.69,2023-08-29,C-91848903,Gar-905904,Garden,United States,Phone
2,221.55,2023-03-19,C-12247689,Clo-247434,Clothing,Norway,Marketplace
12,191.35,2023-07-18,C-16276701,Toy-517884,Toys,Mexico,Phone
18,160.47,2025-02-03,C-86452949,Hea-282562,Health,Canada,Phone
6,51.37,2023-08-27,C-95364434,Clo-159950,Clothing,Switzerland,App
9,21.71,2024-10-30,C-48888222,Spo-044223,Sports,Mexico,Web
15,143.13,2025-11-17,C-32317799,Gar-514207,Garden,Germany,Phone
8,264.22,2023-11-06,C-85780309,Gar-426918,Garden,Mexico,Marketplace
5,305.5,2023-05-09,C-65680713,Tra-049187,Travel,Portugal,Store
8,408.65,2023-02-13,C-11593189,Mus-886073,Music,Netherlands,App
5,167.84,2024-08-28,C-65793662,Tra-028108,Travel,France,App
9,493.17,2023-08-20,C-03016393,Toy-296591,Toys,United Kingdom,Phone
1,55.58,2024-06-27,C-80730111,Spo-782249,Sports,France,Marketplace
14,156.57,2024-03-04,C-46857022,Foo-610598,Food,Netherlands,Email
1,277.44,2024-10-30,C-63062112,Mus-120517,Music,Switzerland,Marketplace
9,435.75,2025-08-21,C-88131584,Spo-143076,Sports,Mexico,Marketplace
19,307.7,2025-11-22,C-46590586,Fur-800261,Furniture,Switzerland,Store
13,370.35,2023-11-14,C-38567964,Mus-579766,Music,Sweden,Social Media
11,454.62,2025-10-10,C-59357876,Tra-864856,Travel,Italy,Email
6,438.31,2022-07-26,C-73741620,Bea-686355,Beauty,Spain,Social Media
1,423.71,2023-02-19,C-55546816,Ele-059036,Electronics,United Kingdom,Email
9,270.99,2024-07-02,C-36207775,Clo-392002,Clothing,Japan,Phone
14,357.46,2023-02-22,C-24874629,Gar-321720,Garden,Austria,Store
8,22.22,2024-04-28,C-99336445,Hea-274282,Health,Portugal,Store
11,117.17,2022-07-15,C-80410341,Hea-621075,Health,Poland,Social Media
9,146.6,2025-07-04,C-01425733,Off-013327,Office,Italy,Web
2,5.79,2023-01-07,C-53923828,Aut-532938,Automotive,France,App
15,485.48,2022-11-18,C-46590586,Aut-113850,Automotive,Mexico,Marketplace
19,382.68,2022-11-17,C-71679333,Spo-861052,Sports,France,Web
3,109.79,2024-09-13,C-34187596,Aut-310499,Automotive,Norway,Store
12,283.82,2025-08-22,C-11985335,Off-697698,Office,Brazil,Store
13,132.37,2022-01-03,C-45499076,Boo-832500,Books,Poland,App
1,90.05,2023-06-14,C-11593189,Aut-577652,Automotive,Brazil,Marketplace
18,154.01,2022-07-22,C-58125275,Mus-448820,Music,Germany,Phone
3,360.13,2022-06-21,C-75232822,Foo-175010,Food,Belgium,Phone
14,115.58,2025-04-28,C-73541394,Off-944746,Office,United States,Phone
13,131.81,2023-05-14,C-09075991,Spo-396100,Sports,Brazil,Marketplace
17,443.12,2023-09-17,C-04388288,Bea-475009,Beauty,Switzerland,Phone
15,167.55,2024-01-02,C-85270860,Mus-488443,Music,France,Email
17,154.11,2024-10-18,C-39312362,Fur-427283,Furniture,Norway,Store
11,90.41,2025-04-26,C-85555041,Fur-655683,Furniture,Australia,Marketplace
17,399.12,2024-04-18,C-82924856,Boo-596432,Books,Spain,Email
5,452.48,2024-01-11,C-39200287,Fur-722382,Furniture,Brazil,Store
1,485.84,2023-09-08,C-61635242,Bea-791374,Beauty,Mexico,Marketplace
19,310.18,2023-02-27,C-97457004,Aut-178074,Automotive,Italy,Social Media
11,430.79,2023-02-02,C-94779946,Boo-947494,Books,Brazil,App
19,186.79,2024-12-28,C-30456182,Spo-861356,Sports,United States,Marketplace
9,250.61,2022-11-18,C-89665842,Off-756846,Office,United States,Web
5,21.74,2023-04-16,C-48732589,Mus-736051,Music,Denmark,Email
14,254.95,2022-03-30,C-40759502,Aut-108086,Automotive,Italy,Marketplace
14,496.79,2023-07-15,C-36312598,Spo-093978,Sports,Australia,Phone
7,207.28,2023-02-24,C-89619648,Tra-146153,Travel,Japan,Email
3,497.42,2025-08-09,C-94561312,Tra-718929,Travel,Norway,Web
19,104.91,2023-10-20,C-73823713,Aut-276616,Automotive,Brazil,Marketplace
16,487.74,2024-01-19,C-93572459,Fur-563187,Furniture,Belgium,Marketplace
13,288.09,2022-02-03,C-83984056,Ele-594954,Electronics,Italy,Marketplace
14,289.59,2022-09-22,C-33200552,Boo-124716,Books,Australia,Phone
13,124.02,2024-11-01,C-75123250,Gar-935641,Garden,Spain,Phone
7,438.34,2023-03-13,C-25868269,Tra-926873,Travel,Netherlands,App
8,391.32,2024-01-04,C-79340041,Spo-919778,Sports,Canada,Social Media
6,300.77,2024-12-09,C-85441923,Foo-130806,Food,Austria,Marketplace
13,74.21,2024-01-05,C-19818284,Mus-641125,Music,Mexico,Web
2,182.19,2025-06-10,C-11593189,Tra-927918,Travel,Brazil,Marketplace
8,252.43,2025-08-01,C-60323692,Toy-903052,Toys,Norway,Phone
7,336.72,2025-11-13,C-84862724,Hea-155655,Health,Brazil,Web
1,73.97,2025-07-08,C-46238432,Off-200345,Office,Belgium,App
13,244.37,2022-02-07,C-87531984,Off-752564,Office,France,Social Media
9,60.44,2025-08-31,C-14823370,Gar-403983,Garden,United Kingdom,Store
8,23.79,2023-05-04,C-28616400,Fur-083687,Furniture,Italy,Store
13,381.04,2023-03-27,C-88072442,Bea-650805,Beauty,United Kingdom,Email
13,56.62,2023-01-23,C-04675267,Toy-016007,Toys,Germany,Marketplace
10,460.49,2025-08-21,C-59637217,Jew-841051,Jewelry,Belgium,Phone
8,71.96,2024-09-27,C-14009990,Clo-008353,Clothing,Germany,Email
13,396.15,2025-08-21,C-55546816,Tra-917141,Travel,United Kingdom,Web
4,407.55,2023-04-17,C-86887776,Hea-629089,Health,Australia,Web
7,374.37,2022-06-19,C-15619280,Jew-332737,Jewelry,United States,Social Media
5,367.95,2023-06-28,C-33071308,Boo-925606,Books,Canada,App
15,119.29,2023-04-25,C-36973153,Aut-476399,Automotive,Mexico,Store
11,283.29,2024-12-01,C-25868269,Foo-682504,Food,Japan,Phone
13,242.11,2024-12-30,C-41080844,Aut-971287,Automotive,Brazil,Social Media
8,75.42,2024-10-23,C-92295932,Jew-589179,Jewelry,Poland,App
12,84.81,2023-07-19,C-69814469,Toy-991705,Toys,Sweden,Web
9,389.51,2024-08-12,C-03358637,Off-379949,Office,Poland,Email
16,387.3,2025-07-13,C-89667087,Fur-803216,Furniture,United Kingdom,App
1,222.59,2023-05-08,C-86752706,Fur-139509,Furniture,Switzerland,App
19,301.25,2025-03-17,C-31490891,Aut-445699,Automotive,Sweden,Web
4,482.78,2022-02-10,C-66918517,Fur-162443,Furniture,Poland,Store
1,65.26,2025-10-29,C-55521351,Boo-606208,Books,Denmark,Marketplace
18,148.35,2025-05-22,C-70140173,Gar-779768,Garden,Sweden,Phone
13,450.57,2023-06-17,C-51510185,Gar-095581,Garden,Sweden,Marketplace
11,315.24,2022-07-01,C-93354569,Bea-103963,Beauty,Portugal,Web
5,417.89,2024-09-24,C-31491448,Clo-431377,Clothing,Switzerland,Email
11,308.96,2025-01-19,C-64967803,Off-406340,Office,Spain,App
4,497.75,2023-10-02,C-24874629,Ele-745372,Electronics,Canada,Marketplace
19,323.06,2024-02-26,C-12564518,Clo-419769,Clothing,France,Email
6,181.86,2024-08-09,C-55696698,Tra-093799,Travel,United States,Web
3,91.47,2025-09-23,C-45189196,Jew-650757,Jewelry,Australia,Phone
16,381.74,2022-12-16,C-56171343,Ele-326311,Electronics,Austria,Email
12,43.29,2023-09-05,C-04388288,Bea-073275,Beauty,Switzerland,Email
18,208.37,2025-08-03,C-65680713,Boo-176563,Books,Brazil,App
18,432.22,2025-06-03,C-85645658,Fur-933067,Furniture,Spain,Marketplace
15,265.33,2023-01-28,C-21964351,Off-548979,Office,Mexico,Web
9,292.5,2025-07-04,C-13324549,Fur-046230,Furniture,Germany,Marketplace
10,382.5,2023-10-12,C-07706214,Toy-929946,Toys,Japan,Phone
11,22.95,2023-07-19,C-88764007,Jew-686265,Jewelry,United Kingdom,Social Media
3,362.86,2024-02-25,C-42970743,Aut-213359,Automotive,Mexico,Web
13,143.76,2024-07-13,C-58593771,Jew-056479,Jewelry,Switzerland,App
12,325.81,2023-09-11,C-38567964,Fur-832934,Furniture,Sweden,App
17,120.26,2022-01-08,C-83069633,Spo-532816,Sports,Netherlands,App
14,447.04,2023-09-10,C-88072442,Jew-824049,Jewelry,Sweden,Marketplace
18,232.89,2024-12-25,C-40759502,Mus-705235,Music,Switzerland,Marketplace
1,104.96,2022-10-19,C-53923828,Toy-006533,Toys,Poland,Web
6,167.76,2023-01-08,C-29832082,Boo-083586,Books,Switzerland,Email
10,134.03,2025-01-25,C-14167380,Aut-780396,Automotive,Germany,Social Media
11,427.94,2023-08-11,C-61850780,Foo-779835,Food,Austria,App
11,148.08,2022-03-01,C-22393430,Aut-562309,Automotive,Italy,Email
3,434.57,2023-09-13,C-47614337,Gar-930443,Garden,Canada,App
13,178.05,2023-03-03,C-95885847,Ele-343080,Electronics,Japan,Marketplace
14,449.25,2024-06-30,C-46779506,Gar-122027,Garden,Belgium,Social Media
8,151.21,2025-07-30,C-85947324,Boo-278237,Books,Mexico,Phone
9,193.05,2024-04-13,C-23316927,Jew-554980,Jewelry,Netherlands,Email
11,113.73,2022-11-28,C-69358962,Spo-249609,Sports,Canada,Email
12,195.23,2023-08-26,C-04655309,Toy-124676,Toys,Switzerland,Web
4,356.81,2025-12-24,C-08804410,Ele-209981,Electronics,Poland,Email
11,220.96,2025-06-14,C-46590586,Foo-621093,Food,Portugal,Web
13,484.93,2023-11-26,C-99951237,Jew-821312,Jewelry,Belgium,App
13,90.96,2024-02-14,C-58631788,Off-341134,Office,Spain,Store
12,374.88,2023-03-19,C-55696698,Ele-233500,Electronics,Germany,App
6,439.76,2025-05-01,C-12450349,Fur-238251,Furniture,Japan,Marketplace
1,276.79,2024-02-12,C-33071308,Aut-184879,Automotive,Mexico,Store
15,81.52,2025-10-06,C-81092571,Mus-900335,Music,Brazil,Phone
15,115.1,2023-07-21,C-32681044,Bea-998183,Beauty,Spain,Email
19,203.15,2025-07-29,C-93354569,Boo-263060,Books,United States,App
16,458.83,2022-05-13,C-78924248,Bea-275635,Beauty,France,Email
11,232.41,2023-06-25,C-55546816,Clo-897140,Clothing,Belgium,Store
5,243.24,2025-12-18,C-37389171,Hea-093036,Health,Canada,Web
8,25.94,2023-12-21,C-14167380,Off-099443,Office,Denmark,App
7,397.9,2025-01-03,C-53923828,Clo-902016,Clothing,Switzerland,App
2,241.19,2024-01-13,C-84862724,Aut-568445,Automotive,Poland,Phone
17,6.39,2025-05-25,C-86674277,Ele-616967,Electronics,Netherlands,Email
3,84.01,2022-11-23,C-64801937,Ele-040470,Electronics,Spain,Web
6,246.32,2022-07-23,C-48365033,Aut-727831,Automotive,Brazil,Store
3,74.86,2024-10-11,C-08845506,Tra-352763,Travel,Brazil,Web
19,95.4,2023-02-10,C-37389171,Boo-588502,Books,Belgium,Social Media
1,329.11,2025-08-14,C-85201177,Aut-922261,Automotive,Australia,Phone
8,272.76,2024-07-14,C-58988585,Tra-348434,Travel,Portugal,Email
14,495.23,2024-04-10,C-85730245,Mus-972104,Music,Austria,App
18,273.69,2022-03-30,C-76932090,Foo-166536,Food,Brazil,Email
9,319.56,2024-07-25,C-01495378,Tra-728755,Travel,Sweden,Store
16,243.93,2025-03-08,C-31562395,Boo-306219,Books,Portugal,Email
9,16.42,2024-12-25,C-24193676,Clo-653945,Clothing,United Kingdom,App
3,374.73,2024-11-20,C-31562395,Gar-821921,Garden,Poland,Store
14,327.58,2023-06-06,C-61295722,Spo-551526,Sports,United States,Social Media
16,382.46,2025-03-12,C-84984031,Mus-378674,Music,Germany,App
2,432.26,2024-08-29,C-36941673,Hea-140081,Health,France,App
15,159.88,2022-11-24,C-31490891,Off-642431,Office,Netherlands,Email
12,75.45,2023-12-14,C-04388288,Bea-656587,Beauty,Poland,Web
8,283.68,2025-07-06,C-45499076,Tra-187330,Travel,Norway,Marketplace
19,224.02,2022-01-28,C-79340041,Hea-317638,Health,Belgium,Social Media
8,16.1,2023-02-15,C-78924248,Fur-223276,Furniture,Canada,Store
11,158.74,2022-07-01,C-35700115,Foo-203034,Food,United Kingdom,Store
12,450.75,2022-08-25,C-65680713,Off-078588,Office,Mexico,Marketplace
16,71.18,2025-09-02,C-33971496,Toy-364810,Toys,Germany,Email
8,238.11,2023-12-02,C-32024053,Toy-859560,Toys,Sweden,Social Media
17,138.75,2022-01-08,C-33334129,Boo-988403,Books,France,App
18,276.41,2024-03-08,C-44034970,Foo-938392,Food,Poland,App
3,165.37,2023-09-29,C-80434627,Toy-968567,Toys,Australia,Phone
19,404.8,2023-08-11,C-53082079,Clo-461120,Clothing,Denmark,Phone
6,290.31,2024-01-26,C-85730245,Jew-876311,Jewelry,Australia,Web
8,303.6,2022-05-19,C-14582549,Boo-070989,Books,Switzerland,App
6,356.16,2025-11-25,C-69358962,Ele-133426,Electronics,Australia,App
10,53.71,2025-07-13,C-01499930,Hea-120741,Health,Portugal,Store
13,84.48,2022-12-25,C-64105322,Tra-971833,Travel,Spain,Email
6,373.35,2024-02-27,C-47831975,Fur-981261,Furniture,Austria,App
14,88.22,2025-01-23,C-02890690,Tra-033432,Travel,Sweden,Social Media
16,280.33,2023-12-02,C-72341909,Toy-455475,Toys,Austria,Web
18,182.17,2023-01-24,C-12247689,Aut-320898,Automotive,Brazil,Marketplace
3,422.93,2022-09-02,C-46590586,Bea-921600,Beauty,Brazil,Web
12,56.59,2022-09-04,C-64105322,Fur-855975,Furniture,Norway,Email
17,53.93,2024-04-17,C-10628881,Bea-400551,Beauty,Japan,Store
3,313.45,2023-10-10,C-24874629,Fur-791206,Furniture,Spain,Store
17,273.61,2024-12-28,C-73741620,Ele-311456,Electronics,Portugal,Phone
16,311.55,2023-01-06,C-04759341,Off-594468,Office,Switzerland,Store
14,167.35,2025-08-20,C-69654804,Mus-928574,Music,Denmark,Web
1,394.99,2023-12-26,C-71521183,Hea-266388,Health,Norway,Web
17,98.28,2024-05-15,C-92010806,Spo-246095,Sports,United States,Email
3,417.11,2024-03-19,C-71354562,Toy-582113,Toys,Portugal,Phone
6,8.4,2023-10-29,C-11172808,Foo-637348,Food,Denmark,Marketplace
17,283.9,2022-07-22,C-79109200,Clo-338486,Clothing,Japan,Store
10,282.61,2024-12-28,C-79109200,Bea-624171,Beauty,Brazil,Web
3,153.98,2023-08-15,C-04388288,Boo-413234,Books,Belgium,Store
14,131.29,2022-01-27,C-89619648,Boo-861730,Books,United Kingdom,Phone
18,442.49,2024-01-13,C-73291975,Ele-922084,Electronics,Canada,Store
9,469.23,2023-07-23,C-95192926,Fur-135358,Furniture,Italy,Phone
8,340.79,2023-07-02,C-85441923,Toy-212656,Toys,Denmark,Social Media
4,292.23,2025-05-25,C-64801937,Hea-012443,Health,Italy,Phone
14,451.18,2025-08-04,C-16444729,Fur-080197,Furniture,Belgium,Phone
19,99.08,2023-04-17,C-57442109,Off-931415,Office,Italy,Email
13,258.04,2022-11-09,C-69814469,Toy-134286,Toys,Norway,Social Media
11,222.53,2023-02-26,C-10975431,Aut-581191,Automotive,Austria,Social Media
12,370.05,2022-06-12,C-25868269,Boo-202576,Books,Denmark,App
8,32.44,2023-10-09,C-25814587,Clo-711125,Clothing,United States,App
9,344.39,2022-04-09,C-63062112,Clo-674461,Clothing,Portugal,Phone
7,237.15,2023-04-30,C-57589671,Fur-804389,Furniture,Portugal,Web
17,488.1,2022-08-11,C-03358637,Boo-345340,Books,Norway,Store
8,383.85,2022-09-01,C-25868269,Ele-873904,Electronics,Netherlands,Social Media
12,126.81,2024-09-06,C-95405257,Off-034982,Office,Spain,Marketplace
15,471.21,2025-12-28,C-68849874,Boo-703641,Books,Australia,Store
8,204.51,2025-04-04,C-19336679,Aut-373649,Automotive,Canada,Store
6,452.23,2025-06-13,C-33971496,Gar-716692,Garden,Brazil,Web
18,120.2,2025-08-10,C-31776064,Gar-434446,Garden,Canada,Phone
5,364.17,2024-06-01,C-86752706,Toy-250644,Toys,Spain,Email
6,174.8,2025-04-06,C-99466366,Boo-994583,Books,Poland,Email
12,292.58,2025-04-11,C-61648314,Hea-938034,Health,United States,Marketplace
19,276.71,2023-07-29,C-03797010,Mus-553714,Music,Spain,App
10,323.24,2024-03-22,C-41080844,Hea-190725,Health,Mexico,Social Media
11,38.7,2022-04-06,C-12376621,Toy-451756,Toys,Denmark,Social Media
7,291.09,2022-10-04,C-08084208,Foo-521359,Food,Netherlands,Store
6,328.28,2023-12-27,C-58593771,Boo-113269,Books,United Kingdom,Phone
3,343.63,2023-09-28,C-84069645,Tra-510922,Travel,Denmark,Phone
17,8.34,2024-01-20,C-35991775,Clo-235510,Clothing,Poland,Web
19,305.44,2023-10-29,C-33334129,Ele-629805,Electronics,Portugal,App
16,174.83,2023-12-05,C-99882419,Off-928971,Office,Canada,Social Media
5,72.97,2023-11-12,C-28442622,Jew-489462,Jewelry,Spain,Marketplace
6,319.51,2025-01-13,C-15227782,Off-500930,Office,Australia,Phone
3,395.04,2025-03-13,C-31562395,Fur-511646,Furniture,United States,Email
14,184.61,2022-08-30,C-89572422,Hea-868739,Health,Brazil,Store
16,47.51,2025-12-24,C-14009990,Fur-449548,Furniture,Switzerland,Social Media
6,323.69,2023-01-21,C-96638930,Bea-645332,Beauty,Spain,App
5,368.99,2022-08-31,C-65680713,Jew-014404,Jewelry,Netherlands,Phone
8,296.36,2023-07-13,C-85460227,Bea-576519,Beauty,Switzerland,App
4,10.87,2024-10-23,C-17074239,Foo-831936,Food,Belgium,Web
7,102.53,2023-08-22,C-91848903,Bea-002676,Beauty,Canada,Store
18,472.31,2024-09-27,C-80730111,Toy-202107,Toys,Poland,Social Media
10,14.25,2025-01-22,C-03358637,Foo-698449,Food,Canada,Store
4,133.06,2023-09-28,C-85460227,Tra-161158,Travel,Portugal,Marketplace
16,154.68,2022-05-27,C-96984679,Gar-769712,Garden,United Kingdom,Phone
18,53.5,2023-09-12,C-37282969,Off-456660,Office,Australia,App
10,489.84,2025-07-25,C-72893017,Gar-701515,Garden,Belgium,Marketplace
8,382.23,2022-07-20,C-10382808,Hea-539866,Health,Australia,Web
13,476.58,2024-08-06,C-73541394,Off-425526,Office,Brazil,Web
18,424.65,2022-05-21,C-05085836,Clo-908836,Clothing,Austria,App
8,34.59,2024-07-23,C-00341776,Gar-188720,Garden,United States,Phone
16,191.89,2022-06-03,C-03797010,Toy-597492,Toys,Japan,Phone
4,407.25,2025-10-29,C-34194127,Off-022128,Office,Italy,App
7,301.56,2024-06-29,C-28655580,Spo-864116,Sports,Switzerland,Email
12,299.48,2025-09-07,C-43258668,Off-972182,Office,Brazil,Social Media
9,369.39,2023-10-05,C-61635242,Clo-370304,Clothing,United Kingdom,Email
9,52.33,2022-11-13,C-83525743,Ele-214553,Electronics,United States,Email
5,115.59,2022-09-24,C-95538520,Ele-544345,Electronics,Australia,Phone
7,116.99,2025-08-11,C-47831844,Foo-544910,Food,United States,Store
16,315.53,2025-04-26,C-03989784,Tra-117189,Travel,Japan,Phone
15,276.03,2024-01-04,C-69425350,Tra-846175,Travel,Poland,Marketplace
11,476.99,2025-04-05,C-72687598,Foo-350204,Food,United Kingdom,Phone
12,295.05,2023-04-23,C-96319520,Jew-402077,Jewelry,Mexico,Social Media
14,296.32,2022-12-25,C-08085231,Boo-038705,Books,France,Marketplace
7,489.24,2024-04-24,C-74975237,Spo-505853,Sports,Denmark,App
15,22.8,2025-11-19,C-12290630,Ele-115667,Electronics,Poland,Social Media
6,227.51,2024-03-01,C-83525743,Aut-837635,Automotive,Spain,Email
12,271.82,2023-04-09,C-03358637,Jew-461777,Jewelry,Austria,Email
5,130.38,2024-01-05,C-83896442,Foo-548178,Food,Sweden,Store
15,145.26,2024-08-19,C-92010806,Jew-099549,Jewelry,Mexico,Phone
14,342.83,2025-05-30,C-36104271,Tra-860540,Travel,Poland,App
1,388.57,2024-03-25,C-74975237,Off-736879,Office,Germany,Phone
6,261.32,2022-07-13,C-27185779,Hea-631715,Health,Germany,Email
2,439.25,2023-04-14,C-28481406,Hea-037039,Health,Spain,Marketplace
10,386.55,2024-02-29,C-00341776,Toy-521726,Toys,Japan,Phone
2,366.85,2025-06-11,C-73352991,Bea-488310,Beauty,Belgium,Social Media
12,170.92,2022-11-28,C-11593189,Bea-085789,Beauty,Sweden,Phone
8,256.95,2024-09-07,C-07706214,Boo-435486,Books,United States,Social Media
15,63.04,2024-10-29,C-04675267,Hea-613119,Health,Denmark,Store
3,244.93,2025-02-22,C-86674277,Aut-686052,Automotive,Denmark,Web
11,421.67,2022-09-01,C-66370870,Foo-207303,Food,Denmark,Email
9,265.35,2022-03-16,C-28506804,Spo-135063,Sports,Brazil,Social Media
16,170.7,2022-01-12,C-71354562,Mus-345104,Music,Japan,Social Media
16,336.49,2024-03-25,C-71679333,Bea-084195,Beauty,United Kingdom,Marketplace
1,386.66,2023-09-11,C-28523979,Boo-531982,Books,Denmark,Marketplace
10,205.67,2022-11-11,C-80839328,Bea-497525,Beauty,Austria,Email
18,156.36,2022-10-15,C-13247287,Jew-969129,Jewelry,Poland,Phone
3,411.22,2023-04-22,C-87914090,Off-707361,Office,United States,Marketplace
5,107.33,2024-11-19,C-47831844,Fur-227013,Furniture,Netherlands,Web
7,118.68,2025-03-31,C-20625702,Fur-523346,Furniture,Brazil,Store
4,15.92,2025-03-10,C-27858217,Tra-774773,Travel,Germany,Phone
9,179.47,2025-02-16,C-24254708,Aut-498005,Automotive,Italy,App
13,176.73,2023-07-14,C-21964351,Gar-076095,Garden,Canada,Store
6,62.02,2024-03-12,C-81092571,Jew-498981,Jewelry,Portugal,Web
8,473.02,2022-11-14,C-76800708,Foo-656051,Food,Japan,Social Media
16,209.38,2025-09-06,C-28655580,Hea-853726,Health,United Kingdom,App
17,323.03,2022-10-10,C-68849874,Jew-518499,Jewelry,Japan,Phone
9,177.62,2022-07-02,C-33648030,Gar-433840,Garden,Norway,Email
3,313.51,2024-08-27,C-48365033,Ele-749724,Electronics,Austria,Store
17,190.21,2025-10-28,C-40712411,Off-973095,Office,United States,App
5,497.65,2024-06-03,C-65680713,Hea-394927,Health,Switzerland,App
12,368.62,2025-11-07,C-28523979,Aut-439536,Automotive,Australia,Social Media
17,80.99,2022-06-07,C-38242955,Jew-345340,Jewelry,Denmark,Marketplace
15,152.26,2022-07-11,C-77772036,Foo-874012,Food,Switzerland,Store
18,478.4,2024-12-17,C-65235738,Jew-376392,Jewelry,United States,Web
1,199.65,2025-07-06,C-64838435,Tra-069579,Travel,Canada,Web
18,236.95,2024-05-12,C-99466366,Spo-718865,Sports,Japan,Phone
5,420.62,2022-12-03,C-65235738,Gar-153201,Garden,United States,Social Media
18,469.72,2025-06-02,C-59241963,Boo-669337,Books,United Kingdom,App
17,153.74,2025-08-03,C-85645658,Hea-555782,Health,Portugal,Store
4,384.27,2023-10-18,C-76399890,Aut-588383,Automotive,Germany,Web
10,284.98,2022-10-08,C-21815651,Ele-117567,Electronics,France,Email
7,211.83,2023-08-30,C-61635242,Mus-601560,Music,Norway,App
2,304.14,2022-02-02,C-08804410,Hea-307131,Health,Denmark,Phone
1,456.69,2023-02-24,C-00571789,Clo-920255,Clothing,Belgium,Store
8,418.91,2025-11-29,C-11985335,Toy-229325,Toys,Denmark,Store
7,491.47,2025-01-13,C-60323692,Ele-370443,Electronics,Japan,Web
14,477.06,2022-03-15,C-35700115,Foo-757967,Food,Denmark,Web
7,362.68,2024-01-11,C-71666979,Aut-541299,Automotive,Canada,Marketplace
16,227.56,2025-03-23,C-11985335,Clo-803731,Clothing,France,App
6,236.36,2023-08-03,C-81092571,Clo-003226,Clothing,Sweden,Email
14,47.96,2022-02-16,C-01878061,Fur-471879,Furniture,Poland,App
7,224.03,2022-02-05,C-35605602,Boo-028979,Books,Poland,Web
1,29.04,2024-05-21,C-59357876,Ele-951435,Electronics,Germany,Social Media
17,488.05,2022-06-26,C-92295932,Ele-841317,Electronics,Canada,Marketplace
6,34.83,2024-07-28,C-09537008,Boo-137098,Books,Canada,App
9,362.21,2024-07-04,C-95405257,Aut-822770,Automotive,Japan,Web
6,182.66,2023-07-13,C-46857022,Boo-465488,Books,Norway,Email
15,450.76,2025-07-11,C-39719554,Aut-235446,Automotive,Canada,App
11,19.0,2023-03-31,C-36207775,Mus-779624,Music,Spain,Marketplace
6,260.39,2022-07-05,C-43254822,Ele-409863,Electronics,Brazil,Store
16,378.55,2023-10-22,C-07674407,Ele-843124,Electronics,Portugal,Marketplace
5,144.1,2022-11-13,C-12376621,Bea-375324,Beauty,United States,App
18,433.25,2023-03-29,C-37282969,Aut-729473,Automotive,Japan,Phone
4,36.15,2022-04-12,C-31776064,Hea-718736,Health,Switzerland,Store
13,40.86,2024-01-29,C-17074239,Foo-257628,Food,Portugal,Web
13,335.24,2025-09-10,C-82162312,Toy-291828,Toys,Austria,Web
2,94.7,2022-08-05,C-36973153,Hea-978357,Health,Spain,Web
8,48.15,2022-11-23,C-99336445,Jew-191265,Jewelry,Italy,App
17,145.17,2024-10-15,C-95405257,Toy-796446,Toys,Spain,Marketplace
8,327.17,2025-01-25,C-71679333,Tra-908783,Travel,Brazil,Marketplace
7,461.99,2024-06-14,C-50907432,Mus-779515,Music,Australia,Phone
4,15.58,2022-07-13,C-43364015,Jew-466460,Jewelry,Netherlands,Phone
5,479.76,2025-11-07,C-75123250,Clo-761194,Clothing,France,Social Media
4,249.19,2025-04-16,C-01425733,Boo-879515,Books,Switzerland,App
6,27.47,2025-07-18,C-33200552,Ele-507327,Electronics,Italy,Store
7,103.26,2023-03-05,C-14362275,Mus-120995,Music,Norway,Web
15,207.3,2023-11-06,C-44394558,Mus-554076,Music,France,Phone
10,58.75,2023-12-03,C-33071308,Jew-869552,Jewelry,Poland,Email
17,147.88,2025-06-17,C-34187596,Toy-587436,Toys,Belgium,Social Media
18,316.31,2022-08-26,C-71666979,Hea-577183,Health,Austria,Web
3,420.54,2023-07-11,C-93594457,Mus-999333,Music,Japan,Phone
11,43.69,2024-10-25,C-55597799,Toy-548649,Toys,Italy,Web
6,322.89,2023-01-30,C-59357876,Fur-390193,Furniture,United States,Store
10,84.76,2025-09-19,C-44214705,Bea-617837,Beauty,Germany,Web
7,241.34,2025-03-09,C-15619280,Spo-859085,Sports,Mexico,Web
14,137.64,2022-01-25,C-13268463,Foo-046286,Food,Switzerland,Email
1,331.22,2022-02-28,C-46779506,Hea-954062,Health,Japan,Web
16,369.71,2022-05-16,C-04131834,Fur-685536,Furniture,Germany,Marketplace
13,261.6,2025-04-10,C-00221948,Aut-774234,Automotive,Brazil,Email
9,30.27,2023-07-24,C-84069645,Mus-525601,Music,Switzerland,Store
6,455.09,2024-03-22,C-47607714,Foo-308808,Food,France,Email
4,53.24,2023-04-20,C-20625702,Mus-880774,Music,Australia,Web
14,372.89,2022-08-24,C-65680713,Aut-541286,Automotive,Netherlands,App
9,207.56,2025-11-03,C-63261242,Toy-226816,Toys,Brazil,Social Media
4,55.13,2025-08-20,C-32681044,Tra-840462,Travel,Poland,Web
5,45.23,2024-05-11,C-69425350,Ele-517594,Electronics,Austria,Social Media
12,441.75,2024-09-09,C-33071308,Fur-898796,Furniture,Netherlands,Email
1,190.75,2022-03-05,C-27728798,Aut-019253,Automotive,Australia,Phone
15,436.53,2022-09-25,C-25746750,Clo-721487,Clothing,Germany,Social Media
2,478.02,2025-12-15,C-77772036,Spo-373139,Sports,Belgium,Marketplace
8,27.2,2022-07-27,C-09095261,Off-387400,Office,Canada,Web
17,380.95,2024-03-23,C-33648030,Toy-780384,Toys,United Kingdom,Web
19,315.7,2023-11-26,C-43364015,Clo-906986,Clothing,Japan,Marketplace
1,159.91,2023-03-08,C-55696698,Tra-906358,Travel,Netherlands,Phone
19,300.29,2025-08-12,C-09237099,Boo-090619,Books,Italy,Phone
10,150.08,2022-12-03,C-75232822,Toy-159658,Toys,Japan,Store
16,374.85,2022-05-08,C-72966724,Hea-231811,Health,Australia,Marketplace
18,413.2,2024-09-04,C-33971496,Mus-191970,Music,Austria,Email
7,235.25,2023-11-17,C-85730245,Toy-303977,Toys,Germany,Web
12,229.71,2024-09-15,C-79632009,Bea-060423,Beauty,Denmark,Social Media
6,37.27,2024-01-05,C-76399890,Aut-128656,Automotive,Switzerland,Email
7,9.83,2025-03-24,C-03440880,Gar-362480,Garden,Belgium,Marketplace
16,480.45,2023-12-09,C-66796277,Clo-828205,Clothing,Italy,Social Media
1,127.28,2022-09-10,C-86793558,Bea-319799,Beauty,United Kingdom,App
2,21.1,2024-12-12,C-11133828,Clo-783529,Clothing,United States,Phone
18,93.35,2024-11-27,C-11172808,Tra-096156,Travel,Australia,Marketplace
7,180.6,2025-02-22,C-19818284,Bea-816866,Beauty,Brazil,Phone
9,289.66,2023-09-16,C-48248138,Clo-274294,Clothing,Austria,Social Media
13,291.69,2024-10-26,C-78446420,Clo-287069,Clothing,Japan,Marketplace
14,224.67,2024-05-12,C-16115109,Bea-495973,Beauty,United Kingdom,Marketplace
3,453.59,2024-12-28,C-08085231,Jew-622019,Jewelry,Switzerland,App
5,448.13,2024-12-05,C-86752706,Aut-205601,Automotive,Netherlands,Email
18,280.47,2023-10-24,C-07718924,Clo-944126,Clothing,Switzerland,Email
14,78.22,2025-03-17,C-93594457,Gar-833200,Garden,Australia,Marketplace
10,282.58,2023-05-26,C-61850780,Gar-925902,Garden,Italy,Web
7,75.74,2022-01-20,C-75310409,Aut-767672,Automotive,Australia,App
15,136.21,2023-06-05,C-12450349,Gar-006987,Garden,Sweden,Web
18,373.47,2022-05-21,C-83525743,Tra-782506,Travel,Portugal,Phone
14,364.06,2022-07-05,C-89337463,Aut-409080,Automotive,Japan,App
8,192.2,2022-10-07,C-40759502,Jew-650321,Jewelry,Denmark,Store
5,10.28,2024-01-24,C-27185779,Hea-299998,Health,Portugal,App
9,10.25,2023-09-14,C-53923828,Off-097362,Office,Italy,Phone
13,427.21,2022-09-18,C-48732589,Gar-649576,Garden,Sweden,Web
12,266.88,2023-07-04,C-89337463,Off-399941,Office,Portugal,Marketplace
19,218.61,2023-01-12,C-37620194,Bea-741099,Beauty,Austria,Phone
17,40.9,2025-01-30,C-66918517,Tra-497499,Travel,Switzerland,Phone
11,462.66,2025-06-14,C-86887776,Ele-073077,Electronics,Sweden,Store
9,422.61,2023-12-04,C-39312362,Mus-325456,Music,Netherlands,App
17,11.57,2022-05-10,C-61850780,Tra-391113,Travel,Mexico,Web
2,429.68,2025-07-03,C-16444729,Hea-657001,Health,Denmark,Marketplace
19,290.3,2022-10-28,C-32487120,Aut-038787,Automotive,Mexico,Social Media
15,274.54,2022-11-25,C-91848903,Spo-034922,Sports,France,Email
5,405.31,2025-05-05,C-95950020,Jew-035108,Jewelry,Netherlands,Web
3,205.66,2025-07-31,C-73659733,Spo-255881,Sports,Australia,Social Media
6,6.87,2023-02-22,C-30556313,Gar-364382,Garden,Spain,Phone
10,350.18,2024-05-28,C-58631788,Spo-332365,Sports,Austria,Web
18,233.64,2023-08-03,C-51629298,Foo-582728,Food,United Kingdom,Web
5,224.32,2025-08-09,C-75021103,Boo-512261,Books,United States,Phone
10,56.92,2022-09-03,C-79851234,Spo-508829,Sports,Sweden,Phone
8,262.73,2023-05-30,C-78446420,Gar-448524,Garden,Australia,Email
18,482.31,2025-06-11,C-23489168,Hea-205458,Health,Mexico,App
3,486.4,2024-05-09,C-51214215,Fur-688645,Furniture,Germany,App
6,474.5,2024-01-01,C-05085836,Aut-691289,Automotive,United States,Email
9,83.02,2024-06-05,C-61223304,Fur-958772,Furniture,Portugal,Web
9,481.93,2022-02-27,C-02638398,Aut-560002,Automotive,Germany,Store
14,317.77,2024-02-27,C-01878061,Aut-332162,Automotive,Germany,Social Media
8,10.64,2025-07-08,C-22834925,Tra-805693,Travel,Germany,Email
5,168.85,2022-07-03,C-51214215,Toy-097609,Toys,Belgium,App
17,103.94,2022-03-25,C-10382808,Tra-252089,Travel,Germany,Web
14,353.36,2024-08-31,C-84592199,Fur-721549,Furniture,United Kingdom,Email
19,474.95,2022-01-08,C-11498981,Spo-037001,Sports,Poland,Marketplace
2,184.51,2024-10-30,C-72687598,Ele-055045,Electronics,Mexico,Phone
10,222.35,2024-08-14,C-33389851,Off-483015,Office,Germany,Social Media
17,437.5,2022-02-03,C-59637217,Jew-134833,Jewelry,Austria,Web
15,150.1,2024-04-30,C-66540515,Mus-234617,Music,United States,Social Media
9,437.34,2022-09-22,C-43320541,Foo-541336,Food,Portugal,Social Media
9,435.06,2023-10-13,C-22258680,Jew-210061,Jewelry,Japan,Phone
13,491.35,2025-10-09,C-95897450,Hea-411665,Health,United Kingdom,Social Media
12,235.53,2025-02-26,C-25746750,Tra-623058,Travel,Germany,Phone
10,80.26,2025-03-16,C-04131834,Spo-920589,Sports,United States,App
5,100.53,2025-02-21,C-64105322,Off-650072,Office,Canada,Phone
17,134.13,2024-10-30,C-87531984,Aut-238554,Automotive,Netherlands,Web
8,140.51,2025-08-04,C-51629298,Mus-645600,Music,Germany,Web
15,330.87,2022-09-24,C-12290630,Bea-415408,Beauty,Belgium,Email
19,389.46,2023-09-04,C-14582549,Clo-931214,Clothing,Italy,App
4,58.74,2022-06-15,C-52729045,Spo-309166,Sports,Denmark,Store
6,409.81,2025-04-17,C-14863834,Clo-815912,Clothing,Switzerland,Web
5,21.02,2025-12-22,C-95897450,Bea-354675,Beauty,Australia,Social Media
15,7.69,2023-12-01,C-99466366,Foo-649543,Food,Netherlands,Social Media
19,77.09,2022-11-10,C-59357876,Foo-722344,Food,Norway,Marketplace
14,183.01,2022-02-07,C-85947324,Toy-968776,Toys,Norway,Marketplace
1,438.66,2022-12-23,C-14362275,Toy-054525,Toys,Brazil,Email
10,175.96,2022-12-10,C-79851234,Jew-301776,Jewelry,Spain,App
12,420.16,2025-02-19,C-03989784,Fur-702361,Furniture,Portugal,Web
16,301.68,2023-06-25,C-47831975,Jew-640220,Jewelry,Japan,Web
1,13.49,2025-10-15,C-11593189,Tra-565776,Travel,France,Marketplace
5,163.57,2024-02-16,C-65347335,Fur-271526,Furniture,Poland,Phone
8,132.53,2024-09-26,C-63062112,Bea-512739,Beauty,Spain,Phone
11,142.79,2022-09-19,C-54087604,Jew-101750,Jewelry,Mexico,Web
17,382.06,2023-09-30,C-25764795,Gar-670445,Garden,Mexico,Marketplace
5,299.83,2025-10-16,C-45189196,Clo-169112,Clothing,Spain,Web
17,112.69,2025-12-23,C-85002220,Tra-745230,Travel,Norway,Web
6,300.02,2022-08-15,C-98578568,Jew-189513,Jewelry,France,Marketplace
11,188.33,2022-04-29,C-03358637,Boo-329320,Books,Italy,Social Media
5,379.2,2025-11-07,C-11172597,Spo-328508,Sports,Sweden,Store
10,231.85,2023-02-14,C-12025094,Boo-122705,Books,Netherlands,Web
3,28.28,2024-01-10,C-00257180,Tra-204524,Travel,Netherlands,Phone
16,10.07,2025-01-29,C-36104271,Gar-034339,Garden,United States,Phone
19,248.77,2023-07-28,C-43310463,Foo-747182,Food,Belgium,Email
19,398.7,2023-06-23,C-76270600,Fur-030098,Furniture,Japan,Email
10,311.49,2022-01-06,C-59610177,Hea-241321,Health,Canada,Phone
17,302.34,2025-05-21,C-76605428,Ele-078066,Electronics,Spain,Store
13,362.63,2025-09-19,C-89601719,Clo-363280,Clothing,Canada,App
5,365.98,2025-07-24,C-28506804,Gar-552490,Garden,Japan,Store
12,286.49,2023-05-09,C-10353855,Gar-148999,Garden,France,Web
18,320.25,2025-08-12,C-02890690,Hea-271805,Health,Belgium,Store
15,380.81,2025-01-15,C-84592199,Gar-379733,Garden,Mexico,Email
5,466.9,2025-01-31,C-50907432,Mus-876984,Music,Australia,Phone
18,410.88,2024-12-06,C-12198751,Off-658757,Office,Spain,App
11,92.86,2022-09-08,C-84069645,Ele-918253,Electronics,Portugal,Phone
15,335.83,2025-07-04,C-77990744,Ele-957456,Electronics,Belgium,Marketplace
17,183.1,2025-01-29,C-37619890,Jew-202741,Jewelry,Switzerland,Social Media
18,324.47,2022-11-13,C-85270860,Aut-451192,Automotive,Belgium,Social Media
8,196.83,2025-12-06,C-65680713,Aut-865152,Automotive,Germany,Email
5,424.87,2024-06-17,C-89337463,Toy-738508,Toys,France,Social Media
4,398.54,2022-05-04,C-45499076,Gar-263098,Garden,Austria,Store
9,292.77,2023-03-16,C-87531984,Spo-248241,Sports,France,Web
15,264.02,2023-11-20,C-35511467,Boo-834098,Books,Poland,Web
1,169.29,2025-04-08,C-61850780,Gar-267064,Garden,Spain,App
11,32.5,2024-08-07,C-82193345,Foo-329794,Food,Australia,Phone
8,11.31,2022-11-13,C-26931360,Gar-454489,Garden,Poland,Social Media
1,59.84,2025-07-07,C-82983097,Gar-156965,Garden,Spain,App
10,211.19,2025-03-18,C-04759341,Gar-046985,Garden,Sweden,App
10,30.56,2022-05-05,C-27728798,Mus-189599,Music,Canada,Social Media
15,484.13,2024-09-02,C-61223304,Tra-398051,Travel,Denmark,Store
13,227.38,2022-06-13,C-83940354,Clo-803381,Clothing,Spain,Phone
15,361.16,2022-01-13,C-93712739,Mus-730170,Music,Japan,Store
18,197.2,2025-06-08,C-11985335,Spo-051233,Sports,Portugal,App
18,332.74,2024-10-13,C-52687437,Boo-460980,Books,Netherlands,Email
2,71.29,2025-01-17,C-82193345,Boo-369058,Books,Poland,Marketplace
17,297.7,2024-05-23,C-29227444,Hea-734851,Health,Poland,Marketplace
12,401.21,2024-03-31,C-27407092,Bea-724463,Beauty,Germany,Store
14,144.67,2024-01-20,C-77391210,Gar-491023,Garden,Switzerland,Web
6,494.82,2024-02-02,C-27853549,Tra-234341,Travel,Switzerland,Phone
8,473.66,2023-04-24,C-07305300,Off-815260,Office,Netherlands,Phone
12,424.75,2023-04-18,C-24825971,Tra-676587,Travel,Mexico,Phone
14,99.83,2022-01-13,C-27185779,Boo-843983,Books,Austria,Marketplace
17,230.35,2024-10-25,C-35862539,Spo-900539,Sports,United States,Email
12,35.89,2022-04-21,C-00221948,Fur-214685,Furniture,Belgium,Marketplace
4,448.35,2025-12-20,C-81261231,Gar-793828,Garden,Germany,App
15,27.36,2024-10-16,C-76399890,Clo-474179,Clothing,Netherlands,Social Media
3,241.69,2023-10-13,C-63879404,Ele-389629,Electronics,United States,App
1,386.91,2025-10-01,C-11133828,Clo-803918,Clothing,Netherlands,Web
11,26.09,2025-10-18,C-22834925,Hea-418278,Health,Spain,Marketplace
13,344.0,2025-08-22,C-04759341,Boo-269724,Books,Sweden,Store
3,54.21,2024-06-29,C-25569498,Jew-795602,Jewelry,Australia,App
19,195.96,2024-04-26,C-80839328,Foo-453013,Food,Belgium,Marketplace
3,352.53,2023-01-07,C-98578568,Spo-807117,Sports,Canada,Store
18,17.92,2023-05-18,C-47831844,Fur-337332,Furniture,Japan,Phone
8,195.4,2024-01-18,C-50560434,Ele-622266,Electronics,Canada,App
11,412.38,2024-03-29,C-64933370,Boo-513863,Books,France,Social Media
15,439.18,2022-03-10,C-69752771,Tra-623783,Travel,Poland,Web
13,433.19,2022-02-10,C-28481406,Ele-623534,Electronics,Canada,Phone
5,267.32,2025-10-23,C-03077799,Foo-046169,Food,Canada,Web
1,424.04,2024-01-02,C-36104271,Fur-799241,Furniture,Switzerland,Phone
19,234.46,2024-07-31,C-08804410,Bea-610953,Beauty,Belgium,Email
14,113.81,2023-12-09,C-66796277,Clo-791961,Clothing,Canada,Social Media
9,498.71,2025-12-23,C-47614337,Ele-169317,Electronics,Australia,Email
12,420.1,2023-02-02,C-33334129,Hea-916658,Health,Germany,Store
18,216.38,2025-06-19,C-04388288,Off-507001,Office,Spain,Marketplace
6,327.2,2025-08-16,C-96295925,Gar-049817,Garden,France,Social Media
15,88.56,2022-03-06,C-47607714,Fur-840834,Furniture,Germany,Web
13,477.06,2024-01-24,C-05163875,Bea-157600,Beauty,France,Email
16,360.76,2023-10-29,C-54087604,Gar-722214,Garden,United Kingdom,Marketplace
12,468.52,2022-09-17,C-43254822,Aut-265186,Automotive,Australia,Social Media
17,306.7,2023-08-29,C-18110411,Toy-238706,Toys,Australia,Store
12,101.41,2025-12-29,C-60259140,Fur-850211,Furniture,Austria,Store
17,409.08,2022-12-11,C-83990482,Hea-319685,Health,Germany,App
5,79.34,2022-04-10,C-45237494,Spo-659171,Sports,France,App
16,390.41,2024-01-23,C-81260270,Toy-710542,Toys,Brazil,Social Media
11,71.23,2025-09-18,C-58263729,Clo-218576,Clothing,Norway,Social Media
1,84.51,2023-07-11,C-69425350,Boo-947792,Books,Japan,Web
7,248.65,2022-02-11,C-83984056,Off-188388,Office,Poland,Store
1,307.56,2025-12-02,C-34043398,Spo-292603,Sports,Poland,Social Media
15,450.44,2024-08-23,C-25814587,Clo-184855,Clothing,Poland,Web
16,440.83,2025-07-11,C-07680834,Boo-330929,Books,Brazil,Phone
12,41.67,2025-03-13,C-51073307,Tra-117220,Travel,United States,Marketplace
17,66.3,2022-02-12,C-23111318,Spo-274611,Sports,Mexico,Store
5,169.51,2022-04-09,C-58207115,Tra-608153,Travel,Denmark,Store
9,372.77,2024-02-27,C-76803278,Fur-632827,Furniture,Austria,Email
3,384.34,2022-07-15,C-57442109,Ele-162940,Electronics,Mexico,Social Media
13,170.12,2022-06-20,C-63879404,Ele-202623,Electronics,Austria,Phone
11,410.84,2025-01-26,C-36312598,Spo-796446,Sports,United States,Social Media
19,164.77,2023-04-15,C-60590184,Clo-650598,Clothing,Italy,Social Media
7,362.98,2024-01-27,C-42970743,Fur-904193,Furniture,United Kingdom,App
17,177.98,2022-10-30,C-77186257,Hea-101687,Health,Denmark,Phone
3,372.73,2023-12-19,C-79632009,Bea-712597,Beauty,Denmark,App
7,498.84,2022-02-21,C-12945345,Bea-562167,Beauty,Australia,Marketplace
19,154.2,2022-04-02,C-03298924,Toy-570778,Toys,Austria,Email
6,485.21,2022-09-03,C-38384646,Bea-317464,Beauty,Norway,Web
1,218.69,2025-01-06,C-21493738,Gar-566657,Garden,Canada,Social Media
15,156.52,2024-10-12,C-69654804,Boo-740964,Books,France,Web
1,219.38,2023-11-01,C-80730111,Off-891703,Office,Portugal,Phone
4,226.52,2024-05-12,C-48219660,Off-277314,Office,Austria,Marketplace
2,196.25,2023-04-29,C-47614337,Spo-132278,Sports,Japan,App
16,358.19,2022-07-16,C-95538520,Toy-068887,Toys,Netherlands,Web
9,477.1,2024-06-03,C-85555041,Bea-143750,Beauty,Mexico,App
6,126.43,2023-05-26,C-35863083,Ele-748281,Electronics,Poland,Email
10,274.58,2022-06-05,C-93594457,Gar-255929,Garden,Norway,Email
13,326.16,2023-01-13,C-03077799,Tra-283494,Travel,Sweden,Web
12,337.62,2023-08-21,C-66918517,Off-713196,Office,Austria,Marketplace
2,253.26,2023-06-26,C-31490891,Clo-565353,Clothing,Switzerland,Marketplace
1,140.78,2022-10-15,C-53923828,Jew-858524,Jewelry,Netherlands,App
4,316.36,2025-02-03,C-49373053,Spo-269437,Sports,Portugal,Email
15,47.21,2022-01-19,C-29832082,Off-498034,Office,France,Web
1,215.65,2022-10-07,C-30786627,Boo-065134,Books,Brazil,Marketplace
15,426.05,2023-01-20,C-88072442,Boo-780644,Books,Brazil,Store
2,386.13,2022-05-30,C-66540515,Mus-857361,Music,France,Marketplace
4,7.34,2023-12-06,C-67124011,Foo-634366,Food,France,App
6,119.74,2022-01-15,C-83525743,Clo-872715,Clothing,United States,Store
17,460.89,2022-04-08,C-72687598,Bea-194327,Beauty,Spain,Store
8,206.24,2023-03-14,C-03440880,Off-243450,Office,Sweden,Phone
4,364.73,2025-03-03,C-82799399,Ele-565732,Electronics,Canada,Marketplace
8,76.17,2023-08-19,C-66796277,Bea-697333,Beauty,Sweden,Marketplace
3,208.24,2025-04-28,C-83984056,Ele-971289,Electronics,Norway,Store
6,31.07,2024-12-14,C-16552411,Ele-710978,Electronics,Brazil,Store
19,177.6,2024-10-09,C-23111318,Mus-267789,Music,France,Phone
12,133.38,2025-08-30,C-03074311,Ele-511780,Electronics,Portugal,Store
10,414.81,2023-10-27,C-90940416,Aut-064609,Automotive,Austria,App
9,48.86,2024-03-13,C-73741620,Mus-599082,Music,Brazil,Marketplace
10,198.64,2025-02-28,C-13838283,Off-360133,Office,Brazil,Store
5,15.6,2025-03-09,C-13247287,Boo-189072,Books,Poland,Store
8,474.92,2024-12-16,C-49938177,Aut-586805,Automotive,Canada,Email
3,124.51,2024-10-05,C-72893017,Mus-297328,Music,Norway,Social Media
14,451.4,2023-07-27,C-39200287,Aut-614604,Automotive,United States,Social Media
6,120.71,2024-11-22,C-46590586,Spo-720400,Sports,Switzerland,Phone
13,225.78,2022-09-28,C-38384646,Fur-839873,Furniture,Poland,Phone
11,85.01,2023-03-25,C-75123250,Fur-630651,Furniture,Mexico,App
10,167.19,2022-01-11,C-40816416,Tra-693641,Travel,Australia,Store
13,344.66,2025-05-24,C-81260270,Aut-915781,Automotive,United States,Email
12,270.75,2022-10-05,C-06140306,Clo-236920,Clothing,Netherlands,App
6,257.73,2025-03-27,C-95885847,Hea-842664,Health,Australia,Web
15,460.43,2024-05-02,C-87531984,Spo-766525,Sports,Norway,Email
14,278.54,2023-11-22,C-40759502,Spo-697314,Sports,Netherlands,Social Media
12,171.98,2023-10-31,C-83525743,Off-033856,Office,Spain,Social Media
9,202.96,2024-07-28,C-28252670,Hea-539755,Health,France,Social Media
16,160.51,2024-08-10,C-93354569,Spo-411061,Sports,Japan,Web
1,19.94,2023-08-16,C-10382808,Aut-724444,Automotive,Australia,Social Media
6,212.77,2025-03-29,C-80272452,Jew-525548,Jewelry,Mexico,Phone
18,272.35,2024-01-17,C-92141302,Spo-981005,Sports,Mexico,Store
1,434.63,2024-10-04,C-77391210,Foo-371999,Food,Australia,App
5,150.69,2022-09-17,C-40066424,Aut-471819,Automotive,France,Social Media
8,41.21,2024-05-02,C-46238432,Clo-618941,Clothing,Portugal,Phone
6,126.6,2023-03-29,C-33477060,Aut-533097,Automotive,Portugal,Social Media
12,198.76,2023-12-30,C-66918517,Bea-287257,Beauty,Austria,App
19,354.85,2024-03-05,C-20120738,Ele-842073,Electronics,Austria,Social Media
1,295.09,2024-02-25,C-31491448,Mus-012105,Music,Norway,Marketplace
1,117.13,2024-07-07,C-66796277,Bea-719898,Beauty,Australia,Marketplace
6,139.55,2023-01-12,C-83069633,Off-058721,Office,Mexico,Email
3,409.1,2024-12-08,C-69814469,Spo-767541,Sports,Sweden,Phone
3,449.34,2022-09-29,C-36973153,Jew-068690,Jewelry,Netherlands,Marketplace
19,11.05,2022-05-21,C-85947324,Mus-656435,Music,Spain,Social Media
16,385.93,2023-11-24,C-01878061,Spo-858000,Sports,United States,Social Media
9,499.29,2025-04-06,C-76399890,Tra-249878,Travel,Germany,Social Media
10,211.94,2022-09-19,C-68110109,Spo-234057,Sports,Sweden,Social Media
15,475.2,2022-05-08,C-33071308,Boo-350898,Books,Canada,Marketplace
14,114.64,2024-08-07,C-87531984,Jew-654116,Jewelry,Mexico,Email
11,106.92,2024-07-11,C-64967803,Ele-924375,Electronics,Austria,Store
10,246.22,2024-01-23,C-08084208,Aut-752803,Automotive,Netherlands,Store
15,127.94,2025-01-02,C-89667087,Tra-975214,Travel,Sweden,Email
5,254.91,2023-11-29,C-63261242,Clo-763799,Clothing,Denmark,Email
17,155.83,2022-08-18,C-99178431,Aut-570270,Automotive,United States,App
4,340.22,2023-06-24,C-86793558,Toy-200654,Toys,Brazil,Email
4,360.73,2024-10-06,C-41585681,Hea-251701,Health,Japan,App
17,31.22,2024-12-28,C-90940416,Jew-449522,Jewelry,Switzerland,Email
5,469.01,2023-07-07,C-41671136,Off-435925,Office,Denmark,Social Media
3,136.92,2025-02-14,C-26931360,Mus-641873,Music,Portugal,App
3,5.82,2023-02-21,C-36973153,Tra-383838,Travel,Australia,Social Media
9,406.33,2025-09-25,C-12450349,Gar-131050,Garden,Mexico,Email
13,333.73,2022-10-10,C-89572422,Toy-777034,Toys,Sweden,Marketplace
3,418.67,2024-06-13,C-37619890,Foo-211066,Food,Italy,Store
9,242.82,2024-12-07,C-16115109,Jew-695164,Jewelry,Italy,Social Media
19,161.25,2025-06-24,C-22834925,Spo-108060,Sports,Japan,Phone
1,339.58,2025-05-11,C-58263729,Tra-303811,Travel,Netherlands,Store
6,423.76,2023-04-18,C-33389851,Ele-794782,Electronics,Japan,Marketplace
11,147.34,2023-10-23,C-41671136,Toy-337111,Toys,Sweden,Store
2,147.07,2022-02-01,C-94561312,Mus-669732,Music,France,App
15,187.42,2023-11-18,C-31733702,Ele-213131,Electronics,United States,Marketplace
6,181.29,2024-06-20,C-14582549,Bea-491669,Beauty,United States,Marketplace
19,13.97,2022-08-21,C-73741620,Tra-215452,Travel,Brazil,Email
17,128.17,2025-09-28,C-12780542,Bea-676667,Beauty,Spain,Web
19,383.04,2023-06-17,C-28616400,Hea-724546,Health,Mexico,Store
3,67.34,2025-03-25,C-69025898,Aut-247107,Automotive,United Kingdom,Web
11,244.42,2024-03-09,C-36207775,Ele-640557,Electronics,Spain,Store
15,486.46,2025-06-22,C-61850780,Jew-336332,Jewelry,France,Store
14,189.62,2024-03-21,C-43310463,Ele-036415,Electronics,Switzerland,Email
14,108.07,2024-10-13,C-34043398,Gar-705685,Garden,Poland,Email
11,231.87,2022-04-18,C-65347335,Clo-275755,Clothing,Mexico,Social Media
18,217.84,2023-01-21,C-95950020,Gar-402943,Garden,Australia,Phone
5,92.51,2023-01-21,C-13268463,Mus-102651,Music,Australia,Social Media
11,405.77,2022-09-24,C-48248138,Spo-968141,Sports,Australia,Web
3,364.41,2025-01-25,C-99466366,Foo-818681,Food,Switzerland,Email
14,398.58,2022-06-14,C-15227782,Gar-240951,Garden,Switzerland,Web
11,204.04,2022-06-04,C-03989784,Hea-348569,Health,Italy,Store
18,326.72,2025-04-15,C-11172808,Gar-173560,Garden,Japan,Web
2,478.55,2023-07-01,C-82799399,Off-356376,Office,Netherlands,Marketplace
8,97.02,2022-02-17,C-21964351,Aut-586899,Automotive,Norway,Email
10,337.66,2024-07-28,C-22834925,Gar-027791,Garden,Australia,Social Media
6,273.04,2022-08-17,C-36104271,Fur-601905,Furniture,Denmark,Email
9,5.64,2024-05-29,C-95950020,Aut-120062,Automotive,Mexico,App
14,391.57,2024-04-13,C-47614337,Jew-204028,Jewelry,Denmark,Marketplace
15,273.31,2024-12-27,C-23111318,Aut-577102,Automotive,Canada,Store
3,206.23,2022-09-05,C-81092571,Foo-225537,Food,Austria,Web
7,466.59,2023-02-28,C-04759341,Toy-369525,Toys,Portugal,App
17,387.04,2022-09-08,C-36596055,Hea-139829,Health,Portugal,App
1,143.52,2022-07-15,C-08303045,Fur-538959,Furniture,United Kingdom,Marketplace
18,71.73,2025-02-07,C-37619890,Fur-486815,Furniture,Denmark,Web
14,304.6,2023-07-09,C-40712411,Aut-186340,Automotive,Japan,App
14,298.05,2022-01-08,C-40759502,Tra-983181,Travel,Australia,Web
19,325.71,2024-01-17,C-27728798,Spo-584059,Sports,United States,Marketplace
1,179.41,2025-07-15,C-89619648,Tra-598042,Travel,France,Email
18,452.46,2022-02-01,C-21815651,Bea-386972,Beauty,Norway,Marketplace
10,449.13,2024-12-26,C-49373053,Aut-124020,Automotive,Spain,Marketplace
14,318.45,2025-07-03,C-17115537,Ele-843623,Electronics,Canada,Email
13,175.86,2024-09-15,C-29230901,Jew-436216,Jewelry,Portugal,Email
13,129.49,2025-10-07,C-12198751,Bea-546753,Beauty,Mexico,Email
7,477.87,2023-04-02,C-12450349,Toy-053988,Toys,United States,Web
9,337.87,2024-12-18,C-59804289,Jew-843838,Jewelry,Germany,Phone
8,89.3,2022-04-08,C-94779946,Spo-268582,Sports,Australia,Social Media
10,297.77,2025-04-05,C-35991775,Toy-154205,Toys,Norway,Phone
19,62.8,2023-11-17,C-12564518,Off-518114,Office,Belgium,Email
11,325.38,2024-08-04,C-07718924,Off-382647,Office,Germany,Social Media
11,292.03,2025-02-13,C-99466366,Hea-641296,Health,Denmark,Email
1,60.04,2025-04-16,C-23912425,Boo-525137,Books,Denmark,Marketplace
8,216.91,2023-06-28,C-58207115,Fur-801947,Furniture,Spain,Store
13,342.74,2022-02-08,C-32681044,Spo-225136,Sports,Japan,Store
15,292.58,2022-10-02,C-32487120,Ele-929282,Electronics,Netherlands,Email
10,60.89,2022-11-08,C-78758323,Aut-723991,Automotive,Netherlands,Social Media
19,223.62,2024-04-05,C-18732299,Foo-238474,Food,Netherlands,Phone
11,171.37,2025-07-19,C-89665842,Ele-835403,Electronics,Belgium,Marketplace
6,445.16,2023-11-28,C-16552411,Boo-825647,Books,Switzerland,Phone
12,499.23,2025-02-01,C-72957339,Foo-850733,Food,Japan,Email
10,311.52,2024-12-22,C-24254708,Boo-064279,Books,Brazil,Store
10,410.26,2025-03-26,C-59804289,Fur-146394,Furniture,Canada,Marketplace
4,408.11,2025-01-30,C-02638398,Mus-038598,Music,Poland,Marketplace
10,125.72,2022-09-13,C-14582549,Boo-713859,Books,Mexico,Email
7,299.22,2022-11-29,C-19336679,Foo-246844,Food,United States,Email
19,114.35,2024-04-03,C-39200287,Off-354485,Office,Netherlands,Social Media
17,492.19,2023-06-02,C-49373053,Tra-090251,Travel,Denmark,App
14,357.7,2024-07-18,C-69919834,Fur-624108,Furniture,Australia,Web
2,253.27,2023-12-21,C-89667087,Mus-627641,Music,United Kingdom,Store
13,7.25,2022-03-21,C-85555041,Ele-588499,Electronics,Denmark,App
4,378.9,2023-09-15,C-03989784,Aut-585697,Automotive,United States,Email
15,199.26,2025-04-28,C-89665842,Boo-516358,Books,Spain,App
10,462.44,2024-11-17,C-83896442,Jew-608979,Jewelry,Canada,Social Media
13,463.77,2024-08-02,C-02890690,Fur-815014,Furniture,Sweden,Marketplace
3,251.12,2022-08-08,C-64838435,Jew-734364,Jewelry,Denmark,Social Media
14,355.51,2022-08-19,C-11172597,Aut-005358,Automotive,Mexico,Web
13,469.41,2023-08-29,C-27407092,Toy-224682,Toys,Sweden,Social Media
9,233.89,2025-06-16,C-04131834,Hea-356725,Health,Poland,Email
10,460.46,2023-08-21,C-67555445,Fur-807467,Furniture,Belgium,Email
9,99.09,2022-02-11,C-44034970,Foo-724736,Food,Japan,Social Media
7,147.05,2024-12-04,C-67124011,Aut-941839,Automotive,United Kingdom,Store
2,217.09,2025-05-29,C-39312362,Toy-525427,Toys,Switzerland,Store
16,231.41,2025-09-02,C-14362275,Off-487513,Office,Denmark,App
19,145.64,2022-07-10,C-91258005,Foo-756637,Food,United Kingdom,Social Media
2,246.78,2024-09-05,C-66796277,Jew-011544,Jewelry,Norway,Email
4,216.88,2022-12-29,C-21013148,Hea-997381,Health,Australia,Marketplace
11,445.05,2024-06-04,C-35862539,Hea-560559,Health,Poland,Store
1,449.17,2025-11-22,C-94752604,Gar-019788,Garden,Netherlands,Marketplace
7,123.16,2022-04-19,C-45189196,Boo-347329,Books,United Kingdom,Web
19,55.23,2022-01-22,C-59804289,Aut-852367,Automotive,Belgium,Web
2,417.82,2022-01-31,C-91848903,Foo-146366,Food,Mexico,Email
11,479.04,2023-03-06,C-94779946,Tra-365712,Travel,Mexico,App
13,185.98,2023-12-10,C-07305300,Spo-872633,Sports,Germany,Social Media
16,151.23,2025-01-28,C-21493738,Hea-529216,Health,Spain,Store
17,419.59,2022-03-21,C-31733702,Fur-872118,Furniture,Mexico,Email
19,61.56,2022-06-13,C-89337463,Clo-098358,Clothing,Norway,Phone
1,180.21,2024-10-18,C-03077799,Tra-339306,Travel,Australia,Social Media
7,251.36,2023-12-09,C-35862539,Gar-852121,Garden,Germany,Email
18,419.1,2022-10-04,C-03989784,Aut-455989,Automotive,Poland,Store
11,247.67,2024-05-18,C-61453651,Off-671424,Office,Sweden,Email
7,118.03,2024-09-19,C-03964660,Spo-614638,Sports,Switzerland,Phone
19,110.25,2023-02-24,C-51629298,Fur-227429,Furniture,Norway,Social Media
4,154.86,2023-05-08,C-28481406,Ele-891585,Electronics,Netherlands,Marketplace
16,323.12,2022-07-02,C-86898981,Toy-089643,Toys,Norway,Marketplace
15,240.02,2025-04-27,C-92295932,Tra-210190,Travel,Switzerland,Store
12,149.69,2025-08-03,C-36312598,Boo-244112,Books,Austria,Marketplace
6,363.05,2023-12-22,C-00221948,Foo-755344,Food,Portugal,Social Media
6,170.89,2025-07-15,C-76605428,Ele-684256,Electronics,Austria,Social Media
8,67.08,2022-10-05,C-76399890,Bea-942166,Beauty,France,Phone
18,7.61,2024-03-01,C-63879404,Foo-824490,Food,Portugal,Phone
18,164.24,2024-08-31,C-99951237,Jew-089681,Jewelry,Poland,Social Media
8,392.57,2022-08-01,C-92295932,Boo-509219,Books,Poland,App
17,118.37,2024-06-04,C-43310463,Boo-303667,Books,Germany,Marketplace
2,457.49,2022-03-28,C-46779506,Fur-039718,Furniture,Japan,App
14,241.67,2024-12-17,C-03074311,Clo-318847,Clothing,Norway,Phone
16,82.65,2022-11-05,C-33648030,Foo-233401,Food,United States,Store
13,375.77,2025-12-12,C-52196791,Gar-082765,Garden,United States,Store
13,18.85,2024-12-26,C-64838435,Jew-269028,Jewelry,France,Marketplace
8,440.06,2022-12-13,C-24254708,Ele-486161,Electronics,Switzerland,Web
19,475.59,2024-10-28,C-60259140,Jew-512077,Jewelry,France,Web
8,395.27,2025-09-19,C-66592869,Toy-507615,Toys,Australia,Social Media
5,343.34,2025-07-01,C-11593189,Mus-154652,Music,Sweden,App
13,451.21,2023-01-27,C-03016393,Jew-292193,Jewelry,Canada,Marketplace
19,489.51,2023-06-18,C-93179907,Spo-130886,Sports,Australia,Email
4,26.1,2023-12-03,C-27728798,Toy-702151,Toys,France,Email
9,245.94,2025-06-20,C-19495025,Boo-994133,Books,Italy,Store
16,215.35,2023-12-31,C-37389171,Bea-233183,Beauty,Brazil,Store
14,52.2,2022-06-14,C-23316927,Mus-636649,Music,United Kingdom,Web
13,307.46,2024-11-10,C-80434627,Toy-696677,Toys,Australia,Store
17,17.15,2024-02-21,C-78924248,Jew-293164,Jewelry,Austria,App
2,238.98,2024-02-13,C-65347335,Toy-465492,Toys,Australia,App
19,397.95,2025-06-20,C-40759502,Ele-149537,Electronics,Norway,Marketplace
17,378.91,2023-11-21,C-78758323,Tra-038160,Travel,Brazil,App
11,350.36,2022-03-06,C-72341909,Foo-912114,Food,Poland,Phone
6,341.73,2025-09-07,C-46857022,Clo-237393,Clothing,Belgium,Web
2,32.21,2022-09-29,C-93594457,Off-682051,Office,Poland,Email
3,404.77,2023-04-21,C-71679333,Gar-477840,Garden,United Kingdom,Phone
16,434.79,2025-09-17,C-08845506,Spo-067909,Sports,Belgium,Email
10,437.88,2025-08-14,C-58631788,Ele-748109,Electronics,Portugal,Web
9,489.77,2022-06-19,C-07674407,Bea-208409,Beauty,Switzerland,Store
3,417.26,2025-08-16,C-86452949,Jew-897146,Jewelry,Belgium,App
7,484.0,2023-05-19,C-88131584,Off-682785,Office,Portugal,Store
11,154.97,2024-05-08,C-43022236,Clo-992651,Clothing,Portugal,App
15,323.96,2025-09-09,C-15227782,Toy-759914,Toys,Australia,App
16,58.52,2022-02-15,C-14167380,Toy-899539,Toys,Switzerland,App
4,365.48,2025-08-08,C-68421440,Clo-501101,Clothing,Poland,Marketplace
7,366.43,2025-12-29,C-69850346,Boo-869422,Books,Canada,Store
15,122.41,2024-04-26,C-85780309,Toy-751092,Toys,Italy,Email
5,12.21,2024-04-04,C-72966724,Clo-176261,Clothing,Canada,App
5,83.89,2022-04-02,C-96984679,Boo-479380,Books,Portugal,Social Media
11,173.36,2024-09-26,C-64105322,Toy-199399,Toys,Switzerland,Phone
2,379.55,2022-12-18,C-23316927,Aut-238955,Automotive,Spain,Email
5,485.74,2022-10-06,C-17640864,Ele-920363,Electronics,Australia,Email
8,470.21,2022-06-26,C-25479673,Toy-274308,Toys,United Kingdom,Email
5,486.95,2025-10-29,C-22258680,Foo-663562,Food,Brazil,Phone
18,462.32,2022-06-02,C-86887776,Off-184930,Office,Canada,Social Media
16,203.24,2025-12-24,C-05163875,Hea-786001,Health,United Kingdom,Web
9,130.83,2022-07-14,C-33477060,Boo-065091,Books,Portugal,Phone
13,65.43,2025-01-25,C-55631850,Ele-143393,Electronics,United States,Store
5,455.53,2024-03-09,C-40816416,Bea-366289,Beauty,Switzerland,Store
13,46.8,2025-08-06,C-43254822,Mus-031068,Music,Portugal,Email
11,386.89,2023-08-23,C-94751185,Mus-820329,Music,United States,App
10,143.52,2024-12-16,C-35862539,Tra-875610,Travel,Portugal,App
3,49.11,2024-11-02,C-49373053,Toy-368068,Toys,Italy,Phone
17,335.36,2024-01-07,C-32681044,Off-715534,Office,Australia,Social Media
4,347.47,2023-07-11,C-39719554,Foo-784282,Food,Portugal,Social Media
17,261.54,2023-12-13,C-40816416,Mus-297714,Music,Japan,Web
1,356.1,2024-02-27,C-81092571,Toy-611555,Toys,Norway,Web
17,89.73,2022-11-18,C-57442109,Toy-269992,Toys,Portugal,Web
13,142.12,2022-05-16,C-25479673,Aut-002821,Automotive,Spain,App
15,65.08,2024-05-20,C-32013927,Toy-089722,Toys,United States,Email
3,21.52,2025-02-28,C-48042983,Clo-637052,Clothing,United Kingdom,App
2,367.5,2025-10-27,C-68849874,Aut-313954,Automotive,Australia,Phone
10,237.16,2024-07-17,C-75310409,Hea-549158,Health,Australia,Web
8,355.79,2025-10-05,C-35863083,Aut-626145,Automotive,Japan,Web
9,96.76,2022-06-28,C-27185779,Spo-043613,Sports,Austria,Email
4,140.24,2024-04-06,C-85730245,Spo-995882,Sports,Germany,Email
12,422.47,2024-01-06,C-01425733,Ele-415249,Electronics,Belgium,Web
1,468.7,2024-03-11,C-27206525,Ele-147785,Electronics,Brazil,App
18,366.41,2025-02-26,C-03298924,Foo-958483,Food,Sweden,Web
15,112.01,2025-10-23,C-34187596,Aut-514415,Automotive,Poland,Web
7,112.75,2024-04-17,C-66918517,Clo-713838,Clothing,Mexico,Phone
4,354.81,2025-05-28,C-13247287,Ele-385822,Electronics,Mexico,Web
1,314.71,2025-10-01,C-31562395,Clo-288313,Clothing,United Kingdom,Social Media
10,38.12,2025-03-16,C-76803278,Toy-913980,Toys,Australia,Phone
19,141.63,2024-02-25,C-73352991,Tra-901595,Travel,Poland,Marketplace
9,221.78,2023-10-13,C-14863834,Boo-354779,Books,Netherlands,Phone
7,42.01,2025-03-15,C-24825971,Fur-670760,Furniture,Belgium,Marketplace
19,184.61,2023-01-01,C-45178159,Mus-668709,Music,Sweden,Email
4,16.5,2023-06-14,C-14348130,Aut-803524,Automotive,Canada,Marketplace
12,338.89,2024-08-31,C-48732589,Gar-952892,Garden,France,Store
15,152.2,2025-06-01,C-10628881,Spo-071174,Sports,France,Email
16,296.29,2024-08-23,C-10628881,Spo-919998,Sports,Brazil,Email
11,222.13,2023-08-06,C-35511467,Gar-892913,Garden,Italy,Phone
14,361.41,2025-08-01,C-44777025,Mus-554075,Music,Austria,App
18,82.03,2022-08-24,C-78924248,Bea-726881,Beauty,Australia,Store
3,395.86,2022-07-19,C-16552411,Bea-566513,Beauty,Germany,Phone
2,49.29,2024-01-03,C-89601719,Ele-866366,Electronics,Netherlands,Store
12,290.48,2023-07-24,C-21047218,Ele-793880,Electronics,Poland,App
4,104.83,2025-08-07,C-28506804,Toy-159003,Toys,Switzerland,Email
16,128.24,2024-03-10,C-37282969,Spo-252270,Sports,Japan,Phone
3,377.26,2025-07-25,C-29227444,Tra-954939,Travel,Poland,Email
12,90.97,2024-08-12,C-34043398,Mus-552137,Music,Denmark,Web
4,482.18,2023-07-08,C-32317799,Aut-970333,Automotive,Austria,Marketplace
10,239.21,2025-04-25,C-77186257,Toy-032670,Toys,France,Email
1,429.58,2022-03-22,C-29463459,Bea-618079,Beauty,Mexico,Email
15,42.9,2024-04-03,C-58623748,Jew-944835,Jewelry,France,Social Media
13,221.2,2024-02-16,C-86452949,Boo-371894,Books,Austria,Store
8,187.3,2022-01-22,C-89047975,Spo-662588,Sports,Austria,Phone
10,336.24,2025-09-23,C-65235738,Aut-092543,Automotive,Portugal,Email
1,406.12,2024-07-07,C-36941673,Off-977225,Office,United Kingdom,Email
13,138.64,2023-07-17,C-93572459,Ele-298162,Electronics,Canada,Phone
16,146.31,2022-06-08,C-01495378,Fur-107857,Furniture,Brazil,Store
12,42.17,2022-07-03,C-35169198,Fur-917104,Furniture,Italy,Email
6,397.18,2022-02-11,C-89619648,Gar-742509,Garden,Italy,App
18,385.57,2022-04-20,C-93819002,Boo-270714,Books,Italy,Marketplace
1,331.03,2024-09-04,C-12780542,Spo-106250,Sports,Italy,Store
8,363.26,2025-11-30,C-44561552,Off-554291,Office,Mexico,Marketplace
10,400.94,2024-09-05,C-55264133,Spo-318921,Sports,United States,App
7,66.68,2025-08-02,C-11498981,Mus-234059,Music,Austria,Email
3,265.24,2023-07-11,C-16444729,Jew-120316,Jewelry,Mexico,Web
18,193.31,2024-11-10,C-03797010,Spo-868889,Sports,Norway,Phone
6,471.73,2022-03-02,C-13247287,Off-353038,Office,Switzerland,Marketplace
12,204.8,2025-12-04,C-14348130,Boo-544208,Books,Norway,Phone
16,125.67,2025-06-23,C-82924856,Off-328733,Office,Spain,Social Media
4,298.69,2024-11-18,C-49373053,Fur-003611,Furniture,Germany,Social Media
9,128.03,2023-09-07,C-19818284,Bea-337212,Beauty,Germany,Phone
1,130.93,2024-04-22,C-07718924,Jew-333007,Jewelry,Brazil,Email
8,42.01,2024-09-11,C-01425733,Tra-645374,Travel,Denmark,App
3,489.83,2023-06-15,C-35511467,Gar-242715,Garden,Italy,Store
15,263.92,2025-03-18,C-61648314,Bea-815253,Beauty,Portugal,App
19,95.41,2023-12-13,C-91611921,Tra-090995,Travel,Germany,Social Media
5,20.67,2023-06-28,C-52196791,Tra-747057,Travel,Norway,Web
16,493.55,2022-01-26,C-76270600,Bea-766250,Beauty,Japan,App
14,99.52,2024-07-29,C-83940354,Boo-990074,Books,Japan,Web
3,317.97,2022-12-20,C-97457004,Aut-393634,Automotive,Italy,Social Media
7,5.75,2024-08-16,C-35991775,Aut-275346,Automotive,Denmark,Social Media
2,301.3,2024-09-05,C-35863083,Hea-574793,Health,Poland,Social Media
12,136.46,2022-06-24,C-32317799,Toy-318552,Toys,United States,Social Media
2,296.24,2024-09-27,C-47831975,Aut-213221,Automotive,France,Web
9,440.55,2024-01-16,C-56155330,Spo-901352,Sports,Poland,Social Media
7,282.74,2023-02-10,C-44131482,Spo-050494,Sports,Netherlands,Store
9,313.91,2025-04-19,C-25569498,Mus-331640,Music,Brazil,App
3,45.37,2025-12-17,C-99466366,Mus-441736,Music,Denmark,Social Media
11,326.54,2025-02-08,C-10628881,Mus-765396,Music,Poland,Store
14,224.59,2023-10-30,C-33237296,Aut-543837,Automotive,Canada,Marketplace
9,456.87,2024-04-30,C-42531372,Clo-890877,Clothing,United Kingdom,Social Media
2,48.88,2024-10-29,C-42531372,Clo-433607,Clothing,Canada,App
12,471.47,2025-09-11,C-76810864,Boo-021092,Books,Japan,Web
3,248.39,2024-09-10,C-14582549,Foo-989932,Food,Norway,Social Media
2,239.71,2024-05-19,C-66592869,Off-626540,Office,Germany,Marketplace
4,223.02,2023-12-12,C-03929539,Off-792122,Office,Switzerland,Social Media
19,355.88,2024-08-30,C-24943709,Foo-213967,Food,Belgium,Phone
14,113.01,2024-08-04,C-12450349,Aut-232746,Automotive,Japan,Marketplace
4,133.22,2022-02-05,C-54527481,Foo-721514,Food,Norway,Web
15,406.53,2023-08-03,C-11133828,Clo-125095,Clothing,United Kingdom,App
8,420.19,2023-01-01,C-28616400,Clo-689589,Clothing,Italy,Phone
7,30.59,2023-11-22,C-78924248,Tra-432144,Travel,United Kingdom,Social Media
10,57.85,2024-02-12,C-47831844,Ele-756926,Electronics,Germany,Store
18,297.53,2023-03-20,C-24825971,Boo-575845,Books,Mexico,Web
18,86.14,2023-12-21,C-85002220,Fur-321633,Furniture,Sweden,Marketplace
4,316.15,2024-10-06,C-78446420,Spo-868785,Sports,United States,Email
13,348.7,2025-11-21,C-25814587,Tra-217756,Travel,Switzerland,Social Media
6,63.98,2024-12-01,C-99951237,Fur-459880,Furniture,Netherlands,Email
3,227.12,2025-04-27,C-76264318,Bea-436227,Beauty,France,App
11,391.99,2025-12-17,C-96899874,Spo-196387,Sports,Belgium,Email
5,125.99,2024-06-24,C-85201177,Spo-541740,Sports,United Kingdom,Email
7,67.25,2025-10-12,C-19336679,Mus-088225,Music,Poland,Phone
11,208.7,2024-12-25,C-73823713,Boo-837211,Books,Spain,Email
15,370.7,2024-07-03,C-60259140,Ele-272575,Electronics,Mexico,Email
10,32.53,2023-03-04,C-26963375,Aut-324655,Automotive,France,Web
12,125.06,2025-07-26,C-96319520,Foo-411259,Food,Austria,Store
5,392.72,2022-06-29,C-43258668,Ele-727084,Electronics,France,App
9,77.55,2022-02-24,C-33477060,Fur-153650,Furniture,Spain,Marketplace
7,101.6,2025-06-14,C-14167380,Toy-475923,Toys,Brazil,Email
12,210.85,2022-10-23,C-75310409,Toy-296969,Toys,Portugal,Email
4,118.96,2025-12-23,C-02885459,Aut-614025,Automotive,Denmark,Social Media
7,37.09,2024-09-29,C-28655580,Ele-936311,Electronics,Canada,Web
5,477.63,2022-04-24,C-71354562,Off-730361,Office,Brazil,Phone
10,103.16,2022-05-14,C-25569498,Spo-863128,Sports,Denmark,Web
6,354.11,2025-06-10,C-50560434,Jew-814229,Jewelry,Mexico,Store
4,308.76,2022-05-19,C-79109200,Jew-931714,Jewelry,Italy,App
9,390.36,2022-05-19,C-54527481,Fur-807578,Furniture,Canada,App
1,310.54,2025-03-31,C-42531372,Fur-893022,Furniture,United States,Store
8,481.07,2024-09-08,C-32013927,Gar-475094,Garden,Austria,Phone
18,339.06,2023-07-06,C-16552411,Bea-548575,Beauty,Spain,Web
18,160.31,2025-10-22,C-89601719,Ele-420089,Electronics,Germany,Phone
5,388.04,2024-07-20,C-54942359,Boo-172440,Books,Belgium,App
10,474.71,2025-09-21,C-03797010,Fur-206728,Furniture,United States,Phone
11,284.06,2025-08-06,C-40816416,Mus-475496,Music,Germany,Store
15,410.3,2024-07-27,C-61635242,Toy-630323,Toys,United States,Store
7,351.11,2022-05-15,C-72893017,Bea-510534,Beauty,Austria,Phone
15,106.81,2023-04-07,C-32317799,Ele-973288,Electronics,Canada,App
4,336.12,2025-06-27,C-80730111,Spo-818975,Sports,Norway,Social Media
6,184.37,2024-07-31,C-55597799,Clo-282264,Clothing,Spain,Web
13,261.48,2024-01-24,C-51510185,Bea-559038,Beauty,Brazil,App
14,394.14,2022-12-03,C-64933370,Hea-201613,Health,Japan,Marketplace
8,469.59,2025-06-03,C-59241963,Fur-521438,Furniture,Denmark,Social Media
7,477.62,2022-08-11,C-35700115,Clo-584227,Clothing,France,Marketplace
6,172.14,2024-11-14,C-58593771,Off-829849,Office,Denmark,Store
2,17.12,2022-03-18,C-80272452,Gar-132714,Garden,United Kingdom,Web
16,42.38,2025-03-05,C-45237494,Clo-862841,Clothing,Australia,Store
12,39.24,2024-09-02,C-29230901,Bea-250879,Beauty,Japan,Marketplace
7,461.06,2025-11-22,C-13247287,Hea-952274,Health,Austria,Marketplace
9,141.5,2025-01-18,C-48732589,Clo-488990,Clothing,Belgium,App
14,326.46,2024-08-27,C-58593771,Foo-609586,Food,Switzerland,App
17,250.42,2023-04-01,C-44489996,Spo-123555,Sports,France,App
8,239.35,2024-04-04,C-54087604,Toy-517176,Toys,Germany,Marketplace
6,267.1,2024-03-20,C-58858217,Fur-190250,Furniture,Mexico,Marketplace
18,345.44,2025-11-26,C-86898981,Mus-664637,Music,Netherlands,Social Media
10,117.52,2022-08-11,C-11498981,Bea-468679,Beauty,Belgium,Email
10,143.15,2023-03-01,C-47607714,Aut-975001,Automotive,Norway,Marketplace
5,36.0,2025-09-07,C-28655580,Gar-918598,Garden,Denmark,Email
10,475.8,2022-11-24,C-28663874,Jew-155545,Jewelry,Portugal,Marketplace
18,167.14,2024-11-22,C-27728798,Ele-292514,Electronics,Poland,Store
5,439.93,2023-11-11,C-59610177,Toy-140338,Toys,Portugal,Web
8,240.23,2024-11-28,C-93819002,Bea-205745,Beauty,Austria,Web
13,17.27,2024-01-30,C-76800708,Tra-241575,Travel,Italy,App
14,128.49,2024-12-30,C-14582549,Boo-797667,Books,Switzerland,Social Media
12,128.19,2022-09-21,C-03074311,Off-132190,Office,Canada,Social Media
11,487.13,2023-06-17,C-00716732,Gar-021006,Garden,Sweden,Web
1,357.56,2025-04-25,C-03016393,Boo-689019,Books,Canada,Phone
9,205.51,2022-01-08,C-49819326,Foo-027821,Food,Portugal,Email
4,23.41,2025-02-22,C-30456182,Toy-970967,Toys,Mexico,App
8,104.6,2024-01-19,C-55631850,Jew-804679,Jewelry,Italy,App
5,166.75,2022-02-09,C-59610177,Aut-991347,Automotive,Switzerland,App
17,286.39,2025-04-04,C-44777025,Tra-336445,Travel,Australia,Marketplace
14,26.37,2025-10-30,C-82924856,Mus-663633,Music,United Kingdom,Marketplace
1,169.2,2025-10-25,C-37619890,Tra-794098,Travel,Belgium,Store
10,177.44,2024-11-28,C-68110109,Bea-820522,Beauty,Sweden,Marketplace
19,13.37,2024-09-13,C-50907432,Off-366948,Office,Portugal,App
4,390.64,2024-11-30,C-85947324,Gar-874877,Garden,United Kingdom,Web
14,421.22,2024-07-18,C-99466366,Foo-868446,Food,Germany,Marketplace
1,190.94,2022-12-22,C-94752604,Spo-891836,Sports,Poland,Store
2,315.53,2022-05-27,C-93712739,Spo-119892,Sports,Japan,App
4,114.64,2023-02-09,C-93354569,Fur-360267,Furniture,Austria,Marketplace
15,159.07,2023-03-17,C-11985335,Gar-165328,Garden,Japan,Social Media
18,232.77,2023-10-22,C-10353855,Boo-424342,Books,Belgium,Web
7,278.43,2023-08-22,C-50560434,Clo-403360,Clothing,Belgium,Social Media
16,309.34,2022-11-14,C-33971496,Bea-831668,Beauty,Mexico,Email
19,263.77,2024-11-02,C-23316927,Toy-339683,Toys,Denmark,App
14,212.84,2022-06-16,C-44394558,Boo-093219,Books,Netherlands,Social Media
15,295.03,2023-06-04,C-79340041,Off-868431,Office,Portugal,App
13,198.9,2024-04-09,C-48248138,Tra-416096,Travel,Denmark,App
19,39.07,2022-06-03,C-33237296,Off-052690,Office,Poland,Marketplace
4,93.11,2022-11-28,C-88764007,Gar-963635,Garden,Belgium,Email
2,193.2,2022-01-10,C-33071308,Hea-188537,Health,Australia,Web
18,451.1,2025-09-22,C-10382808,Off-416101,Office,Brazil,Web
4,224.11,2023-07-07,C-00571789,Aut-725589,Automotive,United Kingdom,Phone
1,13.31,2023-11-23,C-55521351,Mus-165190,Music,Switzerland,Store
17,241.44,2024-01-30,C-27407092,Bea-507758,Beauty,Switzerland,App
13,201.4,2022-07-03,C-69850346,Ele-403144,Electronics,Mexico,Marketplace
1,113.51,2022-11-02,C-42970743,Spo-074705,Sports,Japan,App
10,239.84,2024-11-09,C-52196791,Bea-172097,Beauty,Switzerland,Marketplace
10,112.7,2022-06-29,C-53923828,Toy-055350,Toys,Norway,Social Media
6,157.82,2023-09-23,C-60590184,Clo-923460,Clothing,Austria,Social Media
19,360.06,2024-11-13,C-44034970,Aut-561144,Automotive,Belgium,Marketplace
13,470.6,2025-11-09,C-79109200,Toy-822861,Toys,Switzerland,Social Media
4,78.52,2022-08-21,C-29004750,Boo-223509,Books,Italy,Web
2,176.8,2023-09-09,C-82193345,Boo-341210,Books,Portugal,Phone
19,134.85,2025-01-16,C-80730111,Spo-765574,Sports,Sweden,Phone
5,482.78,2024-12-15,C-08397369,Toy-965402,Toys,Netherlands,Phone
15,492.39,2025-12-09,C-85555041,Tra-864447,Travel,United Kingdom,Web
2,389.58,2025-09-12,C-05085836,Mus-941526,Music,Netherlands,Social Media
9,452.96,2025-07-26,C-70140173,Boo-167197,Books,Netherlands,Social Media
1,42.52,2022-07-02,C-47614337,Gar-807513,Garden,Japan,Web
14,253.61,2024-03-05,C-56171343,Toy-127830,Toys,Netherlands,Social Media
15,168.52,2025-04-06,C-89337463,Clo-593421,Clothing,United States,Store
12,424.94,2023-11-07,C-53082079,Foo-912243,Food,Denmark,Phone
2,418.27,2024-01-25,C-71679333,Aut-111209,Automotive,Brazil,Social Media
12,341.62,2025-01-08,C-60708577,Jew-687883,Jewelry,Spain,Store
17,302.71,2024-06-12,C-85947324,Ele-737135,Electronics,Belgium,Store
19,353.53,2025-01-02,C-96295925,Mus-210660,Music,Mexico,Phone
10,96.22,2023-09-22,C-25814587,Boo-062908,Books,Germany,Email
15,158.11,2022-02-06,C-85780309,Off-710903,Office,Italy,Email
8,146.68,2022-07-21,C-31562395,Tra-591394,Travel,Poland,Marketplace
19,452.95,2022-06-24,C-64967803,Jew-129355,Jewelry,Sweden,Web
1,345.46,2025-10-28,C-29227444,Fur-117001,Furniture,Brazil,Web
5,108.32,2025-06-17,C-44214705,Hea-427824,Health,United States,App
1,363.36,2023-02-04,C-35863083,Gar-042581,Garden,Spain,Email
7,424.78,2022-12-30,C-48888222,Spo-591973,Sports,Brazil,Social Media
9,352.94,2022-01-20,C-91258005,Spo-637051,Sports,Poland,Store
1,170.28,2022-11-05,C-76319842,Aut-436549,Automotive,Spain,Web
1,209.6,2024-01-31,C-57589671,Ele-589052,Electronics,Germany,Phone
4,43.34,2024-07-09,C-34756280,Clo-523931,Clothing,Switzerland,Social Media
7,22.04,2022-01-17,C-71354562,Gar-101224,Garden,Portugal,Email
9,204.31,2022-03-28,C-82983097,Ele-354232,Electronics,Netherlands,Phone
19,65.09,2022-05-27,C-88764007,Ele-524759,Electronics,Denmark,Web
19,271.24,2023-02-26,C-65235738,Aut-838149,Automotive,Switzerland,Phone
10,108.99,2022-01-09,C-71354562,Boo-037135,Books,Sweden,Web
1,59.01,2024-01-17,C-32186206,Mus-239184,Music,Italy,Marketplace
7,308.71,2023-12-25,C-08085231,Gar-602012,Garden,Germany,Social Media
4,401.47,2024-03-19,C-11133828,Clo-089536,Clothing,Italy,Marketplace
8,453.11,2025-02-07,C-47467171,Foo-074623,Food,Switzerland,Web
14,362.65,2022-11-03,C-19818284,Foo-489458,Food,France,Store
15,124.6,2025-05-17,C-02890690,Clo-836053,Clothing,Belgium,Store
7,378.8,2022-03-30,C-60708577,Tra-204003,Travel,Italy,Email
11,152.79,2025-02-01,C-64801937,Boo-671349,Books,Netherlands,Phone
19,9.86,2023-08-25,C-52687437,Clo-993468,Clothing,Australia,Phone
5,55.66,2025-06-15,C-33389851,Hea-535070,Health,Spain,Social Media
13,290.54,2024-05-05,C-37620194,Foo-559903,Food,Netherlands,Store
5,387.29,2022-01-14,C-67734713,Spo-605468,Sports,Germany,App
14,354.48,2025-01-09,C-21493738,Bea-302107,Beauty,France,Web
1,270.12,2024-02-15,C-75232822,Mus-080733,Music,France,Phone
18,53.41,2024-12-30,C-24254708,Ele-734959,Electronics,Switzerland,Phone
10,330.29,2025-06-30,C-34194127,Spo-520771,Sports,Denmark,Phone
2,32.95,2024-06-27,C-17640864,Tra-667096,Travel,Sweden,Phone
14,81.32,2023-07-02,C-14823370,Tra-476591,Travel,Spain,Web
2,455.61,2024-05-19,C-96984679,Boo-846966,Books,Norway,Web
7,456.31,2022-08-21,C-03074311,Mus-274164,Music,Portugal,Phone
16,477.46,2023-12-14,C-78758323,Spo-270318,Sports,Switzerland,Email
19,76.48,2024-02-04,C-02638398,Spo-969651,Sports,Netherlands,Social Media
11,362.65,2024-09-18,C-61223304,Toy-397080,Toys,Italy,Marketplace
4,225.54,2022-10-20,C-95405257,Foo-042681,Food,Brazil,Web
7,438.12,2023-04-18,C-03298924,Off-391225,Office,France,Marketplace
18,493.04,2025-03-01,C-72687598,Aut-319358,Automotive,Poland,Email
1,70.45,2025-09-15,C-73741620,Mus-846784,Music,Brazil,Store
16,130.43,2024-12-19,C-29004750,Ele-900966,Electronics,Austria,App
14,436.66,2022-09-15,C-78758323,Gar-244645,Garden,Netherlands,Marketplace
16,164.7,2023-05-20,C-08397369,Off-496831,Office,Mexico,Phone
4,39.22,2025-11-27,C-54527481,Mus-764525,Music,Italy,Social Media
6,145.04,2024-03-10,C-88131584,Jew-151581,Jewelry,Sweden,Email
19,327.6,2023-12-11,C-91611921,Spo-848739,Sports,Netherlands,Store
11,368.83,2024-09-29,C-77990744,Jew-684032,Jewelry,Belgium,Phone
2,367.85,2022-09-15,C-83940354,Foo-247860,Food,Brazil,Store
6,407.25,2024-11-18,C-77772036,Jew-306639,Jewelry,Switzerland,Social Media
1,223.35,2023-08-31,C-43022236,Spo-287003,Sports,Brazil,App
14,89.74,2022-11-02,C-75123250,Off-909186,Office,Switzerland,Phone
13,192.11,2025-05-30,C-02638398,Clo-745685,Clothing,Italy,Phone
6,42.58,2022-05-03,C-66049568,Mus-191904,Music,France,App
2,115.52,2025-10-13,C-65189987,Aut-456002,Automotive,United States,Phone
5,124.18,2022-11-29,C-52687437,Fur-345763,Furniture,Norway,Social Media
5,479.88,2025-11-11,C-65235738,Mus-127015,Music,Canada,App
9,443.36,2022-06-23,C-86452949,Aut-143510,Automotive,Poland,Email
1,351.75,2023-11-15,C-08845506,Clo-649092,Clothing,Netherlands,Web
11,492.12,2025-01-29,C-07305300,Hea-800039,Health,France,Store
9,135.69,2022-05-19,C-73823713,Ele-784654,Electronics,France,Social Media
6,443.48,2023-06-04,C-03298924,Mus-315193,Music,Italy,App
7,93.71,2023-10-24,C-26931360,Foo-383023,Food,Japan,App
16,327.27,2024-10-08,C-23912425,Foo-994894,Food,France,Store
7,166.91,2025-09-01,C-51510185,Jew-132523,Jewelry,Poland,Store
17,142.32,2022-04-14,C-66049568,Spo-082324,Sports,Netherlands,Social Media
12,427.67,2023-05-17,C-23111318,Jew-728403,Jewelry,Switzerland,Social Media
8,327.52,2023-10-03,C-67404415,Mus-380196,Music,Mexico,Social Media
14,97.36,2023-03-08,C-11177777,Aut-343889,Automotive,Poland,Store
4,203.4,2023-09-28,C-89667087,Aut-435364,Automotive,United Kingdom,Social Media
14,165.37,2025-10-01,C-17474126,Tra-719903,Travel,Sweden,App
18,381.21,2024-09-03,C-40816416,Bea-830969,Beauty,Australia,Web
4,471.24,2024-12-07,C-88904378,Tra-167253,Travel,Belgium,App
1,270.19,2025-06-16,C-95370570,Spo-324112,Sports,United Kingdom,Email
19,33.53,2025-06-19,C-58207115,Fur-010763,Furniture,United States,Marketplace
18,45.51,2023-05-13,C-73823713,Fur-068155,Furniture,Brazil,Email
12,55.23,2024-04-06,C-82193345,Off-932123,Office,Germany,App
4,42.48,2022-01-25,C-11593189,Hea-673440,Health,Sweden,Social Media
4,199.81,2023-04-06,C-29004750,Clo-602359,Clothing,Japan,Social Media
15,400.13,2022-04-29,C-93712739,Hea-760169,Health,Canada,Web
1,36.3,2022-05-28,C-84592199,Tra-487476,Travel,Mexico,Web
7,161.67,2024-04-25,C-12945345,Toy-155233,Toys,Switzerland,App
6,127.98,2024-09-06,C-77186257,Mus-260570,Music,United Kingdom,Store
8,66.27,2023-12-16,C-34756280,Ele-318534,Electronics,United States,Social Media
9,471.31,2025-09-17,C-92295932,Off-532010,Office,Norway,Marketplace
19,110.07,2024-08-21,C-45178159,Foo-339522,Food,Norway,Marketplace
11,489.43,2023-05-07,C-75310409,Spo-205791,Sports,Sweden,Store
11,336.18,2022-01-06,C-89047975,Spo-576331,Sports,Japan,Web
14,264.73,2022-02-10,C-04388288,Tra-973831,Travel,Mexico,Email
16,108.64,2022-06-23,C-46779506,Jew-672120,Jewelry,Netherlands,Social Media
2,265.96,2024-01-04,C-35863083,Gar-730953,Garden,Australia,Email
9,255.92,2024-11-08,C-92141302,Boo-101898,Books,Norway,Email
9,123.2,2025-05-03,C-35700115,Aut-437986,Automotive,Belgium,App
1,166.16,2025-06-02,C-26931360,Ele-435657,Electronics,Denmark,Marketplace
11,475.67,2025-12-01,C-38567964,Boo-947402,Books,Brazil,Store
4,42.05,2023-03-24,C-31562395,Jew-256844,Jewelry,France,Marketplace
6,337.68,2024-01-30,C-45178159,Off-373655,Office,Poland,Web
12,320.85,2023-07-30,C-64801937,Boo-838736,Books,Portugal,Phone
11,166.14,2023-01-28,C-73659733,Tra-699394,Travel,Poland,Phone
12,440.06,2023-04-30,C-80434627,Jew-898439,Jewelry,France,Web
14,385.14,2024-03-06,C-76810864,Boo-131560,Books,Belgium,Marketplace
8,195.52,2023-01-24,C-37792256,Hea-159798,Health,Japan,Social Media
8,41.39,2024-03-12,C-01495378,Tra-703773,Travel,Belgium,Email
12,102.52,2024-06-28,C-29832082,Fur-392050,Furniture,Norway,Social Media
18,462.24,2025-06-20,C-81092571,Bea-647934,Beauty,Portugal,Store
5,477.92,2025-05-31,C-57589671,Gar-826655,Garden,Poland,App
14,40.94,2024-02-28,C-52687437,Tra-807929,Travel,Denmark,Email
8,51.7,2025-08-31,C-52165873,Mus-389787,Music,France,Email
15,31.65,2025-08-19,C-24825971,Boo-032103,Books,Netherlands,Web
15,465.31,2022-01-21,C-82983097,Ele-097223,Electronics,Italy,Store
8,245.25,2025-06-02,C-85780309,Gar-191101,Garden,Poland,Store
4,149.35,2024-12-02,C-98578568,Bea-893090,Beauty,Spain,Marketplace
8,66.01,2024-01-06,C-30786627,Bea-132491,Beauty,Switzerland,Store
5,416.72,2023-07-23,C-40066424,Clo-049435,Clothing,Netherlands,Social Media
3,410.59,2023-01-08,C-50169180,Gar-272802,Garden,Portugal,Email
12,262.08,2022-10-14,C-47831975,Aut-439674,Automotive,Japan,Web
1,44.01,2022-03-06,C-03016393,Fur-942764,Furniture,Spain,Marketplace
14,417.6,2024-04-30,C-84592199,Bea-219109,Beauty,Australia,App
11,122.79,2025-04-20,C-20625702,Ele-183507,Electronics,Sweden,Email
13,261.9,2023-03-29,C-59637217,Clo-865380,Clothing,Japan,Marketplace
18,401.15,2024-04-28,C-01495378,Ele-312427,Electronics,Sweden,Phone
15,459.24,2025-01-11,C-69025898,Ele-936685,Electronics,Belgium,Social Media
7,188.97,2022-08-18,C-34756280,Hea-733219,Health,Germany,App
3,160.86,2025-01-24,C-67404415,Gar-159504,Garden,Canada,Social Media
11,426.53,2022-05-14,C-67734713,Gar-621807,Garden,Japan,Marketplace
14,484.85,2024-12-07,C-43310463,Spo-823115,Sports,Italy,Social Media
5,121.1,2023-01-26,C-89667087,Aut-120704,Automotive,Mexico,App
18,228.16,2022-04-03,C-72957339,Fur-766913,Furniture,Portugal,App
19,399.48,2022-09-11,C-10975431,Ele-791020,Electronics,Spain,Marketplace
7,317.29,2023-04-15,C-76803278,Tra-329292,Travel,United States,Store
9,295.42,2022-08-04,C-33237296,Tra-082330,Travel,Netherlands,Email
8,312.02,2022-06-16,C-22393430,Spo-475757,Sports,Denmark,App
14,23.72,2022-04-07,C-25746750,Fur-698498,Furniture,Spain,Web
15,470.28,2022-06-26,C-37792256,Bea-730273,Beauty,Japan,App
13,338.94,2022-04-25,C-40712411,Tra-307189,Travel,Spain,Web
18,37.95,2022-04-29,C-23562036,Toy-293619,Toys,Mexico,Marketplace
14,287.32,2023-09-11,C-52729045,Bea-587883,Beauty,United Kingdom,Phone
1,441.82,2025-11-29,C-76399890,Clo-360964,Clothing,United Kingdom,Phone
6,162.91,2022-01-16,C-71521183,Bea-820130,Beauty,Germany,Web
8,441.25,2025-06-23,C-50907432,Hea-612107,Health,Belgium,Email
7,100.16,2024-03-27,C-13324549,Bea-563846,Beauty,Portugal,App
19,252.75,2022-09-11,C-83896442,Hea-827449,Health,Portugal,Email
4,413.85,2025-01-14,C-71666979,Tra-675565,Travel,Denmark,Phone
17,417.47,2025-09-17,C-82924856,Foo-479170,Food,Portugal,Social Media
13,111.15,2025-10-24,C-28523979,Bea-641710,Beauty,Belgium,Store
16,353.29,2024-12-14,C-33389851,Ele-117957,Electronics,Poland,Phone
7,78.85,2023-07-02,C-50907432,Clo-885658,Clothing,Japan,App
3,343.37,2024-03-06,C-95364434,Foo-257664,Food,Germany,Email
6,265.61,2023-02-24,C-33237296,Spo-985410,Sports,France,Web
14,207.42,2025-11-13,C-93179907,Tra-872692,Travel,Canada,Marketplace
2,315.12,2022-01-18,C-58988585,Aut-547199,Automotive,Australia,Store
10,291.73,2025-04-09,C-35511467,Fur-600134,Furniture,Denmark,Social Media
16,214.89,2024-03-29,C-61453651,Off-598750,Office,Japan,Web
19,187.78,2024-05-22,C-35511467,Gar-992072,Garden,Austria,Phone
10,285.81,2024-02-07,C-89047975,Ele-915763,Electronics,Netherlands,Social Media
1,33.83,2025-07-29,C-47614337,Toy-866626,Toys,Belgium,Social Media
4,57.27,2025-07-24,C-12198751,Toy-734893,Toys,Japan,Social Media
10,492.6,2022-08-14,C-29004750,Aut-778121,Automotive,Netherlands,Web
16,262.2,2025-02-07,C-71666979,Ele-694174,Electronics,Brazil,Phone
6,18.29,2023-04-29,C-72966724,Boo-603814,Books,Germany,Marketplace
16,270.69,2023-08-08,C-85730245,Jew-449962,Jewelry,United Kingdom,Phone
4,142.74,2023-10-04,C-86752706,Boo-026122,Books,Denmark,Store
14,450.74,2023-01-10,C-65347335,Boo-822486,Books,Portugal,Web
13,207.92,2024-03-29,C-72893017,Aut-875878,Automotive,Germany,App
11,475.7,2025-09-13,C-22834925,Mus-638792,Music,Australia,App
7,190.91,2024-11-16,C-77186257,Fur-134602,Furniture,Sweden,Social Media
11,267.56,2024-10-23,C-58593771,Foo-748289,Food,Brazil,Phone
7,469.62,2022-01-11,C-43320541,Off-721006,Office,Norway,Marketplace
14,174.77,2025-12-07,C-54512617,Boo-153393,Books,Germany,Social Media
18,74.76,2023-10-16,C-86752706,Spo-504907,Sports,Austria,Web
8,335.04,2024-05-27,C-13268463,Hea-914786,Health,Poland,Phone
5,329.73,2023-06-16,C-64838435,Bea-563811,Beauty,Mexico,App
3,190.67,2024-06-25,C-54527481,Spo-886915,Sports,Norway,Phone
5,465.69,2024-02-23,C-40759502,Foo-280271,Food,Spain,Web
16,259.11,2025-04-15,C-09237099,Aut-994634,Automotive,Australia,Web
18,401.18,2022-08-05,C-44131482,Fur-881106,Furniture,Australia,Web
14,326.03,2022-11-28,C-60259140,Off-453355,Office,Switzerland,Web
9,359.35,2023-02-11,C-87914090,Fur-037243,Furniture,Australia,Store
5,256.64,2025-04-25,C-16552411,Toy-664471,Toys,Spain,Phone
6,333.41,2025-09-24,C-07680834,Foo-588609,Food,Australia,App
6,181.17,2022-03-29,C-99336445,Aut-535285,Automotive,United States,Phone
11,199.73,2025-01-27,C-08845506,Ele-695299,Electronics,Portugal,Phone
9,148.15,2025-03-23,C-86452949,Bea-360125,Beauty,Austria,Store
2,495.39,2023-12-12,C-34187596,Tra-560254,Travel,Poland,App
9,75.78,2023-01-11,C-76800708,Hea-470542,Health,Norway,App
11,385.94,2025-03-01,C-36941673,Mus-009722,Music,Portugal,Marketplace
18,44.05,2022-12-04,C-39312362,Tra-096943,Travel,Austria,Store
6,355.81,2022-04-27,C-90940416,Mus-183677,Music,United States,Email
19,10.77,2025-12-05,C-33414707,Tra-496097,Travel,Sweden,Web
12,190.54,2022-05-28,C-85002220,Foo-158471,Food,Poland,Social Media
6,392.29,2025-02-03,C-41671136,Ele-256962,Electronics,United Kingdom,Marketplace
4,375.31,2023-08-25,C-03964660,Tra-272716,Travel,Brazil,Store
17,118.51,2025-02-12,C-33200552,Mus-662681,Music,United Kingdom,Marketplace
7,264.81,2025-08-28,C-65793662,Spo-738739,Sports,Portugal,Store
7,24.97,2024-03-09,C-88131584,Off-011660,Office,Belgium,Marketplace
11,247.17,2024-06-22,C-73291975,Bea-310799,Beauty,Austria,Marketplace
1,372.56,2023-09-03,C-52165873,Mus-277506,Music,United Kingdom,Marketplace
10,70.55,2023-02-02,C-29004750,Bea-347584,Beauty,Sweden,App
2,118.05,2022-12-09,C-73541394,Tra-438449,Travel,Norway,Store
8,373.33,2023-06-16,C-03797010,Off-916747,Office,Norway,Store
15,235.53,2025-06-19,C-03358637,Off-301091,Office,Spain,Phone
4,66.81,2023-02-14,C-65189987,Foo-127213,Food,Portugal,Social Media
1,361.87,2025-03-27,C-17474126,Mus-322226,Music,Belgium,Web
6,83.77,2022-04-09,C-73291975,Ele-775109,Electronics,Italy,App
3,315.56,2025-01-06,C-82924856,Gar-601552,Garden,United Kingdom,Marketplace
7,497.36,2023-09-17,C-54942359,Mus-899261,Music,Switzerland,App
10,105.78,2025-06-27,C-87531984,Mus-216173,Music,Austria,Web
6,421.34,2025-06-28,C-34756280,Bea-255273,Beauty,Brazil,Store
1,481.7,2024-07-08,C-68849874,Boo-978462,Books,Norway,App
19,113.41,2023-06-27,C-71703240,Tra-875709,Travel,Denmark,Social Media
3,198.35,2024-12-11,C-71679333,Aut-057978,Automotive,Canada,Phone
2,474.25,2022-04-12,C-47614337,Aut-139416,Automotive,Germany,Email
11,35.7,2022-10-01,C-28442622,Bea-163843,Beauty,Switzerland,Marketplace
5,387.03,2025-12-01,C-77990744,Foo-579657,Food,Germany,Phone
12,114.93,2024-02-13,C-13324549,Spo-533635,Sports,United States,App
19,487.67,2022-08-21,C-33648030,Spo-101129,Sports,Japan,Web
16,76.33,2023-05-04,C-28655580,Hea-948804,Health,Germany,App
11,104.8,2023-04-02,C-18110411,Spo-109961,Sports,Netherlands,Phone
3,349.78,2023-05-12,C-70140173,Tra-670273,Travel,Norway,Store
1,417.2,2023-12-28,C-66540515,Ele-279649,Electronics,Norway,Marketplace
3,112.35,2025-04-07,C-34187596,Tra-494610,Travel,France,Web
8,450.05,2022-01-19,C-09095261,Spo-028260,Sports,Germany,Web
8,316.94,2023-07-03,C-95192926,Fur-276880,Furniture,Denmark,Social Media
12,356.25,2024-07-06,C-61223304,Toy-443378,Toys,Italy,Web
3,87.7,2025-01-01,C-48574985,Gar-934739,Garden,Poland,Web
9,88.37,2024-05-28,C-18110411,Boo-417468,Books,Switzerland,Email
18,103.1,2025-01-14,C-24874629,Foo-658492,Food,Denmark,Store
12,48.62,2023-08-29,C-00341776,Foo-673600,Food,Italy,Store
9,296.26,2023-10-05,C-07706214,Fur-094547,Furniture,Austria,Web
4,476.75,2022-10-28,C-97457004,Toy-331769,Toys,France,Email
11,308.36,2023-05-14,C-94752604,Foo-470739,Food,Canada,Social Media
17,139.76,2023-11-20,C-27185779,Hea-689974,Health,Italy,Social Media
8,322.92,2022-03-11,C-19336679,Off-248300,Office,Canada,Email
10,39.64,2022-11-01,C-43310463,Fur-128680,Furniture,Canada,Social Media
5,463.1,2024-10-09,C-77391210,Gar-809597,Garden,Belgium,Email
16,137.84,2024-05-03,C-47614337,Mus-662671,Music,Canada,Phone
18,70.61,2022-02-02,C-54512617,Ele-406077,Electronics,Canada,Phone
7,36.72,2023-09-13,C-37620194,Foo-688483,Food,Norway,Phone
5,400.5,2025-09-01,C-33971496,Toy-334079,Toys,Poland,Social Media
5,369.47,2023-03-11,C-33389851,Clo-314508,Clothing,Portugal,App
11,446.51,2023-10-24,C-68421440,Toy-802102,Toys,France,Social Media
16,73.4,2024-10-26,C-55631850,Tra-783561,Travel,Switzerland,Store
12,270.51,2024-08-27,C-57391425,Tra-289844,Travel,Poland,App
11,153.27,2023-11-09,C-80730111,Spo-726390,Sports,Italy,Social Media
9,351.59,2025-06-01,C-00221948,Spo-092917,Sports,Australia,Web
3,88.27,2024-10-09,C-99951237,Jew-588686,Jewelry,Poland,Phone
1,61.81,2025-06-03,C-83525743,Fur-640991,Furniture,United Kingdom,Marketplace
1,132.74,2023-09-10,C-64105322,Off-779904,Office,Germany,Web
12,152.62,2023-11-22,C-71703240,Toy-469561,Toys,Switzerland,Email
15,323.59,2025-02-10,C-12564518,Foo-523988,Food,Austria,App
6,432.79,2022-02-22,C-25746750,Bea-694031,Beauty,Norway,Social Media
14,151.71,2023-10-05,C-85780309,Jew-127434,Jewelry,Austria,Marketplace
14,111.31,2025-06-27,C-15227782,Ele-999004,Electronics,Mexico,Social Media
4,325.38,2022-12-24,C-46779506,Bea-680736,Beauty,Mexico,Store
16,279.79,2023-10-20,C-59637217,Spo-089922,Sports,Sweden,Marketplace
17,250.23,2025-10-20,C-85780309,Ele-424742,Electronics,Belgium,Phone
11,444.48,2025-08-24,C-08804410,Toy-456984,Toys,Denmark,Web
18,270.46,2025-04-20,C-29680788,Gar-252704,Garden,Portugal,Social Media
1,13.34,2024-07-23,C-13192293,Jew-099439,Jewelry,Netherlands,Social Media
4,452.17,2025-01-06,C-14009990,Spo-860853,Sports,Sweden,Social Media
8,460.2,2023-12-05,C-69752771,Gar-738172,Garden,Denmark,Email
14,252.56,2025-12-04,C-61295722,Bea-596135,Beauty,France,Email
14,476.13,2024-10-24,C-57589671,Ele-029300,Electronics,France,Phone
16,452.13,2025-06-25,C-92601313,Spo-683479,Sports,Austria,Email
4,224.85,2025-05-14,C-14362275,Mus-353250,Music,Netherlands,Phone
18,218.11,2024-03-19,C-04759341,Hea-493489,Health,Switzerland,Marketplace
6,294.14,2025-07-28,C-44214705,Mus-846099,Music,Switzerland,Marketplace
3,172.43,2022-11-10,C-59357876,Boo-480374,Books,United States,Email
17,435.14,2025-08-18,C-48888222,Aut-238334,Automotive,Belgium,Social Media
4,423.93,2022-06-07,C-94751185,Tra-997555,Travel,Canada,App
12,401.38,2024-11-26,C-99882419,Gar-062375,Garden,Switzerland,App
18,291.94,2023-05-19,C-28506804,Foo-038044,Food,Belgium,Social Media
15,61.02,2025-08-25,C-09537008,Gar-372053,Garden,United States,Email
6,443.67,2024-08-11,C-32024053,Hea-170366,Health,Mexico,Store
11,49.71,2025-09-15,C-95405257,Tra-556206,Travel,Belgium,Web
5,375.09,2022-03-31,C-50169180,Foo-711642,Food,Mexico,Web
16,178.23,2025-08-16,C-04857421,Foo-516816,Food,Belgium,Web
13,111.49,2025-10-26,C-09537008,Off-856304,Office,United Kingdom,Web
2,458.24,2025-12-02,C-19495025,Boo-338676,Books,Portugal,Marketplace
15,425.25,2023-11-15,C-40712411,Toy-499812,Toys,United Kingdom,App
1,280.96,2022-12-12,C-26183976,Clo-681119,Clothing,United Kingdom,Email
19,25.29,2024-03-26,C-44259536,Tra-842535,Travel,Italy,Web
9,19.21,2022-06-11,C-52687437,Boo-985739,Books,Portugal,Marketplace
13,75.51,2022-04-27,C-95538520,Bea-790161,Beauty,Japan,Store
15,72.24,2022-03-04,C-95575943,Mus-759131,Music,Brazil,Web
12,487.26,2022-01-25,C-45189196,Toy-343968,Toys,United States,Web
10,353.3,2024-05-05,C-52196791,Bea-576020,Beauty,Italy,Marketplace
11,148.97,2022-02-22,C-92010806,Bea-758970,Beauty,Netherlands,Store
6,82.26,2023-01-08,C-52687437,Hea-613217,Health,Poland,Web
10,355.22,2022-08-27,C-47831844,Foo-408957,Food,Brazil,App
5,125.6,2022-06-24,C-76399890,Aut-200894,Automotive,Mexico,Phone
19,8.42,2022-09-19,C-18110411,Off-643701,Office,Australia,Marketplace
7,449.86,2022-12-26,C-82162312,Jew-433845,Jewelry,Italy,Store
3,198.32,2024-06-11,C-03074311,Ele-082065,Electronics,United States,Phone
10,421.07,2022-02-10,C-11498981,Foo-257280,Food,Switzerland,Store
18,430.19,2023-10-22,C-56171343,Boo-788816,Books,Canada,Web
6,68.13,2022-09-18,C-08804410,Tra-077488,Travel,Netherlands,Email
16,277.37,2024-05-28,C-59610177,Boo-152679,Books,Portugal,Social Media
4,23.43,2025-05-01,C-48219660,Mus-454470,Music,Brazil,Email
6,498.36,2025-11-30,C-22834925,Ele-312552,Electronics,Norway,Phone
9,221.54,2024-02-14,C-37792256,Aut-789031,Automotive,Poland,App
19,442.38,2023-11-02,C-72341909,Toy-550783,Toys,Netherlands,Email
15,170.31,2025-02-16,C-98578568,Gar-390343,Garden,Australia,Phone
6,87.48,2024-12-20,C-22258680,Boo-106923,Books,Denmark,Web
19,201.59,2023-12-26,C-84069645,Fur-886710,Furniture,Italy,Email
10,471.52,2025-02-27,C-52196791,Boo-637319,Books,Poland,Phone
11,46.03,2022-10-16,C-70140173,Mus-629486,Music,Belgium,Social Media
15,418.19,2024-11-13,C-46857022,Gar-804197,Garden,France,Email
15,38.37,2024-09-23,C-72026020,Jew-014078,Jewelry,Mexico,Store
4,121.4,2024-07-05,C-71521183,Ele-047109,Electronics,Sweden,Email
4,456.51,2023-04-23,C-99951237,Toy-106940,Toys,United States,App
8,174.23,2022-11-06,C-66447024,Aut-258470,Automotive,Italy,Email
2,319.04,2025-11-08,C-58858217,Toy-269382,Toys,Norway,Email
16,294.88,2023-05-14,C-58858217,Aut-652211,Automotive,United States,Store
18,366.53,2023-09-23,C-96638930,Aut-620104,Automotive,Denmark,Phone
4,354.2,2023-09-21,C-12247689,Spo-644481,Sports,Japan,Email
18,349.57,2024-03-24,C-21013148,Foo-072197,Food,Norway,Store
17,43.17,2023-05-28,C-44214705,Tra-809673,Travel,Austria,Phone
14,350.84,2025-04-22,C-37620194,Boo-816072,Books,Switzerland,Marketplace
5,222.1,2022-11-26,C-59357876,Jew-907759,Jewelry,Brazil,Store
15,160.75,2022-03-25,C-80839328,Foo-661733,Food,United States,Web
9,235.77,2025-12-09,C-35511467,Foo-864219,Food,Denmark,Store
17,56.81,2025-05-28,C-24193676,Bea-380704,Beauty,Germany,Social Media
4,269.85,2023-11-30,C-13247287,Toy-085123,Toys,Denmark,App
15,190.72,2024-02-20,C-27206525,Foo-904546,Food,Canada,Phone
2,334.12,2025-02-13,C-79340041,Boo-204823,Books,Germany,App
8,309.37,2023-03-23,C-03989784,Boo-233999,Books,Mexico,App
14,279.69,2024-12-22,C-21964351,Gar-407030,Garden,Netherlands,Email
7,425.64,2025-07-07,C-06670976,Spo-972718,Sports,Canada,Marketplace
17,76.41,2024-06-22,C-81092571,Ele-398041,Electronics,Norway,Email
11,285.67,2024-09-21,C-07305300,Tra-913206,Travel,Switzerland,Social Media
3,47.68,2024-11-06,C-42970743,Off-163776,Office,Switzerland,App
8,421.75,2024-08-11,C-13838283,Foo-192919,Food,United States,Email
8,394.59,2023-09-07,C-01499930,Mus-538796,Music,Portugal,Phone
10,432.32,2022-02-09,C-76399890,Foo-783486,Food,Austria,Marketplace
6,38.92,2025-01-21,C-66592869,Off-636973,Office,Norway,Store
11,10.0,2023-06-19,C-02890690,Off-520986,Office,Canada,Social Media
13,80.29,2023-06-02,C-45237494,Ele-675129,Electronics,France,Marketplace
9,136.99,2022-06-17,C-04759341,Off-483294,Office,Brazil,Social Media
3,6.61,2023-10-04,C-46590586,Bea-398665,Beauty,Germany,Social Media
11,182.34,2024-04-16,C-67555445,Jew-686213,Jewelry,Switzerland,Web
17,113.52,2024-12-31,C-93179907,Tra-465624,Travel,Poland,Email
14,184.1,2024-03-27,C-23489168,Ele-613370,Electronics,Norway,Phone
12,283.15,2023-08-12,C-12780542,Aut-183480,Automotive,Austria,Email
3,279.36,2023-01-21,C-08804410,Spo-280436,Sports,Norway,Phone
14,271.38,2024-01-16,C-65347335,Mus-172096,Music,Brazil,Web
17,269.11,2023-12-03,C-94751185,Hea-501178,Health,Japan,Social Media
1,134.11,2025-11-16,C-55290918,Hea-867678,Health,Mexico,Social Media
14,166.54,2022-10-05,C-94561312,Gar-828837,Garden,Australia,Email
19,35.49,2023-07-06,C-32013927,Toy-942164,Toys,United States,App
7,83.44,2025-03-27,C-55521351,Tra-528760,Travel,Switzerland,App
13,171.33,2024-10-09,C-72687598,Hea-903264,Health,Canada,Web
16,399.3,2022-03-17,C-46779506,Off-226013,Office,Italy,Social Media
14,437.58,2024-11-27,C-28252670,Off-291034,Office,Austria,Web
15,288.57,2023-12-03,C-27853549,Off-824641,Office,Sweden,Social Media
14,318.74,2022-08-17,C-76605428,Toy-209180,Toys,Denmark,Social Media
11,106.56,2024-02-14,C-76932090,Gar-171495,Garden,Sweden,Social Media
3,159.31,2023-06-22,C-08085231,Bea-205667,Beauty,Sweden,Phone
13,250.09,2024-09-21,C-43320541,Foo-352330,Food,Poland,Store
18,188.62,2025-01-28,C-99466366,Fur-775120,Furniture,Sweden,Store
5,67.98,2023-10-21,C-24874629,Spo-936493,Sports,Australia,Marketplace
3,235.52,2025-05-12,C-00221948,Bea-837676,Beauty,Germany,Email
12,131.39,2023-07-27,C-20120738,Off-628327,Office,United States,Social Media
9,159.07,2024-01-04,C-96295925,Foo-179452,Food,Brazil,Web
7,344.74,2022-03-28,C-76932090,Clo-454752,Clothing,France,Web
5,215.38,2022-10-04,C-69752771,Ele-065526,Electronics,Netherlands,Email
19,11.32,2025-04-26,C-32013927,Jew-339968,Jewelry,Denmark,App
2,154.9,2023-11-12,C-76399890,Spo-126944,Sports,Belgium,Email
11,286.81,2024-05-28,C-34187596,Clo-300623,Clothing,United Kingdom,Web
10,148.08,2024-01-30,C-49819326,Jew-085822,Jewelry,Belgium,Web
19,65.38,2024-06-27,C-98797738,Bea-973301,Beauty,Spain,App
2,180.66,2022-09-03,C-34043398,Fur-558595,Furniture,Austria,Marketplace
8,436.02,2025-06-21,C-34043398,Spo-308323,Sports,Austria,Web
16,109.27,2023-11-08,C-27458375,Hea-384411,Health,Japan,Social Media
15,264.13,2024-08-16,C-93819002,Gar-606464,Garden,Netherlands,Phone
9,38.4,2022-04-24,C-83069633,Bea-634544,Beauty,Norway,Marketplace
13,156.62,2024-03-10,C-25764795,Gar-322407,Garden,Mexico,App
11,15.32,2022-07-20,C-26931360,Bea-334762,Beauty,Japan,Web
17,456.71,2023-09-28,C-27185779,Boo-247217,Books,France,Web
4,61.33,2025-12-27,C-52165873,Off-682976,Office,Sweden,Social Media
7,386.93,2025-04-13,C-93712739,Off-517956,Office,Denmark,App
13,122.64,2023-09-29,C-25814587,Clo-232845,Clothing,Germany,Store
16,228.76,2023-05-13,C-56171343,Aut-542734,Automotive,Australia,Web
15,47.04,2023-05-11,C-43258668,Spo-499371,Sports,Japan,Store
13,245.06,2023-06-04,C-11985335,Mus-241667,Music,Norway,Store
9,497.03,2023-01-22,C-89572422,Tra-729207,Travel,Mexico,Social Media
1,364.88,2022-02-01,C-81092571,Mus-554886,Music,Mexico,Social Media
7,420.39,2022-05-06,C-43310463,Bea-652839,Beauty,Portugal,Web
9,326.46,2022-08-06,C-25096724,Toy-500491,Toys,Portugal,Phone
13,38.69,2022-02-21,C-28523979,Ele-760452,Electronics,Austria,Web
8,86.31,2023-11-05,C-14823370,Ele-283550,Electronics,France,App
19,447.4,2024-02-25,C-66540515,Foo-890751,Food,Austria,Marketplace
11,389.04,2022-04-16,C-65793662,Off-510281,Office,United States,Web
4,103.75,2022-07-08,C-04675267,Tra-835433,Travel,Germany,Web
5,283.57,2024-08-03,C-95364434,Boo-686713,Books,Norway,Marketplace
2,126.26,2023-06-27,C-33071308,Gar-368454,Garden,Switzerland,App
17,379.73,2023-03-02,C-47831975,Spo-110264,Sports,Sweden,Store
3,425.12,2023-09-18,C-43022236,Aut-085704,Automotive,Norway,Phone
9,345.76,2023-03-22,C-77186257,Hea-630599,Health,Australia,Social Media
13,34.8,2025-04-28,C-22258680,Off-661163,Office,Poland,Email
9,359.63,2024-01-04,C-85555041,Foo-747673,Food,Belgium,Social Media
8,465.52,2022-04-30,C-72026020,Fur-742446,Furniture,Mexico,Social Media
11,150.26,2023-07-22,C-41585681,Jew-678214,Jewelry,Germany,Phone
19,76.76,2024-08-23,C-03358637,Clo-856167,Clothing,Netherlands,Store
5,179.69,2024-08-22,C-24943709,Hea-464495,Health,Austria,Social Media
8,269.14,2025-10-13,C-67404415,Bea-683356,Beauty,Germany,Marketplace
3,21.54,2023-11-12,C-35700115,Toy-051329,Toys,Portugal,Phone
17,272.94,2025-01-29,C-36596055,Gar-704136,Garden,Australia,App
10,403.11,2023-09-21,C-77772036,Ele-647014,Electronics,Brazil,Marketplace
2,64.56,2024-11-19,C-75021103,Hea-500194,Health,Germany,Store
18,36.29,2022-04-08,C-29463459,Aut-261036,Automotive,Japan,App
4,342.4,2022-08-12,C-74765923,Hea-139879,Health,Italy,Store
11,375.33,2025-11-27,C-95370570,Tra-609062,Travel,Poland,Store
18,115.71,2023-05-19,C-75021103,Boo-141156,Books,Canada,Web
16,234.09,2024-08-04,C-49373053,Spo-211634,Sports,Belgium,Marketplace
2,116.57,2022-01-26,C-82193345,Bea-310620,Beauty,Denmark,App
7,259.76,2022-06-12,C-76800708,Boo-739304,Books,Belgium,Web
11,105.93,2025-10-25,C-37619890,Fur-744938,Furniture,Sweden,Email
19,80.6,2024-10-22,C-35862539,Bea-401694,Beauty,Norway,Marketplace
13,337.44,2023-10-16,C-09537008,Spo-866882,Sports,Poland,Email
4,80.68,2025-05-26,C-61850780,Aut-156746,Automotive,France,Web
15,260.92,2023-01-17,C-75310409,Tra-674158,Travel,United Kingdom,App
2,305.21,2025-06-18,C-32317799,Mus-227916,Music,Switzerland,Phone
1,244.49,2023-02-21,C-69025898,Foo-778555,Food,Austria,Social Media
12,330.07,2024-02-29,C-82193345,Foo-027301,Food,Italy,Social Media
6,276.94,2022-03-15,C-53923828,Foo-188249,Food,United Kingdom,Marketplace
7,259.4,2023-03-29,C-10382808,Jew-831390,Jewelry,Mexico,Web
10,286.65,2022-04-08,C-02890690,Toy-557614,Toys,Switzerland,Store
6,415.34,2023-05-07,C-63879404,Mus-844873,Music,Denmark,Email
10,229.69,2025-09-22,C-56171343,Tra-549997,Travel,Sweden,Store
17,109.63,2025-05-11,C-46803455,Off-432481,Office,Portugal,Web
12,391.98,2023-01-11,C-96319520,Fur-958892,Furniture,Norway,Marketplace
12,125.88,2022-02-01,C-65235738,Boo-670892,Books,United States,Marketplace
6,233.96,2023-12-01,C-44214705,Clo-395479,Clothing,Italy,Marketplace
12,37.8,2024-01-23,C-07375902,Aut-477272,Automotive,Belgium,Social Media
5,53.55,2023-08-10,C-67555445,Gar-613384,Garden,Denmark,Email
1,328.49,2024-05-27,C-02890690,Bea-976358,Beauty,Switzerland,Marketplace
3,277.07,2024-06-15,C-14348130,Gar-350644,Garden,Netherlands,Store
4,364.79,2024-11-12,C-51510185,Mus-762948,Music,Portugal,App
5,445.12,2022-07-17,C-27407092,Tra-489317,Travel,Italy,App
4,490.56,2024-10-22,C-12025094,Gar-318659,Garden,Belgium,App
8,300.15,2025-06-24,C-06670976,Fur-213340,Furniture,Belgium,Phone
14,37.61,2025-02-04,C-76605428,Mus-627784,Music,France,App
14,137.32,2025-07-08,C-95370570,Tra-591609,Travel,Mexico,Web
13,87.02,2025-12-19,C-83984056,Gar-609099,Garden,France,Email
6,66.99,2022-11-13,C-93179907,Foo-558049,Food,Netherlands,Web
6,211.49,2022-04-12,C-58631788,Mus-140422,Music,United Kingdom,Social Media
1,405.05,2024-08-17,C-21815651,Boo-123754,Books,Denmark,Store
13,33.17,2024-07-20,C-76399890,Boo-192546,Books,Denmark,Social Media
3,408.91,2025-02-05,C-89572422,Gar-820500,Garden,Austria,Social Media
15,264.0,2023-04-04,C-21047218,Fur-467608,Furniture,Netherlands,Marketplace
5,457.91,2024-10-30,C-38567964,Hea-636028,Health,Canada,App
10,257.39,2022-10-04,C-66370870,Off-513709,Office,Mexico,Store
10,20.12,2023-07-26,C-41671136,Spo-175141,Sports,Portugal,Social Media
16,308.58,2024-04-21,C-91611921,Gar-765035,Garden,Germany,Phone
14,313.1,2025-08-28,C-69025898,Aut-180363,Automotive,Denmark,Store
14,278.99,2025-03-19,C-25746750,Gar-622807,Garden,Netherlands,Web
11,447.97,2025-11-07,C-53923828,Boo-385217,Books,Germany,Phone
14,76.0,2023-07-17,C-65594419,Aut-695344,Automotive,Germany,Email
17,331.26,2023-01-24,C-39312362,Spo-577534,Sports,Norway,Social Media
1,432.05,2023-07-23,C-67734713,Foo-054638,Food,Spain,Email
7,334.72,2024-06-29,C-15619280,Mus-739305,Music,Switzerland,Email
19,240.25,2025-10-16,C-59610177,Spo-806178,Sports,Belgium,Social Media
5,36.61,2022-10-12,C-76605428,Clo-377964,Clothing,Sweden,Phone
12,473.13,2023-01-10,C-32186206,Off-303904,Office,Brazil,Marketplace
9,489.7,2024-03-09,C-30556313,Ele-372814,Electronics,Germany,Store
13,308.49,2023-11-02,C-85201177,Clo-302065,Clothing,Poland,Phone
14,105.0,2024-05-04,C-47614337,Toy-227064,Toys,Netherlands,Phone
13,147.12,2023-09-18,C-68849874,Tra-004728,Travel,United Kingdom,App
1,260.45,2024-05-21,C-00571789,Gar-040136,Garden,Mexico,Phone
3,6.25,2022-09-02,C-07305300,Gar-484992,Garden,Poland,Email
1,319.31,2022-01-15,C-86898981,Fur-665445,Furniture,Canada,App
16,439.94,2022-05-27,C-43310463,Bea-673131,Beauty,Mexico,App
1,251.67,2022-01-15,C-85645658,Gar-440304,Garden,Australia,Web
10,442.72,2025-07-10,C-04131834,Clo-734761,Clothing,United Kingdom,Email
10,27.22,2022-01-04,C-86887776,Clo-677568,Clothing,Belgium,Web
1,129.66,2024-05-23,C-36973153,Bea-626043,Beauty,Australia,Store
10,259.62,2024-02-15,C-44214705,Toy-156581,Toys,Belgium,Phone
18,178.34,2022-07-23,C-14167380,Gar-291650,Garden,Mexico,Marketplace
3,374.9,2025-09-20,C-02638398,Gar-564789,Garden,Germany,Social Media
3,126.27,2025-10-21,C-10975431,Mus-937037,Music,France,App
1,218.44,2022-11-11,C-07680834,Hea-150174,Health,United States,Social Media
16,48.68,2024-04-22,C-72957339,Tra-140830,Travel,Sweden,Store
6,202.3,2025-05-05,C-98797738,Mus-859795,Music,Poland,Email
12,44.07,2025-01-19,C-45499076,Tra-859712,Travel,United Kingdom,Marketplace
9,485.49,2025-07-31,C-85555041,Off-626123,Office,Netherlands,Phone
14,53.47,2022-01-27,C-86887776,Bea-687996,Beauty,Spain,Phone
2,263.67,2025-09-11,C-24254708,Hea-650015,Health,Canada,Marketplace
5,288.37,2025-03-28,C-04675267,Ele-963898,Electronics,Australia,Store
16,172.03,2025-07-14,C-83990482,Bea-612452,Beauty,Sweden,Email
5,284.77,2023-10-22,C-99466366,Mus-301818,Music,Italy,Marketplace
5,310.44,2022-07-17,C-89665842,Fur-156896,Furniture,Spain,Email
4,9.51,2023-06-02,C-63062112,Clo-049822,Clothing,Denmark,App
6,272.65,2024-06-01,C-33200552,Tra-786340,Travel,Norway,Phone
9,31.9,2025-07-21,C-83990482,Gar-450384,Garden,Denmark,App
10,73.87,2023-01-20,C-49819326,Gar-523613,Garden,Poland,Web
10,183.04,2023-02-26,C-33067849,Gar-309303,Garden,Denmark,Email
8,142.23,2022-09-07,C-21493738,Ele-994405,Electronics,Poland,Store
16,301.9,2025-05-12,C-52165873,Spo-661611,Sports,Spain,Social Media
16,5.48,2025-10-01,C-45237494,Ele-510117,Electronics,Switzerland,Social Media
2,434.67,2022-08-30,C-94779946,Hea-201527,Health,Austria,Email
15,59.91,2024-11-17,C-21493738,Jew-380410,Jewelry,Portugal,Email
2,329.82,2024-05-12,C-14348130,Toy-435443,Toys,Netherlands,Phone
9,371.32,2025-02-17,C-37282969,Hea-466143,Health,Italy,Phone
1,471.96,2023-07-16,C-58623748,Bea-471977,Beauty,Sweden,Phone
19,213.41,2023-06-20,C-36973153,Mus-265372,Music,Netherlands,Store
15,350.4,2023-12-04,C-25868269,Toy-592851,Toys,Canada,Social Media
3,194.49,2024-06-15,C-00221948,Toy-848462,Toys,Poland,Social Media
8,425.87,2022-07-23,C-51073307,Tra-747300,Travel,Denmark,Store
19,255.02,2023-08-28,C-71354562,Gar-822265,Garden,Poland,Store
12,479.92,2023-09-14,C-98325575,Toy-381552,Toys,Netherlands,Web
1,381.99,2022-05-06,C-07680834,Boo-279099,Books,Spain,Social Media
1,310.77,2024-05-23,C-04202589,Spo-497872,Sports,Germany,Store
4,265.3,2022-09-04,C-92295932,Bea-578474,Beauty,Portugal,Phone
17,416.28,2023-03-14,C-68421440,Boo-264797,Books,France,Email
1,68.33,2025-06-03,C-52196791,Off-264488,Office,Netherlands,Email
1,131.19,2025-06-03,C-74975237,Off-060753,Office,Denmark,Social Media
4,421.53,2023-07-23,C-93819002,Fur-273344,Furniture,Italy,Phone
2,484.83,2024-11-17,C-99336445,Spo-492218,Sports,United Kingdom,Marketplace
14,73.37,2025-09-26,C-34043398,Bea-724748,Beauty,Switzerland,Web
17,130.0,2022-03-25,C-36941673,Bea-791812,Beauty,Brazil,Social Media
8,222.0,2024-11-10,C-15619280,Mus-719575,Music,Portugal,Web
15,407.27,2022-04-15,C-64933370,Fur-215439,Furniture,Sweden,Marketplace
19,208.86,2023-11-23,C-60259140,Off-170095,Office,France,Phone
6,471.26,2023-10-20,C-55631850,Gar-460295,Garden,United Kingdom,Web
15,19.04,2022-07-07,C-01878061,Boo-079074,Books,Japan,Marketplace
18,490.47,2025-03-09,C-90940416,Fur-155296,Furniture,Italy,Store
6,194.64,2025-09-25,C-28655580,Mus-445198,Music,Belgium,Email
16,22.19,2024-10-11,C-57442109,Bea-551605,Beauty,Switzerland,Web
15,107.22,2022-08-25,C-95370570,Ele-060299,Electronics,France,Web
1,409.27,2022-12-25,C-66005265,Boo-311239,Books,Italy,Web
10,121.84,2024-06-06,C-36312598,Toy-272138,Toys,Germany,Social Media
17,12.49,2022-09-05,C-66796277,Bea-313166,Beauty,Sweden,App
18,13.21,2025-02-07,C-14582549,Toy-129021,Toys,Brazil,Phone
13,338.13,2023-01-28,C-10382808,Boo-333028,Books,Denmark,App
4,289.15,2022-04-16,C-43258668,Fur-721491,Furniture,Japan,Store
7,266.08,2024-08-03,C-71703240,Off-970014,Office,Australia,Web
3,405.59,2023-11-27,C-04082137,Ele-463900,Electronics,Netherlands,App
13,434.04,2022-06-30,C-85947324,Mus-511384,Music,Mexico,Social Media
11,88.89,2025-12-05,C-33971496,Clo-200584,Clothing,Sweden,Email
2,138.12,2024-05-19,C-22258680,Aut-267888,Automotive,Portugal,Phone
10,466.89,2022-07-23,C-17115537,Foo-512119,Food,Belgium,Social Media
14,103.13,2023-02-21,C-45499076,Spo-301227,Sports,Italy,Social Media
17,101.85,2024-11-28,C-00716732,Spo-900362,Sports,Sweden,Store
2,264.87,2023-12-31,C-67555445,Bea-069936,Beauty,Denmark,Email
17,232.96,2022-01-04,C-19818284,Spo-451246,Sports,Norway,App
1,153.35,2025-07-14,C-44034970,Fur-941572,Furniture,Belgium,Store
18,432.25,2024-06-27,C-96984679,Clo-559979,Clothing,Poland,Store
9,486.04,2024-10-09,C-80839328,Jew-410678,Jewelry,Sweden,App
12,360.26,2023-07-25,C-69025898,Toy-772067,Toys,Australia,Store
16,369.26,2024-10-19,C-23111318,Ele-453112,Electronics,United States,Email
8,22.08,2022-02-01,C-03074311,Mus-127729,Music,Austria,Social Media
1,289.39,2024-10-30,C-63879404,Boo-476100,Books,Belgium,Marketplace
18,185.02,2023-11-11,C-64967803,Boo-573176,Books,Sweden,Social Media
19,199.84,2024-03-22,C-75609212,Gar-363731,Garden,Netherlands,App
12,299.26,2025-06-23,C-85645658,Hea-786546,Health,Belgium,Phone
7,92.34,2023-06-06,C-79632009,Spo-663888,Sports,Belgium,Phone
14,222.27,2024-06-19,C-36596055,Tra-626711,Travel,United Kingdom,Store
3,71.9,2023-05-07,C-04082137,Toy-143477,Toys,Netherlands,Social Media
18,345.87,2025-07-10,C-34756280,Mus-413405,Music,Austria,Web
7,187.35,2024-08-22,C-43022236,Toy-695041,Toys,Poland,Web
1,222.57,2022-01-28,C-66592869,Hea-446378,Health,Netherlands,Social Media
6,88.45,2022-11-05,C-01425733,Aut-963850,Automotive,Portugal,App
18,78.57,2023-08-08,C-42435059,Gar-390555,Garden,Sweden,Phone
8,354.61,2025-11-28,C-24943709,Boo-208399,Books,Netherlands,Marketplace
4,36.38,2025-05-05,C-69723028,Boo-287405,Books,France,Phone
7,185.19,2024-02-20,C-59241963,Foo-183697,Food,Australia,Marketplace
9,459.92,2025-06-10,C-03613300,Off-452906,Office,Denmark,Store
12,185.86,2022-02-13,C-16444729,Spo-283634,Sports,United States,Marketplace
12,25.93,2024-09-19,C-25868269,Fur-941420,Furniture,Canada,Email
12,286.13,2022-10-23,C-07305300,Ele-562274,Electronics,United Kingdom,Phone
12,170.63,2024-04-28,C-85947324,Spo-079301,Sports,Australia,App
6,320.54,2022-09-25,C-61295722,Boo-652812,Books,Austria,Email
9,232.2,2025-05-25,C-28506804,Mus-580589,Music,Sweden,Marketplace
9,133.94,2025-06-09,C-58125275,Gar-378248,Garden,Mexico,Marketplace
5,201.06,2022-05-28,C-28875386,Off-197829,Office,Brazil,Marketplace
5,36.59,2023-10-25,C-24874629,Jew-544441,Jewelry,Australia,Social Media
4,453.41,2024-12-01,C-88072442,Off-957545,Office,Mexico,App
14,60.54,2022-10-23,C-10628881,Boo-167613,Books,Sweden,Web
3,162.96,2024-01-28,C-44034970,Boo-006614,Books,Australia,Web
2,179.36,2025-06-17,C-61223304,Spo-954688,Sports,United Kingdom,Email
4,318.9,2022-09-23,C-85555041,Bea-523701,Beauty,United Kingdom,Phone
7,450.21,2025-10-04,C-46238432,Boo-788147,Books,Spain,Social Media
9,121.89,2023-03-26,C-72957339,Spo-954539,Sports,Austria,Social Media
7,336.35,2024-05-08,C-89665842,Spo-993154,Sports,Austria,App
19,132.78,2024-01-22,C-11172597,Spo-319591,Sports,Japan,Marketplace
11,131.73,2022-11-06,C-11172597,Mus-568302,Music,Australia,App
17,453.54,2024-11-19,C-06670976,Toy-265309,Toys,Norway,Web
11,106.76,2022-09-27,C-08085231,Ele-170844,Electronics,Mexico,Social Media
9,251.4,2023-07-29,C-48219660,Toy-858135,Toys,Denmark,Marketplace
8,147.83,2024-10-27,C-75310409,Ele-710332,Electronics,Netherlands,Marketplace
6,408.98,2022-09-06,C-04655309,Hea-056978,Health,France,Social Media
19,220.02,2024-02-09,C-25096724,Toy-942767,Toys,Netherlands,Email
16,258.93,2025-05-20,C-15227782,Fur-786016,Furniture,Australia,Store
7,129.03,2022-07-21,C-03074311,Toy-237653,Toys,Germany,Web
9,483.13,2025-10-11,C-31776064,Foo-575834,Food,Poland,App
9,406.4,2024-09-17,C-01878061,Bea-012259,Beauty,Portugal,Store
5,385.31,2025-09-26,C-76810864,Jew-831184,Jewelry,United States,Email
10,220.84,2023-08-06,C-07305300,Fur-807739,Furniture,Belgium,Phone
7,429.55,2024-05-22,C-82162312,Mus-566393,Music,Mexico,Store
12,133.95,2024-03-13,C-85730245,Toy-038119,Toys,Mexico,App
11,329.85,2023-10-25,C-36941673,Foo-687556,Food,Belgium,Phone
16,491.78,2024-12-14,C-77772036,Toy-161624,Toys,Canada,Store
1,237.88,2022-02-23,C-30456182,Fur-016936,Furniture,Portugal,Phone
11,408.44,2025-06-08,C-44777025,Bea-655289,Beauty,Japan,Marketplace
13,496.69,2023-05-20,C-66918517,Boo-300602,Books,Brazil,Store
13,196.6,2023-04-26,C-88131584,Mus-379383,Music,United States,App
14,482.38,2022-02-13,C-74765923,Toy-247669,Toys,France,Phone
8,262.81,2024-09-07,C-98797738,Hea-451817,Health,United States,Phone
14,355.76,2023-01-21,C-57391425,Clo-570351,Clothing,Spain,Marketplace
14,32.16,2025-11-17,C-71521183,Clo-431334,Clothing,Portugal,Social Media
13,369.67,2023-05-25,C-61850780,Off-345611,Office,Belgium,Email
7,88.84,2023-04-28,C-63261242,Spo-732599,Sports,Australia,Email
16,319.03,2022-10-07,C-18244574,Spo-130961,Sports,Sweden,Web
7,164.66,2023-03-21,C-29832082,Jew-953088,Jewelry,Sweden,Social Media
6,48.11,2025-10-05,C-89101666,Toy-178770,Toys,Austria,App
3,25.0,2024-11-17,C-55696698,Tra-292542,Travel,Australia,Social Media
5,431.0,2025-12-02,C-85270860,Gar-900194,Garden,Spain,Store
10,380.85,2024-04-16,C-00257180,Off-718411,Office,Italy,Marketplace
2,366.74,2023-08-12,C-67404415,Boo-226515,Books,Norway,Phone
18,431.26,2025-06-12,C-88131584,Ele-061299,Electronics,Netherlands,Phone
3,242.89,2023-02-28,C-95364434,Spo-388738,Sports,United States,App
18,369.4,2022-11-10,C-25868269,Boo-058837,Books,Denmark,Web
19,256.52,2022-07-24,C-11593189,Jew-205553,Jewelry,Mexico,Store
9,257.36,2024-10-23,C-55290918,Toy-267754,Toys,Norway,App
9,313.11,2022-06-27,C-80730111,Hea-998562,Health,France,Store
17,219.36,2024-04-22,C-14823370,Spo-414483,Sports,Spain,Web
8,330.3,2024-11-13,C-32681044,Hea-950682,Health,Denmark,Web
6,167.54,2022-08-08,C-63879404,Ele-394504,Electronics,Australia,Social Media
1,347.79,2025-12-12,C-59357876,Spo-323996,Sports,Italy,Email
18,420.55,2025-11-27,C-35862539,Toy-923122,Toys,Germany,Social Media
15,324.34,2023-09-02,C-35169198,Bea-345477,Beauty,United Kingdom,Store
10,451.73,2025-09-21,C-80839328,Clo-138832,Clothing,Switzerland,App
6,415.9,2024-02-28,C-66592869,Foo-822626,Food,Japan,Phone
17,300.04,2023-06-23,C-33477060,Fur-401453,Furniture,Spain,Social Media
17,188.98,2023-06-12,C-99951237,Bea-952801,Beauty,Poland,App
17,307.59,2025-01-09,C-02890690,Jew-010701,Jewelry,Canada,Social Media
1,426.01,2023-12-23,C-50169180,Hea-830911,Health,Mexico,Social Media
10,202.26,2025-07-08,C-86887776,Fur-918991,Furniture,Belgium,Social Media
10,71.43,2025-09-14,C-72966724,Tra-511230,Travel,Denmark,Store
7,318.31,2024-12-07,C-46590586,Clo-369006,Clothing,Belgium,Phone
3,37.21,2022-06-20,C-81260270,Aut-109417,Automotive,Switzerland,App
17,257.49,2022-05-17,C-33971496,Clo-145888,Clothing,Austria,Email
17,252.45,2024-02-06,C-14167380,Mus-697349,Music,Norway,Marketplace
2,74.5,2025-10-28,C-24254708,Ele-834162,Electronics,France,App
3,474.27,2022-02-07,C-17115537,Jew-573390,Jewelry,Netherlands,Marketplace
18,432.12,2025-10-25,C-83896442,Bea-421634,Beauty,United States,Marketplace
17,168.96,2024-04-20,C-31562395,Clo-498614,Clothing,Poland,Web
9,300.9,2023-11-14,C-17115537,Hea-062151,Health,Australia,Store
13,157.92,2024-06-16,C-09537008,Foo-731652,Food,Italy,Phone
7,406.14,2025-07-02,C-25569498,Gar-015799,Garden,Italy,Email
17,495.14,2023-12-25,C-67555445,Aut-139710,Automotive,Norway,App
5,441.81,2022-04-03,C-89337463,Toy-828885,Toys,Switzerland,App
15,488.44,2023-02-07,C-25868269,Foo-574045,Food,Poland,Phone
9,174.57,2025-08-12,C-23111318,Gar-655795,Garden,Austria,Web
11,372.27,2024-06-21,C-73823713,Mus-848915,Music,Canada,Phone
6,425.05,2023-12-01,C-53082079,Ele-456517,Electronics,Spain,Email
8,228.86,2025-11-29,C-95897450,Toy-620681,Toys,Poland,Social Media
1,225.97,2022-05-02,C-41585681,Boo-786196,Books,Netherlands,Social Media
1,497.51,2022-01-08,C-99336445,Clo-929568,Clothing,United States,Store
6,156.07,2024-01-08,C-39719554,Gar-620733,Garden,Belgium,Marketplace
17,198.52,2023-08-08,C-81261231,Off-081860,Office,Japan,Phone
17,169.74,2024-01-12,C-43344687,Clo-020886,Clothing,Switzerland,App
10,467.45,2024-10-17,C-80839328,Hea-036747,Health,Austria,Social Media
6,17.6,2022-10-22,C-86752706,Gar-875721,Garden,Japan,App
17,314.44,2023-10-20,C-14823370,Ele-812276,Electronics,Mexico,Phone
7,75.75,2022-11-20,C-84984031,Bea-998464,Beauty,Belgium,Social Media
3,55.0,2024-04-20,C-21493738,Hea-678523,Health,United Kingdom,Marketplace
1,282.26,2022-10-29,C-04675267,Clo-387979,Clothing,Belgium,Store
17,271.76,2025-01-28,C-58988585,Mus-823334,Music,Austria,Web
7,475.34,2025-01-30,C-61295722,Toy-300624,Toys,Netherlands,Web
16,249.05,2023-03-28,C-25814587,Tra-552917,Travel,Poland,Social Media
10,357.48,2023-06-19,C-65189987,Fur-112419,Furniture,United Kingdom,Email
19,208.17,2023-06-09,C-44259536,Bea-584262,Beauty,Mexico,Web
8,41.54,2025-03-26,C-73291975,Boo-110281,Books,Norway,Social Media
11,263.75,2025-04-18,C-92010806,Aut-152163,Automotive,Australia,Web
3,99.38,2025-09-12,C-00341776,Tra-664185,Travel,Mexico,Phone
19,168.87,2023-11-01,C-61453651,Toy-222886,Toys,France,Email
7,471.21,2022-04-01,C-11172808,Boo-800458,Books,Japan,App
18,145.19,2024-06-22,C-71679333,Bea-684806,Beauty,Austria,Store
3,109.48,2023-05-01,C-36973153,Ele-637410,Electronics,Portugal,Phone
1,80.22,2023-01-17,C-58815004,Aut-904735,Automotive,Switzerland,Marketplace
4,91.39,2024-11-21,C-72341909,Mus-131005,Music,Germany,Store
3,311.69,2025-08-21,C-73291975,Hea-026869,Health,Italy,Email
15,218.54,2025-09-04,C-24943709,Boo-085460,Books,France,App
6,409.45,2023-10-02,C-55264133,Toy-738938,Toys,Australia,Email
11,313.5,2025-04-26,C-44259536,Toy-613006,Toys,United Kingdom,App
12,261.46,2025-06-20,C-26183976,Aut-274108,Automotive,Poland,Web
18,345.47,2025-10-06,C-14823370,Gar-580828,Garden,Brazil,Web
2,162.28,2022-02-11,C-17474126,Bea-695909,Beauty,Mexico,Web
6,268.69,2025-06-12,C-34043398,Off-768122,Office,United Kingdom,Web
18,338.74,2022-10-20,C-67555445,Mus-730816,Music,Portugal,Phone
17,150.01,2025-05-15,C-59804289,Jew-662621,Jewelry,Norway,Social Media
2,444.77,2022-01-16,C-89572422,Aut-595047,Automotive,Spain,Social Media
19,206.19,2024-02-07,C-77990744,Fur-985945,Furniture,Australia,Email
17,162.96,2024-05-02,C-13247287,Boo-494124,Books,Poland,Social Media
3,40.43,2025-04-23,C-16444729,Tra-715473,Travel,Japan,Store
4,344.08,2025-04-15,C-03016393,Jew-402792,Jewelry,Portugal,Phone
17,83.28,2023-02-07,C-55631850,Jew-137859,Jewelry,Norway,Store
12,216.17,2025-04-18,C-21964351,Ele-564357,Electronics,Spain,Phone
7,382.62,2024-11-02,C-12564518,Off-778605,Office,Switzerland,Web
2,79.98,2022-10-05,C-38044479,Fur-762114,Furniture,Mexico,Marketplace
11,335.81,2025-09-11,C-41080844,Spo-044878,Sports,Germany,Web
3,335.21,2023-03-10,C-52729045,Fur-382704,Furniture,Denmark,App
16,251.41,2025-12-23,C-04131834,Off-845792,Office,Denmark,Email
3,25.93,2022-09-21,C-37620194,Jew-660206,Jewelry,Australia,Store
18,476.44,2023-07-20,C-86793558,Hea-888569,Health,Canada,Social Media
2,246.09,2025-06-21,C-04675267,Off-754273,Office,Sweden,Phone
4,325.05,2022-09-30,C-72893017,Boo-847451,Books,Japan,Web
4,145.84,2022-04-26,C-99178431,Toy-297876,Toys,Austria,Email
5,162.34,2022-01-07,C-79109200,Aut-159886,Automotive,United Kingdom,Store
10,112.45,2024-04-15,C-50560434,Clo-118179,Clothing,Australia,Phone
4,342.42,2022-03-16,C-07680834,Jew-738194,Jewelry,Norway,Store
4,211.84,2023-01-18,C-89572422,Mus-231386,Music,Germany,Marketplace
11,134.81,2025-11-01,C-58988585,Spo-412467,Sports,Switzerland,Marketplace
6,187.29,2023-04-05,C-51510185,Aut-730814,Automotive,Denmark,Email
7,362.18,2022-11-06,C-69358962,Boo-244670,Books,Canada,App
13,198.9,2024-08-07,C-47614337,Aut-876410,Automotive,Belgium,Store
6,102.47,2025-09-20,C-21493738,Clo-298113,Clothing,France,Marketplace
3,253.55,2022-11-04,C-09095261,Aut-823244,Automotive,Sweden,Social Media
9,164.61,2022-01-31,C-49373053,Gar-318804,Garden,Austria,Marketplace
19,279.41,2025-07-16,C-93712739,Bea-687309,Beauty,Portugal,Phone
13,294.39,2025-06-11,C-35700115,Gar-634768,Garden,United States,Phone
11,46.41,2022-09-25,C-87914090,Tra-607179,Travel,Canada,Email
13,393.58,2022-08-17,C-46857022,Spo-565479,Sports,Netherlands,Store
12,312.54,2025-09-28,C-61453651,Fur-417646,Furniture,Brazil,Social Media
13,360.59,2023-01-06,C-32317799,Off-949864,Office,Canada,Phone
16,122.74,2025-09-18,C-99466366,Ele-341484,Electronics,Japan,Phone
13,235.93,2022-06-22,C-14167380,Jew-242700,Jewelry,Canada,Email
9,436.22,2024-07-06,C-16552411,Tra-226145,Travel,Mexico,App
2,346.37,2022-09-29,C-77186257,Clo-845356,Clothing,United Kingdom,Web
10,333.96,2022-07-31,C-21013148,Aut-703307,Automotive,United Kingdom,Marketplace
18,216.17,2025-11-25,C-32024053,Boo-108073,Books,Poland,Marketplace
12,91.59,2022-10-11,C-03016393,Spo-321459,Sports,Switzerland,Email
1,324.23,2024-09-05,C-78669599,Mus-220883,Music,United States,Email
7,62.1,2022-07-19,C-73478428,Jew-073087,Jewelry,Brazil,Phone
19,384.02,2024-01-03,C-46590586,Mus-972580,Music,Switzerland,App
16,123.04,2024-08-28,C-82162312,Clo-128227,Clothing,Japan,Marketplace
2,123.03,2025-11-30,C-48732589,Spo-962333,Sports,Austria,Store
14,105.95,2025-09-30,C-99178431,Fur-141309,Furniture,Portugal,Store
12,133.99,2022-07-03,C-78669599,Bea-684093,Beauty,United States,Phone
1,105.9,2025-02-18,C-99882419,Ele-428165,Electronics,Germany,App
9,246.59,2024-12-27,C-36312598,Aut-756704,Automotive,Norway,Store
16,455.19,2024-07-27,C-44394558,Off-529187,Office,United States,Email
12,148.13,2024-08-17,C-76810864,Aut-455548,Automotive,Germany,Email
14,310.87,2023-05-17,C-35169198,Off-845902,Office,Brazil,Store
9,299.49,2023-07-05,C-57442109,Toy-412873,Toys,Netherlands,Store
3,382.85,2023-04-28,C-69850346,Mus-534253,Music,Brazil,Marketplace
1,22.77,2022-01-11,C-82162312,Gar-956096,Garden,France,Store
12,475.32,2023-04-21,C-66005265,Aut-928238,Automotive,Poland,Email
7,150.23,2023-06-14,C-44489996,Mus-832179,Music,Belgium,Email
15,74.0,2022-10-02,C-03077799,Off-398819,Office,United States,Email
7,313.43,2022-06-12,C-85730245,Ele-036058,Electronics,Belgium,Social Media
10,296.33,2024-08-23,C-88131584,Jew-572646,Jewelry,Italy,Phone
8,491.8,2024-11-15,C-71521183,Tra-955401,Travel,Spain,App
10,282.96,2025-01-09,C-46590586,Bea-785667,Beauty,France,Store
3,374.71,2025-12-30,C-33071308,Jew-432145,Jewelry,Austria,Web
13,395.52,2022-02-25,C-13247287,Ele-140630,Electronics,Portugal,Phone
19,36.82,2025-09-27,C-84592199,Spo-794105,Sports,United Kingdom,Phone
3,427.79,2023-04-03,C-45189196,Aut-193994,Automotive,Italy,Email
13,210.18,2024-04-03,C-21047218,Boo-806355,Books,Sweden,Phone
5,87.96,2024-06-25,C-03964660,Hea-557599,Health,Belgium,Store
13,453.81,2023-03-27,C-32013927,Spo-043987,Sports,Denmark,Email
14,97.98,2023-12-03,C-78669599,Clo-371883,Clothing,Brazil,Email
4,27.74,2023-02-21,C-25569498,Fur-533017,Furniture,Netherlands,Web
6,164.03,2023-10-18,C-28506804,Boo-330921,Books,France,Email
15,352.55,2024-07-17,C-17640864,Spo-491000,Sports,Belgium,App
16,76.66,2023-03-06,C-95192926,Gar-056170,Garden,Germany,Store
2,381.31,2022-01-16,C-10628881,Boo-093928,Books,United States,Social Media
3,192.63,2025-09-20,C-32024053,Bea-389054,Beauty,Denmark,App
5,106.13,2023-01-28,C-93819002,Toy-317938,Toys,Japan,Store
9,191.93,2024-09-24,C-33067849,Boo-475007,Books,Poland,Marketplace
5,344.44,2024-11-03,C-32013927,Toy-039150,Toys,Netherlands,Phone
16,215.34,2025-04-17,C-94561312,Ele-105721,Electronics,United States,App
3,77.1,2023-10-12,C-76932090,Tra-659004,Travel,United Kingdom,Marketplace
12,481.72,2024-02-11,C-99466366,Gar-326457,Garden,Japan,App
12,442.42,2025-01-18,C-12780542,Off-224306,Office,Denmark,Phone
4,152.7,2022-01-19,C-41080844,Bea-270199,Beauty,Portugal,Social Media
15,111.22,2025-06-11,C-10353855,Ele-804644,Electronics,Austria,Email
2,340.57,2023-12-20,C-06140306,Foo-798713,Food,Canada,Phone
2,240.96,2022-02-28,C-48219660,Off-491627,Office,Japan,Web
11,439.12,2022-05-26,C-64838435,Hea-404342,Health,United Kingdom,App
3,180.05,2024-03-22,C-50560434,Off-449953,Office,Brazil,Web
16,399.53,2023-05-13,C-59473796,Spo-696802,Sports,Australia,Email
6,406.48,2022-03-11,C-92141302,Fur-900314,Furniture,Denmark,Phone
8,39.63,2022-06-15,C-70140173,Bea-490705,Beauty,United Kingdom,Email
1,362.07,2024-07-04,C-04857421,Jew-771588,Jewelry,United Kingdom,Social Media
10,186.21,2025-07-28,C-89337463,Fur-109500,Furniture,Austria,App
9,287.05,2022-10-12,C-43254822,Off-395952,Office,Norway,App
13,89.69,2023-08-02,C-88904378,Off-198662,Office,Austria,Social Media
8,129.61,2022-04-19,C-13838283,Tra-170342,Travel,Brazil,Email
12,166.98,2023-05-18,C-79851234,Ele-196908,Electronics,Portugal,Web
15,164.79,2025-07-28,C-99178431,Bea-236858,Beauty,Germany,Phone
3,11.48,2024-06-13,C-16276701,Off-453031,Office,Denmark,Phone
12,266.79,2022-05-07,C-61223304,Foo-355170,Food,United Kingdom,App
10,486.67,2024-02-22,C-10353855,Ele-149473,Electronics,Switzerland,Phone
13,167.81,2024-09-06,C-17115537,Spo-491718,Sports,Mexico,App
14,63.38,2024-01-20,C-00257180,Bea-446467,Beauty,Japan,Web
1,279.32,2022-06-28,C-03016393,Boo-337973,Books,United States,Marketplace
15,332.25,2024-06-01,C-59637217,Aut-293461,Automotive,Denmark,Web
14,223.96,2025-12-10,C-42970743,Jew-452363,Jewelry,Australia,Marketplace
13,243.53,2025-03-03,C-84862724,Foo-463989,Food,Sweden,Store
2,19.91,2025-07-07,C-81261231,Tra-298160,Travel,Spain,Store
9,477.41,2023-02-17,C-64105322,Ele-097308,Electronics,Switzerland,Phone
13,85.33,2024-07-31,C-82983097,Aut-568227,Automotive,Mexico,Phone
18,408.23,2025-07-25,C-51790735,Fur-279644,Furniture,United States,Social Media
7,141.14,2023-01-05,C-13268463,Clo-721863,Clothing,Norway,Social Media
16,451.54,2024-05-16,C-25479673,Hea-053628,Health,Austria,Social Media
13,247.92,2023-02-10,C-86898981,Spo-985509,Sports,Poland,Store
17,350.31,2024-06-05,C-32681044,Clo-463239,Clothing,Denmark,App
6,384.15,2022-12-21,C-58207115,Clo-576586,Clothing,Brazil,Web
2,382.41,2023-09-18,C-38384646,Off-986189,Office,Belgium,Store
8,124.96,2023-11-27,C-17115537,Off-697067,Office,Spain,Web
2,105.61,2022-07-14,C-88072442,Bea-010476,Beauty,Mexico,Marketplace
19,456.73,2023-11-27,C-40759502,Gar-988421,Garden,Spain,Email
4,443.81,2025-05-14,C-57442109,Jew-935110,Jewelry,United States,Store
3,259.4,2024-01-03,C-09075991,Jew-541016,Jewelry,Poland,Marketplace
4,189.13,2022-10-05,C-32487120,Bea-889243,Beauty,Japan,Web
12,421.19,2023-06-07,C-26931360,Jew-143491,Jewelry,Poland,Email
3,203.61,2025-08-12,C-14863834,Tra-262732,Travel,Spain,Phone
15,472.45,2023-10-14,C-13192293,Bea-270218,Beauty,United Kingdom,App
8,372.46,2022-09-10,C-04675267,Gar-317714,Garden,Denmark,Web
5,90.11,2025-02-10,C-28558128,Mus-931326,Music,Switzerland,App
13,115.05,2025-06-29,C-95950020,Toy-381139,Toys,Japan,Marketplace
4,298.09,2024-06-10,C-11498981,Tra-782961,Travel,Portugal,Email
7,300.59,2024-06-23,C-83984056,Ele-935825,Electronics,Sweden,Marketplace
1,42.7,2022-12-12,C-53082079,Bea-751250,Beauty,Switzerland,Marketplace
14,9.7,2024-03-20,C-15227782,Spo-351596,Sports,Netherlands,Web
18,115.91,2025-11-19,C-14167380,Off-127324,Office,Switzerland,Social Media
4,384.2,2022-10-22,C-47467171,Mus-181871,Music,Portugal,Social Media
7,237.89,2024-10-30,C-58844515,Ele-979546,Electronics,Austria,Email
16,163.28,2022-03-14,C-59357876,Off-570432,Office,United Kingdom,Store
10,258.07,2024-11-07,C-17640864,Ele-161544,Electronics,Japan,Marketplace
6,134.1,2022-03-06,C-37282969,Boo-270618,Books,Spain,Social Media
12,431.14,2022-05-30,C-64967803,Boo-105868,Books,Netherlands,Web
7,188.28,2022-12-12,C-01495378,Ele-019451,Electronics,Italy,Marketplace
2,269.16,2022-06-16,C-44561552,Fur-256385,Furniture,Norway,Store
16,219.04,2025-07-07,C-95950020,Gar-044688,Garden,Norway,App
6,210.51,2023-04-25,C-31562395,Toy-807552,Toys,Germany,App
3,297.85,2024-10-21,C-37619890,Fur-833851,Furniture,Germany,Phone
4,189.97,2023-08-01,C-54942359,Spo-539681,Sports,Netherlands,Store
2,184.47,2024-01-11,C-25746750,Spo-519816,Sports,Portugal,Email
14,361.63,2023-05-19,C-01425733,Tra-978601,Travel,Canada,Phone
8,391.82,2024-06-28,C-52687437,Tra-885583,Travel,Italy,Social Media
8,260.18,2023-04-25,C-24874629,Mus-041129,Music,Norway,Marketplace
8,206.69,2024-08-09,C-31733702,Jew-576268,Jewelry,Mexico,Web
15,162.74,2022-02-09,C-73541394,Jew-628645,Jewelry,Portugal,App
8,329.59,2024-05-13,C-60590184,Tra-888882,Travel,Germany,Email
4,227.22,2025-11-20,C-25746750,Hea-418804,Health,Germany,Social Media
15,317.15,2025-03-17,C-48042983,Toy-608804,Toys,Canada,Phone
15,374.37,2025-02-27,C-69850346,Mus-090667,Music,Netherlands,Marketplace
7,118.32,2023-03-05,C-21493738,Tra-787261,Travel,Germany,Social Media
17,299.89,2024-01-26,C-69358962,Fur-559215,Furniture,Belgium,Email
4,238.21,2025-12-16,C-21013148,Clo-350817,Clothing,Italy,App
1,395.76,2022-05-29,C-07706214,Foo-127000,Food,Germany,App
3,381.3,2025-06-16,C-22579567,Spo-533012,Sports,United States,Marketplace
3,193.86,2025-08-01,C-73478428,Ele-588839,Electronics,France,Social Media
19,214.56,2024-02-22,C-78758323,Aut-316489,Automotive,Italy,Phone
19,113.95,2024-12-18,C-33971496,Hea-899728,Health,Norway,Store
9,496.66,2022-02-09,C-03929539,Aut-024433,Automotive,Netherlands,Marketplace
8,107.75,2023-10-05,C-84069645,Aut-312995,Automotive,Canada,Web
12,492.99,2025-10-19,C-20120738,Fur-280818,Furniture,Spain,Marketplace
1,275.69,2022-07-31,C-37282969,Clo-703452,Clothing,Poland,Marketplace
17,129.89,2022-01-13,C-21815651,Boo-846238,Books,Netherlands,Social Media
5,424.68,2025-07-07,C-37792256,Spo-278445,Sports,Austria,Store
6,193.14,2024-08-22,C-04202589,Boo-456157,Books,United Kingdom,App
15,375.3,2022-06-19,C-36941673,Mus-141342,Music,France,Social Media
9,254.63,2024-11-05,C-82983097,Toy-137061,Toys,Netherlands,Email
9,471.61,2025-03-04,C-76399890,Spo-708983,Sports,Switzerland,App
16,431.17,2024-11-08,C-07706214,Jew-287755,Jewelry,Switzerland,Email
17,319.21,2025-01-30,C-72966724,Fur-312175,Furniture,Brazil,App
19,164.22,2024-05-31,C-08085231,Toy-881836,Toys,Portugal,Email
5,481.26,2023-08-07,C-07718924,Gar-068659,Garden,Sweden,App
1,325.38,2024-09-19,C-56171343,Fur-819327,Furniture,Germany,App
13,417.58,2025-10-26,C-58263729,Fur-271286,Furniture,Spain,Phone
18,283.77,2024-04-21,C-31491448,Clo-914161,Clothing,Japan,Phone
8,493.26,2024-08-14,C-43258668,Aut-923154,Automotive,Denmark,Web
6,113.49,2025-03-18,C-71354562,Ele-185025,Electronics,Belgium,App
5,34.8,2024-06-21,C-67734713,Foo-210701,Food,Brazil,Email
11,274.51,2025-11-21,C-48248138,Boo-822599,Books,Sweden,App
7,31.68,2025-05-26,C-44777025,Toy-085797,Toys,United Kingdom,App
14,289.87,2025-06-29,C-35511467,Mus-700507,Music,France,Web
2,145.51,2024-04-05,C-25388461,Spo-539762,Sports,Japan,App
16,46.79,2025-12-28,C-52687437,Toy-597541,Toys,Spain,Social Media
12,160.53,2022-10-05,C-83990482,Toy-107272,Toys,Spain,Phone
17,348.82,2022-04-08,C-60590184,Aut-295108,Automotive,Denmark,Email
15,434.61,2024-08-28,C-31562395,Tra-248248,Travel,France,Web
16,75.37,2025-12-30,C-84984031,Spo-695349,Sports,Switzerland,Store
7,274.24,2023-05-15,C-24943709,Ele-873662,Electronics,France,Marketplace
14,89.62,2024-04-10,C-78924248,Aut-361557,Automotive,Denmark,Social Media
4,131.12,2024-07-17,C-93594457,Tra-553242,Travel,Netherlands,Store
9,71.09,2025-06-18,C-06140306,Aut-216831,Automotive,Mexico,Web
15,499.46,2024-02-12,C-33071308,Aut-749231,Automotive,Australia,Social Media
8,38.33,2025-04-15,C-68849874,Foo-094328,Food,Italy,Email
15,448.58,2025-01-08,C-24825971,Ele-248815,Electronics,Netherlands,Email
1,69.68,2023-05-23,C-79109200,Hea-601977,Health,Norway,Social Media
3,335.95,2024-01-24,C-46779506,Clo-033414,Clothing,Spain,Store
18,208.31,2023-07-25,C-39200287,Fur-797412,Furniture,Canada,Web
11,311.73,2023-09-06,C-52687437,Hea-427634,Health,Austria,App
14,171.58,2024-01-06,C-58623748,Off-015037,Office,Australia,App
8,279.1,2025-09-07,C-17074239,Clo-975955,Clothing,Japan,Email
6,335.99,2024-03-13,C-69654804,Spo-988120,Sports,Australia,Phone
14,396.85,2025-03-20,C-98325575,Jew-251732,Jewelry,Portugal,Email
17,326.56,2022-01-25,C-69358962,Gar-556014,Garden,Canada,App
14,384.0,2022-12-11,C-43320541,Tra-670967,Travel,Australia,Email
5,103.11,2025-08-25,C-54087604,Clo-606311,Clothing,United States,Store
13,100.06,2024-01-06,C-29680788,Hea-278336,Health,United Kingdom,Store
12,289.7,2024-08-19,C-26183976,Off-004048,Office,Mexico,Social Media
10,227.55,2022-09-28,C-70140173,Jew-279897,Jewelry,Italy,Phone
7,175.6,2023-03-22,C-64801937,Foo-585922,Food,Germany,Phone
10,298.0,2024-02-01,C-34187596,Ele-204495,Electronics,Spain,Phone
17,400.48,2025-10-24,C-36596055,Foo-984151,Food,United Kingdom,Phone
5,452.34,2023-01-05,C-64801937,Ele-573492,Electronics,Spain,Store
8,95.55,2022-06-02,C-65680713,Spo-229254,Sports,Australia,App
5,188.93,2023-09-03,C-01878061,Gar-879254,Garden,Sweden,App
11,312.14,2023-05-29,C-09095261,Ele-411069,Electronics,Switzerland,App
11,483.34,2025-09-30,C-14362275,Jew-387055,Jewelry,Mexico,Marketplace
8,386.23,2025-02-10,C-14863834,Hea-749654,Health,Denmark,Store
8,425.2,2022-05-17,C-99951237,Mus-293305,Music,Brazil,Web
16,93.72,2023-08-22,C-95897450,Ele-024908,Electronics,Japan,Web
1,107.3,2024-01-18,C-83984056,Fur-013228,Furniture,Portugal,App
6,205.79,2025-01-26,C-72966724,Hea-320362,Health,Norway,Marketplace
16,77.34,2022-09-10,C-03929539,Tra-655843,Travel,Canada,Store
6,61.45,2025-04-22,C-69358962,Aut-831122,Automotive,Belgium,Marketplace
15,357.84,2025-01-02,C-78924248,Aut-476352,Automotive,Belgium,Store
13,9.7,2023-09-05,C-04388288,Aut-403801,Automotive,Spain,App
16,129.71,2024-12-16,C-67734713,Gar-192868,Garden,Brazil,Marketplace
13,339.09,2025-05-23,C-04388288,Mus-202266,Music,United Kingdom,Email
11,377.21,2024-10-29,C-45499076,Jew-006239,Jewelry,Belgium,Marketplace
2,496.55,2023-10-06,C-95364434,Bea-923689,Beauty,Poland,Phone
3,389.25,2025-04-17,C-94561312,Mus-144133,Music,Sweden,App
13,158.46,2023-06-25,C-82162312,Off-377674,Office,Poland,Phone
4,368.62,2025-01-21,C-69425350,Boo-349543,Books,Switzerland,Marketplace
12,160.52,2024-02-05,C-71703240,Bea-214971,Beauty,Norway,Store
6,296.42,2022-09-18,C-66447024,Bea-840222,Beauty,United Kingdom,Email
17,324.68,2024-10-31,C-91848903,Hea-261081,Health,Belgium,App
1,91.45,2024-10-22,C-33067849,Jew-278382,Jewelry,Sweden,Web
19,349.54,2023-05-17,C-12780542,Mus-798219,Music,Denmark,Web
8,239.61,2024-06-16,C-05085836,Bea-069024,Beauty,Japan,Marketplace
1,122.45,2022-07-16,C-61223304,Jew-422457,Jewelry,United Kingdom,App
2,186.51,2025-06-02,C-75232822,Boo-687426,Books,Portugal,Email
1,99.4,2024-06-07,C-45499076,Aut-610262,Automotive,Switzerland,App
12,419.85,2024-01-10,C-19495025,Toy-042849,Toys,Australia,Web
11,314.34,2025-06-22,C-25388461,Off-134717,Office,Australia,App
10,410.28,2024-11-26,C-61295722,Bea-343184,Beauty,United Kingdom,Email
14,66.79,2022-06-17,C-75310409,Bea-961449,Beauty,Belgium,Email
15,25.21,2022-04-11,C-80839328,Ele-055865,Electronics,Sweden,Marketplace
6,427.84,2023-04-02,C-56155330,Aut-415220,Automotive,Germany,Store
16,207.45,2022-12-09,C-45189196,Gar-324517,Garden,Poland,Email
5,86.21,2023-06-21,C-13268463,Jew-029065,Jewelry,Brazil,Social Media
8,462.48,2025-10-05,C-69723028,Boo-290410,Books,Switzerland,Phone
8,10.91,2025-07-11,C-34043398,Mus-746283,Music,Poland,App
2,400.41,2024-02-15,C-80410341,Tra-037087,Travel,Switzerland,Phone
19,317.33,2024-11-16,C-52729045,Spo-423279,Sports,Italy,Store
7,195.59,2023-04-24,C-27853549,Gar-930605,Garden,Portugal,Phone
18,90.55,2025-03-16,C-72893017,Mus-006761,Music,Italy,Social Media
9,437.03,2022-06-22,C-72893017,Ele-494446,Electronics,Poland,Store
6,340.62,2024-11-23,C-81261231,Aut-858213,Automotive,Germany,Phone
10,151.24,2025-12-24,C-95575943,Clo-854195,Clothing,Australia,Phone
10,488.79,2024-08-07,C-94779946,Aut-581198,Automotive,Germany,Marketplace
14,338.75,2025-04-09,C-96319520,Boo-522404,Books,Brazil,Email
10,75.78,2024-05-28,C-66370870,Spo-197084,Sports,Italy,Social Media
14,337.89,2022-06-05,C-39312362,Off-750216,Office,France,App
8,371.63,2025-03-01,C-28875386,Gar-206529,Garden,Norway,Phone
6,309.77,2024-01-28,C-16115109,Tra-561572,Travel,Germany,Social Media
4,185.38,2023-03-20,C-83896442,Gar-306380,Garden,Netherlands,Email
16,108.9,2022-12-20,C-85947324,Hea-302201,Health,Denmark,Email
4,23.71,2024-08-24,C-33237296,Boo-113827,Books,Netherlands,Phone
16,392.12,2022-06-29,C-72687598,Toy-932163,Toys,Canada,Email
8,368.19,2025-09-28,C-65235738,Bea-703797,Beauty,Poland,Email
18,203.45,2022-07-06,C-51214215,Gar-594917,Garden,Norway,Social Media
19,146.16,2025-10-11,C-31562395,Jew-094885,Jewelry,Mexico,Phone
15,25.61,2022-07-19,C-85555041,Hea-796592,Health,France,Marketplace
14,489.36,2023-12-01,C-63879404,Gar-642768,Garden,Switzerland,Marketplace
5,211.62,2022-03-10,C-48574985,Foo-972434,Food,Poland,Marketplace
3,354.77,2025-05-06,C-24254708,Ele-076706,Electronics,Sweden,Social Media
18,428.53,2023-09-30,C-66447024,Fur-346719,Furniture,Italy,Phone
2,196.28,2025-02-26,C-56171343,Mus-753330,Music,Austria,Store
10,491.13,2022-08-02,C-94779946,Off-007840,Office,Denmark,Marketplace
6,287.34,2022-04-07,C-43310463,Jew-636501,Jewelry,Germany,App
12,120.66,2022-08-09,C-27853549,Jew-326397,Jewelry,Mexico,Store
3,327.46,2024-01-13,C-24874629,Mus-959613,Music,Germany,Phone
14,42.44,2024-04-25,C-00341776,Off-651336,Office,Australia,Marketplace
17,331.36,2024-05-17,C-25868269,Bea-692848,Beauty,Portugal,App
14,365.24,2023-01-01,C-94561312,Aut-703190,Automotive,United Kingdom,Marketplace
10,90.59,2024-11-26,C-75232822,Gar-876292,Garden,Italy,App
9,486.56,2025-10-26,C-36973153,Foo-392113,Food,Sweden,Email
13,356.37,2025-12-04,C-78924248,Off-595249,Office,Belgium,Phone
19,140.88,2024-09-07,C-76764761,Off-705938,Office,Netherlands,Marketplace
13,241.52,2023-01-31,C-71703240,Bea-686365,Beauty,Norway,Marketplace
13,224.36,2022-01-02,C-43022236,Mus-758092,Music,Australia,App
1,9.82,2025-03-20,C-32024053,Tra-365597,Travel,Austria,Store
3,236.68,2025-05-22,C-38044479,Foo-677014,Food,Brazil,App
12,177.2,2023-12-28,C-31776064,Toy-732930,Toys,Portugal,Phone
14,431.74,2025-01-03,C-59241963,Toy-199460,Toys,Italy,Marketplace
17,49.18,2024-10-29,C-23111318,Jew-111255,Jewelry,Australia,Email
3,126.34,2023-07-24,C-91848903,Fur-958748,Furniture,Belgium,Web
11,468.48,2023-03-25,C-69654804,Aut-341207,Automotive,United Kingdom,Web
2,401.78,2022-06-27,C-08084208,Off-535197,Office,Norway,Email
15,95.01,2024-10-19,C-11593189,Boo-470683,Books,Japan,Email
1,127.65,2024-04-02,C-95405257,Foo-651624,Food,Belgium,Marketplace
13,438.55,2025-03-27,C-73352991,Tra-067461,Travel,Denmark,App
17,127.04,2024-12-11,C-24825971,Toy-805774,Toys,Portugal,Store
11,255.13,2025-01-21,C-61295722,Clo-717738,Clothing,Canada,Phone
7,332.92,2024-06-01,C-96638930,Mus-307626,Music,Switzerland,Phone
11,194.62,2023-12-08,C-14167380,Mus-686708,Music,Mexico,Marketplace
16,82.4,2022-09-22,C-59637217,Bea-365855,Beauty,Italy,App
6,284.96,2025-12-22,C-40066424,Spo-393498,Sports,United States,Phone
5,331.08,2023-12-23,C-87547612,Tra-100679,Travel,Austria,Email
11,482.63,2023-08-24,C-48574985,Foo-345524,Food,Sweden,Store
6,362.26,2023-01-30,C-71666979,Mus-254788,Music,Switzerland,Social Media
2,188.64,2025-05-28,C-23562036,Aut-302718,Automotive,United Kingdom,Store
11,378.28,2024-08-16,C-58815004,Boo-946265,Books,Switzerland,Social Media
1,20.28,2024-09-15,C-52196791,Toy-549423,Toys,Denmark,Email
7,27.0,2024-08-16,C-43258668,Hea-772253,Health,Netherlands,Social Media
6,200.0,2024-12-16,C-10382808,Clo-190475,Clothing,Netherlands,Store
19,137.73,2025-05-25,C-83525743,Fur-373020,Furniture,Sweden,Phone
6,17.53,2023-11-11,C-33334129,Hea-326020,Health,Germany,App
5,402.17,2023-04-13,C-91611921,Tra-225424,Travel,Australia,Store
19,488.11,2022-01-21,C-83525743,Aut-589634,Automotive,United States,Marketplace
8,123.98,2023-12-14,C-69723028,Mus-346363,Music,Belgium,App
17,308.63,2023-12-21,C-84984031,Clo-278544,Clothing,Australia,App
6,287.32,2025-03-07,C-15227782,Boo-644955,Books,Belgium,Marketplace
7,483.68,2024-06-17,C-65347335,Aut-964463,Automotive,Denmark,Store
17,233.62,2024-02-18,C-48219660,Toy-938524,Toys,Portugal,Store
10,400.82,2024-01-27,C-99882419,Jew-221444,Jewelry,Norway,Marketplace
6,115.71,2024-01-31,C-23912425,Tra-446608,Travel,Switzerland,Social Media
15,220.65,2023-05-20,C-69752771,Toy-276317,Toys,United States,Email
2,397.23,2025-04-01,C-09095261,Spo-445202,Sports,Italy,Store
8,244.39,2022-10-23,C-04857421,Boo-635935,Books,Belgium,Marketplace
15,402.71,2023-07-01,C-60590184,Boo-456645,Books,Spain,Email
5,486.98,2025-05-01,C-00571789,Clo-536829,Clothing,Germany,Web
12,435.86,2025-12-20,C-79632009,Boo-052740,Books,Portugal,Store
18,262.66,2025-09-05,C-21964351,Gar-444395,Garden,Japan,Store
4,272.85,2022-06-07,C-95364434,Boo-715307,Books,Spain,Marketplace
15,359.45,2024-12-03,C-82799399,Aut-929609,Automotive,United Kingdom,Store
1,217.65,2025-03-01,C-99951237,Aut-711795,Automotive,Belgium,Store
6,429.09,2022-12-23,C-69752771,Mus-106094,Music,Norway,Web
1,107.17,2023-09-03,C-34194127,Spo-622932,Sports,Brazil,Social Media
16,411.04,2023-10-12,C-36207775,Jew-830908,Jewelry,Australia,Email
11,370.8,2024-08-13,C-73823713,Fur-517510,Furniture,Spain,Phone
3,368.57,2024-10-28,C-13192293,Jew-571366,Jewelry,Switzerland,Phone
13,44.23,2025-05-03,C-05163875,Hea-777652,Health,Canada,Email
17,361.65,2025-01-28,C-42435059,Aut-919590,Automotive,Australia,Marketplace
2,202.79,2025-08-09,C-64933370,Toy-012776,Toys,Belgium,Phone
12,409.08,2024-09-16,C-80272452,Hea-872959,Health,Netherlands,Email
16,141.13,2023-09-29,C-44394558,Off-727183,Office,United States,App
14,117.0,2025-06-13,C-58844515,Bea-461201,Beauty,Australia,Email
6,178.42,2024-02-17,C-51510185,Bea-847843,Beauty,Norway,Marketplace
17,461.67,2022-07-22,C-08303045,Fur-323642,Furniture,Japan,App
5,139.28,2025-10-09,C-66370870,Clo-978478,Clothing,Belgium,App
13,217.28,2023-07-30,C-24193676,Fur-573546,Furniture,Spain,Store
6,276.96,2022-02-16,C-94561312,Aut-928838,Automotive,Norway,Store
10,161.95,2024-04-09,C-58593771,Spo-065140,Sports,Spain,Web
15,78.48,2022-01-10,C-25814587,Hea-517363,Health,Denmark,Web
11,48.92,2022-10-01,C-21964351,Tra-318118,Travel,France,Email
5,359.65,2023-11-26,C-28523979,Spo-253458,Sports,United States,App
7,321.88,2022-06-25,C-60590184,Mus-635793,Music,Switzerland,Email
6,190.22,2023-01-22,C-95950020,Mus-226743,Music,Poland,Phone
17,22.89,2024-07-21,C-00716732,Hea-544790,Health,Italy,Phone
17,317.85,2023-09-06,C-61635242,Gar-691543,Garden,Netherlands,Web
13,411.07,2022-06-06,C-44777025,Bea-987398,Beauty,Germany,Web
2,336.5,2025-07-19,C-61223304,Gar-355796,Garden,Belgium,Web
14,160.57,2022-12-12,C-50169180,Foo-845361,Food,Denmark,Phone
6,483.57,2022-11-01,C-57442109,Bea-647943,Beauty,Brazil,Store
1,468.41,2024-01-24,C-33971496,Ele-324124,Electronics,Austria,Store
19,250.63,2023-10-06,C-03298924,Gar-415404,Garden,Denmark,Store
15,448.39,2025-05-03,C-55597799,Tra-835420,Travel,Netherlands,App
3,185.89,2025-06-12,C-03298924,Toy-942812,Toys,Japan,Marketplace
7,414.64,2025-07-31,C-48219660,Mus-861501,Music,Australia,Marketplace
10,185.57,2023-12-27,C-29004750,Gar-198155,Garden,Mexico,Social Media
9,345.15,2022-09-07,C-85780309,Ele-063250,Electronics,Norway,App
7,225.61,2024-02-23,C-19336679,Clo-695737,Clothing,United States,Social Media
9,179.87,2025-10-29,C-21047218,Foo-726933,Food,United Kingdom,Social Media
4,321.22,2023-09-02,C-94779946,Bea-551529,Beauty,France,App
9,215.99,2023-05-18,C-16276701,Clo-333961,Clothing,Canada,Web
12,365.87,2023-02-17,C-15627644,Aut-240025,Automotive,United Kingdom,Web
16,262.82,2022-08-05,C-12198751,Aut-975802,Automotive,Switzerland,Email
19,207.02,2023-08-03,C-33071308,Spo-529986,Sports,Belgium,Web
17,110.27,2023-08-04,C-44259536,Off-696583,Office,France,Phone
6,480.17,2022-07-31,C-12198751,Fur-763325,Furniture,Belgium,Email
11,209.72,2024-12-08,C-80434627,Fur-791947,Furniture,Belgium,Email
2,487.63,2022-08-21,C-08085231,Bea-319258,Beauty,Spain,Store
2,329.19,2022-08-06,C-81260270,Aut-341205,Automotive,Norway,Email
12,138.69,2023-01-17,C-32317799,Off-331015,Office,Denmark,Email
9,31.18,2023-08-20,C-36941673,Boo-882413,Books,Denmark,App
2,119.43,2025-12-03,C-66049568,Bea-724652,Beauty,Switzerland,Store
14,445.36,2024-05-07,C-59357876,Bea-957541,Beauty,United Kingdom,Web
6,19.62,2023-10-17,C-61635242,Jew-719006,Jewelry,Netherlands,Web
3,92.38,2022-07-26,C-08845506,Hea-029033,Health,United States,Email
9,430.61,2022-11-30,C-78446420,Mus-183009,Music,Portugal,Social Media
2,39.51,2022-03-08,C-01878061,Bea-382193,Beauty,United States,Store
8,35.63,2023-02-01,C-64105322,Gar-264745,Garden,Spain,Marketplace
13,112.93,2023-06-22,C-25814587,Ele-678030,Electronics,Portugal,App
16,178.44,2024-04-10,C-46803455,Aut-301497,Automotive,United States,Email
19,302.92,2025-09-16,C-18110411,Jew-300368,Jewelry,Belgium,Web
16,237.75,2024-06-08,C-20625702,Jew-777693,Jewelry,Norway,Email
14,418.95,2024-03-20,C-29230901,Bea-657917,Beauty,France,Store
12,243.1,2025-12-30,C-58858217,Clo-794954,Clothing,Denmark,Social Media
14,227.92,2023-12-13,C-95364434,Spo-612449,Sports,Denmark,Web
5,110.27,2022-01-10,C-48365033,Bea-797004,Beauty,Brazil,Web
7,338.47,2023-09-13,C-32317799,Clo-354181,Clothing,United States,Marketplace
14,117.94,2024-04-02,C-76399890,Ele-068947,Electronics,Austria,Phone
4,256.24,2023-11-22,C-92010806,Fur-757518,Furniture,Portugal,Store
8,304.95,2022-02-19,C-36104271,Hea-335829,Health,Germany,Social Media
17,328.76,2024-08-29,C-99882419,Ele-575692,Electronics,Netherlands,Store
19,128.39,2025-07-20,C-21493738,Bea-174235,Beauty,United Kingdom,App
8,306.89,2024-03-02,C-85460227,Aut-409504,Automotive,Japan,Marketplace
12,315.11,2024-01-17,C-83940354,Toy-941760,Toys,Netherlands,Social Media
6,100.64,2025-04-24,C-68849874,Gar-130047,Garden,United States,Marketplace
11,310.36,2022-05-13,C-08084208,Gar-623533,Garden,Japan,Phone
17,416.91,2023-01-31,C-69654804,Foo-746797,Food,Sweden,Phone
16,457.25,2024-01-30,C-11985335,Hea-174803,Health,Australia,Social Media
18,456.76,2022-05-19,C-65189987,Fur-532327,Furniture,Spain,Social Media
3,372.03,2024-01-31,C-61295722,Gar-004744,Garden,Austria,Email
8,128.7,2024-12-05,C-58858217,Off-017402,Office,Sweden,Phone
8,151.01,2023-04-09,C-43022236,Mus-679009,Music,Sweden,Email
13,476.68,2024-10-21,C-01878061,Ele-178036,Electronics,Sweden,Phone
4,215.1,2022-01-22,C-90940416,Clo-055596,Clothing,Mexico,App
19,105.42,2025-11-08,C-03016393,Hea-818588,Health,Portugal,Store
19,150.13,2024-12-20,C-60323692,Jew-640287,Jewelry,Germany,Phone
14,313.13,2022-01-27,C-80410341,Boo-087665,Books,Poland,App
1,496.24,2023-07-20,C-22258680,Hea-161246,Health,Norway,Web
5,300.66,2025-07-17,C-31491448,Fur-754547,Furniture,Sweden,Phone
11,104.94,2025-11-09,C-17474126,Tra-161185,Travel,United Kingdom,Phone
5,300.02,2025-03-18,C-40816416,Foo-556737,Food,Belgium,Email
19,223.7,2025-09-19,C-43310463,Mus-814331,Music,Australia,Social Media
9,82.13,2024-05-20,C-55546816,Toy-757178,Toys,Denmark,Social Media
10,8.19,2024-11-27,C-71666979,Hea-837659,Health,United States,Store
9,81.42,2025-03-04,C-69654804,Fur-580882,Furniture,Belgium,Web
1,171.68,2022-08-24,C-30456182,Off-995430,Office,United Kingdom,Web
15,404.03,2023-10-21,C-96319520,Mus-138125,Music,Denmark,Store
13,198.03,2025-12-25,C-28616400,Off-083292,Office,Belgium,Marketplace
17,459.74,2023-02-04,C-66796277,Aut-109101,Automotive,Germany,Email
2,218.26,2025-12-29,C-86793558,Off-064516,Office,Spain,Phone
5,89.71,2024-10-22,C-07680834,Aut-177524,Automotive,Germany,Email
11,88.52,2022-05-31,C-11172808,Off-799836,Office,Denmark,App
17,487.15,2025-04-11,C-06140306,Fur-504287,Furniture,Switzerland,Email
9,491.7,2025-07-09,C-40066424,Ele-022243,Electronics,Australia,Phone
1,24.9,2022-09-02,C-85270860,Boo-247102,Books,Spain,App
6,312.33,2022-11-11,C-43310463,Toy-495644,Toys,United Kingdom,Marketplace
18,42.86,2025-04-08,C-38044479,Tra-553480,Travel,Netherlands,Marketplace
12,455.8,2023-02-04,C-85780309,Off-677961,Office,Netherlands,App
12,301.77,2023-05-15,C-27728798,Clo-302135,Clothing,Japan,Marketplace
2,44.6,2023-01-02,C-60708577,Mus-005643,Music,Switzerland,Marketplace
12,213.54,2023-04-15,C-35511467,Bea-067976,Beauty,Sweden,Email
13,98.36,2023-08-01,C-71703240,Spo-052246,Sports,Spain,Store
9,317.67,2025-09-19,C-61453651,Boo-417401,Books,Austria,Marketplace
8,349.89,2024-07-25,C-04202589,Tra-681659,Travel,Japan,Marketplace
9,178.33,2022-04-08,C-99336445,Ele-879152,Electronics,Norway,Phone
11,292.99,2023-01-28,C-25746750,Clo-918720,Clothing,Norway,Phone
1,277.98,2023-09-04,C-31562395,Off-972811,Office,Japan,Web
19,108.44,2024-10-01,C-58593771,Aut-041115,Automotive,France,Marketplace
9,113.03,2024-03-20,C-06670976,Gar-111530,Garden,Poland,Email
12,374.01,2022-03-03,C-11498981,Bea-107565,Beauty,Spain,Social Media
1,24.89,2022-08-08,C-33200552,Off-496514,Office,Mexico,Social Media
13,196.69,2023-11-09,C-15227782,Ele-450098,Electronics,Brazil,Web
6,118.04,2022-08-31,C-93179907,Tra-676714,Travel,Norway,Store
13,339.26,2025-09-20,C-96899874,Tra-600272,Travel,Canada,Phone
18,396.59,2024-03-16,C-93179907,Foo-027316,Food,Japan,App
9,221.51,2024-09-30,C-92141302,Bea-042126,Beauty,Spain,Phone
7,10.07,2025-09-01,C-89601719,Bea-141912,Beauty,Australia,App
19,362.87,2024-12-04,C-03298924,Mus-357339,Music,France,Social Media
6,243.72,2024-01-07,C-97457004,Aut-233488,Automotive,United Kingdom,Social Media
19,372.47,2025-05-29,C-28481406,Gar-090067,Garden,Portugal,Phone
9,78.93,2022-02-24,C-14582549,Foo-570978,Food,Norway,App
7,326.44,2024-12-04,C-11172597,Boo-810281,Books,Mexico,Social Media
14,291.18,2022-06-02,C-07718924,Clo-445508,Clothing,United States,Web
4,326.27,2022-10-06,C-79632009,Aut-230307,Automotive,Portugal,Web
16,346.11,2025-05-25,C-86793558,Toy-805737,Toys,Brazil,Email
16,92.97,2023-07-07,C-12025094,Bea-461552,Beauty,Germany,Marketplace
3,425.52,2025-06-17,C-48248138,Bea-032476,Beauty,United Kingdom,Social Media
12,171.91,2024-06-03,C-01425733,Toy-189620,Toys,Italy,Marketplace
3,112.94,2025-09-22,C-16276701,Boo-619834,Books,Italy,Web
1,434.58,2024-01-20,C-58815004,Hea-253494,Health,Sweden,Web
3,255.21,2024-08-29,C-33067849,Mus-520220,Music,Italy,Marketplace
2,358.89,2025-07-17,C-56445786,Tra-247789,Travel,Switzerland,Marketplace
2,299.44,2025-04-20,C-20625702,Off-408039,Office,France,Email
2,184.49,2024-05-25,C-71521183,Foo-057542,Food,Poland,Social Media
10,284.79,2023-02-02,C-89572422,Aut-851214,Automotive,Austria,Social Media
3,223.25,2022-05-17,C-12247689,Spo-276709,Sports,Mexico,Marketplace
5,77.6,2025-06-09,C-09095261,Foo-607301,Food,Poland,Social Media
4,150.34,2022-07-13,C-67734713,Gar-125699,Garden,Portugal,Store
16,157.53,2024-08-08,C-87531984,Jew-055970,Jewelry,Norway,App
4,232.43,2024-07-22,C-14348130,Toy-801025,Toys,Germany,App
9,94.63,2023-07-09,C-28558128,Clo-298334,Clothing,Poland,Phone
4,74.5,2022-03-24,C-52687437,Mus-159532,Music,United Kingdom,Store
14,440.98,2025-08-23,C-46779506,Off-645790,Office,Italy,Phone
7,209.83,2023-11-28,C-83990482,Fur-743689,Furniture,Canada,App
17,175.72,2023-01-05,C-45189196,Off-482642,Office,Denmark,Email
3,231.2,2022-11-02,C-77186257,Tra-091088,Travel,United States,Web
12,240.89,2025-12-22,C-48042983,Clo-710331,Clothing,Canada,Social Media
4,301.89,2022-08-27,C-92141302,Hea-240114,Health,Poland,Web
17,331.13,2022-01-22,C-08303045,Bea-894639,Beauty,Italy,Social Media
11,213.83,2024-03-17,C-32013927,Hea-267334,Health,United Kingdom,Web
18,22.96,2023-04-17,C-49819326,Bea-894038,Beauty,United States,Email
3,166.37,2025-07-13,C-31733702,Ele-893854,Electronics,Germany,Marketplace
18,50.99,2025-03-09,C-21493738,Tra-909106,Travel,United States,Email
13,260.59,2024-09-26,C-44394558,Mus-427964,Music,France,Store
16,313.44,2024-08-01,C-36312598,Toy-513723,Toys,Italy,Web
15,188.75,2023-05-18,C-57589671,Clo-065512,Clothing,Portugal,Email
14,192.84,2022-12-30,C-47614337,Toy-625760,Toys,United Kingdom,Email
11,11.11,2024-03-01,C-87914090,Spo-360746,Sports,Japan,Marketplace
12,438.26,2022-05-02,C-93819002,Hea-649984,Health,United States,App
12,394.89,2024-04-16,C-85441923,Bea-117697,Beauty,Sweden,Marketplace
5,142.87,2022-02-13,C-92295932,Boo-529502,Books,Portugal,App
17,40.24,2024-03-07,C-26931360,Fur-284781,Furniture,Sweden,Email
10,443.82,2025-10-03,C-03016393,Off-931455,Office,Italy,Email
10,391.06,2023-09-17,C-55631850,Aut-343743,Automotive,Brazil,App
17,331.35,2023-05-21,C-10382808,Bea-344644,Beauty,Italy,Marketplace
2,263.22,2025-10-10,C-47831975,Aut-822380,Automotive,Brazil,Store
13,274.2,2022-08-10,C-61453651,Clo-287630,Clothing,Japan,Email
8,181.65,2025-04-23,C-95405257,Boo-598284,Books,Portugal,App
1,109.82,2023-08-14,C-93712739,Toy-161872,Toys,Portugal,Email
17,337.38,2023-09-29,C-13192293,Tra-264168,Travel,Belgium,Phone
11,98.67,2024-09-20,C-21815651,Boo-812849,Books,Italy,Store
16,32.47,2022-05-19,C-11133828,Off-880588,Office,Denmark,App
13,403.14,2022-05-01,C-72957339,Bea-969364,Beauty,Spain,Store
19,192.37,2023-11-17,C-53082079,Jew-987364,Jewelry,Australia,Web
6,474.07,2023-02-24,C-67555445,Fur-235086,Furniture,Netherlands,App
18,186.28,2022-09-11,C-22834925,Hea-305057,Health,Spain,Store
11,95.03,2023-08-21,C-82162312,Hea-754933,Health,Japan,Web
8,270.71,2024-09-25,C-91611921,Bea-151517,Beauty,United States,Marketplace
10,137.09,2025-03-27,C-72893017,Aut-886939,Automotive,Netherlands,Store
1,184.67,2025-12-08,C-31562395,Jew-926184,Jewelry,Portugal,App
8,400.29,2024-08-04,C-85645658,Boo-099453,Books,Denmark,Email
16,151.44,2024-10-28,C-91258005,Clo-154044,Clothing,Japan,App
7,223.94,2024-05-11,C-80272452,Bea-203851,Beauty,Spain,Social Media
18,325.81,2023-02-25,C-58263729,Spo-318054,Sports,Mexico,App
19,97.61,2023-12-26,C-05163875,Hea-926367,Health,Switzerland,Email
19,276.37,2025-05-20,C-32024053,Ele-520741,Electronics,Austria,Store
18,494.84,2023-01-12,C-39719554,Boo-958488,Books,Italy,App
1,224.24,2023-05-19,C-70140173,Hea-865214,Health,Poland,App
14,327.89,2024-06-10,C-12290630,Bea-512459,Beauty,Denmark,Email
11,246.81,2025-07-16,C-29463459,Off-500975,Office,Germany,Web
17,274.86,2022-12-13,C-37619890,Fur-897648,Furniture,Canada,Email
12,57.07,2025-04-27,C-58593771,Mus-176343,Music,Austria,Social Media
14,427.34,2023-10-11,C-05163875,Gar-409260,Garden,Switzerland,Store
9,412.85,2023-12-13,C-24232452,Toy-369223,Toys,United States,Marketplace
5,402.82,2024-01-26,C-69723028,Ele-929997,Electronics,United States,Email
13,276.39,2022-08-20,C-96984679,Hea-526826,Health,Brazil,Social Media
18,205.35,2025-12-10,C-83984056,Mus-150492,Music,Netherlands,Social Media
3,62.18,2022-02-23,C-24193676,Gar-819028,Garden,Norway,Email
8,295.81,2022-06-30,C-79109200,Hea-728190,Health,Denmark,Phone
13,232.78,2023-03-26,C-38044479,Toy-670568,Toys,Sweden,Social Media
18,14.24,2022-06-24,C-75232822,Gar-786327,Garden,Switzerland,Marketplace
16,56.7,2025-06-23,C-14582549,Jew-726326,Jewelry,Sweden,Store
9,490.43,2022-10-10,C-11177777,Ele-019410,Electronics,Germany,Store
11,169.74,2022-09-29,C-54942359,Bea-078063,Beauty,Portugal,Store
3,271.36,2025-04-24,C-35991775,Toy-525734,Toys,Denmark,Web
6,115.26,2024-06-08,C-19336679,Bea-938964,Beauty,Japan,Phone
3,16.28,2025-09-15,C-16552411,Foo-206923,Food,Canada,Web
2,218.68,2024-05-03,C-43320541,Boo-336561,Books,Switzerland,Web
1,463.6,2022-12-05,C-44394558,Spo-955460,Sports,Italy,Email
10,336.85,2023-07-18,C-69752771,Gar-231413,Garden,Mexico,App
9,268.46,2024-01-09,C-58844515,Mus-314173,Music,Mexico,Store
15,371.29,2025-04-06,C-53923828,Off-223737,Office,Denmark,Store
11,201.88,2025-08-01,C-13268463,Tra-979351,Travel,Switzerland,Email
2,473.15,2022-10-14,C-49938177,Gar-714504,Garden,Australia,Web
15,100.56,2025-05-07,C-99725234,Hea-142186,Health,Spain,Social Media
16,110.96,2023-09-08,C-18110411,Foo-608246,Food,Norway,Store
3,253.28,2024-01-18,C-27458375,Jew-761856,Jewelry,Denmark,Phone
7,45.35,2023-03-13,C-08804410,Hea-005166,Health,Poland,Social Media
5,67.07,2023-12-19,C-77391210,Foo-734411,Food,United States,Phone
2,161.74,2025-03-07,C-48732589,Clo-097610,Clothing,Italy,Store
8,101.09,2022-03-13,C-25868269,Tra-050326,Travel,Austria,Social Media
10,152.88,2023-05-27,C-08397369,Toy-093390,Toys,United Kingdom,Store
18,204.76,2025-06-29,C-85460227,Clo-524887,Clothing,Austria,App
13,27.48,2023-08-28,C-45178159,Clo-296165,Clothing,France,App
1,181.88,2024-10-22,C-44394558,Spo-137460,Sports,United States,Social Media
14,152.87,2023-03-31,C-28252670,Aut-741224,Automotive,Netherlands,Web
15,71.23,2024-01-09,C-36596055,Fur-642687,Furniture,Mexico,Social Media
11,456.6,2024-11-27,C-76605428,Aut-752870,Automotive,France,Phone
2,262.24,2024-04-16,C-18244574,Foo-168527,Food,Italy,Phone
5,252.44,2022-01-07,C-85780309,Toy-460072,Toys,Spain,App
8,42.28,2024-04-26,C-76605428,Aut-425482,Automotive,Canada,Email
13,115.84,2024-12-26,C-12945345,Aut-116519,Automotive,Switzerland,App
16,62.78,2023-06-17,C-69654804,Fur-556911,Furniture,Sweden,Web
1,46.1,2023-12-06,C-37619890,Aut-181706,Automotive,Netherlands,Web
9,181.74,2025-05-29,C-36973153,Jew-128916,Jewelry,Denmark,Phone
16,143.72,2023-11-26,C-98325575,Hea-976603,Health,Switzerland,App
5,266.98,2025-01-26,C-15227782,Tra-318562,Travel,France,Marketplace
18,380.93,2025-09-03,C-72957339,Aut-752774,Automotive,United States,App
1,350.96,2022-02-24,C-71521183,Fur-573532,Furniture,Canada,Email
2,173.45,2023-09-30,C-27853549,Foo-780930,Food,Brazil,App
3,376.64,2023-01-29,C-76803278,Toy-778192,Toys,Brazil,Social Media
16,473.5,2025-03-10,C-27407092,Toy-225861,Toys,Poland,Store
19,485.0,2025-05-03,C-08845506,Toy-449120,Toys,Switzerland,Social Media
19,390.46,2023-03-09,C-60259140,Toy-295090,Toys,Netherlands,Web
19,120.63,2023-04-30,C-89601719,Gar-521376,Garden,Denmark,Phone
10,151.49,2022-02-23,C-19336679,Tra-079502,Travel,Canada,Store
19,206.76,2023-06-25,C-17640864,Bea-386215,Beauty,Poland,Web
13,403.39,2025-03-29,C-69723028,Jew-933927,Jewelry,Netherlands,Email
12,206.54,2024-12-02,C-72893017,Fur-531404,Furniture,Italy,Phone
8,27.05,2022-05-19,C-28506804,Jew-377136,Jewelry,Switzerland,Store
18,52.77,2023-01-02,C-04388288,Toy-011070,Toys,Norway,App
3,288.28,2022-12-16,C-60708577,Spo-061205,Sports,France,Email
1,188.24,2023-04-18,C-25569498,Aut-557901,Automotive,Netherlands,Marketplace
5,141.96,2023-06-07,C-35991775,Jew-777229,Jewelry,United States,Social Media
14,133.64,2023-02-26,C-03989784,Foo-358318,Food,United Kingdom,Social Media
17,48.7,2025-11-25,C-61850780,Fur-239781,Furniture,France,Marketplace
8,422.1,2022-08-16,C-56445786,Tra-976946,Travel,Brazil,Web
18,497.04,2024-10-07,C-76764761,Toy-777848,Toys,Norway,App
15,374.99,2022-08-08,C-99951237,Mus-618352,Music,France,Web
6,186.46,2023-05-20,C-44214705,Toy-781472,Toys,Mexico,Web
3,260.23,2024-04-02,C-33200552,Aut-389841,Automotive,United Kingdom,Web
7,150.61,2023-08-07,C-66540515,Gar-499245,Garden,Australia,App
12,353.35,2023-03-10,C-55696698,Gar-978636,Garden,Mexico,Phone
9,333.56,2023-01-15,C-51073307,Jew-814114,Jewelry,Japan,Marketplace
5,195.06,2025-05-17,C-23111318,Off-389527,Office,Canada,Web
6,369.18,2023-01-10,C-46803455,Mus-746429,Music,Poland,Marketplace
7,220.88,2024-05-30,C-24943709,Spo-832543,Sports,Sweden,Store
2,459.49,2025-12-10,C-24254708,Tra-471665,Travel,Spain,Web
5,230.7,2022-02-23,C-85270860,Bea-836540,Beauty,Austria,Email
1,237.45,2022-01-26,C-69425350,Foo-179501,Food,Norway,Social Media
17,52.25,2025-06-25,C-42531372,Aut-761000,Automotive,Mexico,Store
16,49.13,2023-12-28,C-33971496,Tra-697817,Travel,Switzerland,Social Media
16,36.41,2023-12-04,C-51073307,Clo-738432,Clothing,Poland,Store
2,31.88,2025-06-13,C-22834925,Spo-342437,Sports,Australia,Store
10,79.69,2022-02-07,C-58858217,Gar-859165,Garden,Australia,Store
12,287.57,2023-09-24,C-67555445,Toy-961063,Toys,Sweden,App
7,383.42,2024-10-07,C-76932090,Ele-054434,Electronics,Austria,Store
8,284.34,2024-09-10,C-66005265,Mus-241713,Music,Canada,Phone
2,140.92,2022-04-14,C-44214705,Toy-908149,Toys,Brazil,Email
11,145.42,2024-09-02,C-66370870,Aut-636868,Automotive,Norway,Web
5,70.28,2022-09-21,C-00341776,Hea-719278,Health,Belgium,Store
10,9.04,2024-03-10,C-33237296,Toy-835152,Toys,Portugal,Marketplace
2,121.69,2022-09-27,C-69723028,Boo-453476,Books,Poland,Social Media
1,233.93,2025-08-26,C-78758323,Gar-274667,Garden,Norway,Email
4,200.33,2023-05-23,C-08085231,Mus-275913,Music,France,Store
16,227.11,2023-12-23,C-14582549,Ele-477765,Electronics,Netherlands,Marketplace
17,379.66,2025-09-27,C-66049568,Jew-712343,Jewelry,Mexico,Store
16,249.61,2022-03-29,C-86752706,Off-429500,Office,Germany,Web
12,439.18,2023-05-09,C-24874629,Hea-963199,Health,Canada,Phone
16,180.13,2025-09-25,C-38384646,Mus-207746,Music,Switzerland,Phone
6,15.36,2022-07-07,C-24193676,Off-434847,Office,Germany,Phone
11,415.24,2022-07-25,C-55546816,Gar-256902,Garden,Poland,Web
11,368.53,2025-02-20,C-40759502,Bea-598407,Beauty,Germany,Marketplace
14,123.66,2023-05-04,C-08845506,Gar-153642,Garden,United Kingdom,Email
10,376.31,2025-09-12,C-13324549,Spo-408530,Sports,Denmark,Store
1,411.37,2023-10-15,C-65189987,Off-017358,Office,Spain,Phone
12,97.18,2025-04-19,C-09095261,Foo-736960,Food,Netherlands,Phone
11,96.81,2025-08-15,C-43364015,Bea-912382,Beauty,Canada,App
15,188.99,2023-09-28,C-59804289,Boo-576677,Books,Austria,Phone
5,484.63,2024-02-13,C-87547612,Boo-168004,Books,Switzerland,Store
2,166.83,2025-05-10,C-81092571,Aut-824754,Automotive,Italy,Email
17,225.01,2025-08-26,C-42531372,Tra-018101,Travel,Australia,Email
18,341.08,2023-06-05,C-34043398,Ele-107684,Electronics,Germany,Store
8,364.32,2022-11-25,C-75232822,Gar-511077,Garden,Portugal,Web
4,246.15,2023-12-29,C-49819326,Bea-215170,Beauty,Poland,Phone
12,110.25,2025-04-23,C-96319520,Foo-018034,Food,France,Phone
10,318.8,2025-12-18,C-42970743,Toy-610852,Toys,Canada,Email
17,461.08,2022-11-17,C-59473796,Clo-003395,Clothing,United Kingdom,Phone
11,156.78,2025-07-06,C-79851234,Toy-498559,Toys,Mexico,App
1,158.33,2024-12-18,C-26931360,Mus-914471,Music,Germany,App
2,50.91,2025-09-19,C-23912425,Clo-875301,Clothing,Belgium,Marketplace
9,249.19,2025-06-27,C-59637217,Hea-003602,Health,Switzerland,Store
13,118.74,2024-08-01,C-94751185,Ele-780493,Electronics,Netherlands,Web
19,96.77,2025-10-19,C-78924248,Spo-988027,Sports,France,App
2,231.22,2025-07-27,C-47831975,Boo-400034,Books,Italy,Social Media
8,443.03,2025-08-25,C-12025094,Gar-773449,Garden,Austria,Web
5,125.73,2023-11-07,C-93594457,Jew-007696,Jewelry,Spain,Phone
11,62.89,2025-01-31,C-58207115,Ele-877137,Electronics,Poland,Phone
2,52.59,2024-03-31,C-85460227,Bea-709621,Beauty,Spain,Marketplace
3,201.9,2025-08-02,C-71679333,Off-583408,Office,Germany,Phone
13,340.59,2024-05-07,C-07375902,Off-505422,Office,Canada,App
10,79.69,2022-07-16,C-95538520,Tra-532986,Travel,Netherlands,App
16,329.15,2022-07-03,C-55264133,Gar-093269,Garden,Australia,App
18,448.5,2022-02-19,C-46238432,Bea-604443,Beauty,Portugal,Web
13,136.67,2025-07-03,C-67734713,Toy-336579,Toys,Norway,Marketplace
17,318.31,2023-07-01,C-75232822,Gar-129386,Garden,Denmark,Email
13,173.19,2023-07-05,C-95538520,Foo-800414,Food,Italy,Store
14,84.77,2024-08-10,C-08303045,Aut-835461,Automotive,Spain,Phone
12,204.93,2023-09-13,C-37792256,Jew-624311,Jewelry,Poland,Email
12,314.38,2023-03-25,C-29227444,Mus-743714,Music,Germany,App
6,249.17,2025-12-20,C-60590184,Clo-132970,Clothing,Canada,Email
10,198.84,2023-01-19,C-43022236,Foo-265295,Food,Austria,Marketplace
1,375.24,2023-06-07,C-96984679,Ele-946109,Electronics,Germany,Store
14,383.48,2024-06-27,C-61295722,Fur-696209,Furniture,Austria,Phone
2,73.72,2023-01-24,C-59610177,Toy-173820,Toys,Australia,Marketplace
13,326.39,2024-08-28,C-04759341,Spo-050686,Sports,Brazil,Marketplace
3,95.34,2024-09-30,C-19336679,Jew-497780,Jewelry,Spain,Phone
16,236.94,2023-02-25,C-72341909,Boo-442044,Books,Austria,Web
13,65.05,2025-05-16,C-27853549,Foo-969741,Food,Poland,Store
8,408.36,2024-05-16,C-95192926,Off-720938,Office,France,Phone
9,72.34,2025-02-23,C-24193676,Jew-093718,Jewelry,United Kingdom,Marketplace
14,387.44,2025-07-20,C-43364015,Hea-295702,Health,Mexico,Marketplace
10,29.53,2022-03-09,C-55546816,Spo-688661,Sports,Portugal,Email
13,78.71,2022-06-12,C-87531984,Toy-137225,Toys,Poland,Web
2,406.76,2022-03-28,C-14989806,Spo-409857,Sports,Denmark,Store
19,299.73,2022-09-09,C-12450349,Fur-783580,Furniture,Switzerland,Marketplace
15,259.24,2025-11-25,C-40816416,Fur-803538,Furniture,Netherlands,Social Media
12,336.98,2023-05-05,C-69752771,Jew-753029,Jewelry,United States,Email
7,285.94,2022-04-19,C-58593771,Tra-441271,Travel,Canada,Store
14,166.9,2023-08-04,C-37389171,Toy-470098,Toys,United Kingdom,Social Media
13,350.86,2025-12-04,C-40816416,Mus-124156,Music,Mexico,Marketplace
2,148.4,2025-04-20,C-11177777,Clo-538759,Clothing,Italy,Store
1,116.48,2022-03-25,C-74514164,Tra-024568,Travel,Switzerland,Marketplace
11,487.06,2022-08-27,C-50560434,Tra-238335,Travel,Austria,Store
17,229.59,2022-08-06,C-46590586,Jew-385276,Jewelry,Australia,Marketplace
11,183.42,2023-03-16,C-86752706,Spo-786762,Sports,Italy,App
18,296.53,2022-04-07,C-80410341,Fur-976097,Furniture,Sweden,Store
2,412.87,2025-12-17,C-88072442,Aut-922950,Automotive,Germany,Phone
10,25.08,2023-12-14,C-24254708,Aut-777634,Automotive,Japan,Email
17,267.01,2022-08-14,C-83525743,Hea-508246,Health,Brazil,Phone
5,403.06,2025-09-14,C-11498981,Fur-894769,Furniture,Portugal,Social Media
12,19.23,2024-06-08,C-77990744,Off-243041,Office,Canada,Email
10,327.84,2025-02-19,C-93572459,Foo-744231,Food,Mexico,Store
18,310.4,2025-03-20,C-21047218,Toy-580976,Toys,Mexico,Phone
16,117.86,2023-05-26,C-96984679,Aut-877896,Automotive,Switzerland,Web
18,400.03,2023-09-23,C-34756280,Clo-546715,Clothing,Norway,Store
17,474.3,2024-05-21,C-95370570,Mus-084235,Music,Sweden,Store
8,420.61,2024-11-04,C-37389171,Clo-284346,Clothing,Italy,Email
11,230.92,2023-03-03,C-09237099,Toy-620325,Toys,Italy,Marketplace
2,28.79,2025-05-05,C-34756280,Ele-602811,Electronics,Poland,Email
18,93.04,2025-02-08,C-40066424,Toy-975787,Toys,Austria,Store
8,137.2,2024-07-19,C-88764007,Hea-774264,Health,Spain,Social Media
3,194.25,2023-06-19,C-42435059,Tra-812497,Travel,United Kingdom,Marketplace
13,363.69,2025-02-24,C-12247689,Aut-943199,Automotive,France,Store
15,321.08,2022-10-10,C-92295932,Clo-535031,Clothing,France,Store
18,368.53,2023-12-20,C-60259140,Spo-791043,Sports,Japan,Marketplace
11,352.28,2024-12-04,C-60590184,Fur-119950,Furniture,Austria,Store
19,66.35,2023-10-26,C-51510185,Gar-739041,Garden,Canada,Email
11,131.04,2024-08-09,C-89572422,Gar-511883,Garden,Netherlands,Social Media
19,260.14,2024-06-12,C-48732589,Gar-086653,Garden,Denmark,Web
6,45.46,2025-10-04,C-32013927,Gar-696293,Garden,Canada,Store
12,201.06,2022-03-16,C-19336679,Ele-270795,Electronics,Belgium,App
10,175.62,2023-10-31,C-04655309,Aut-255306,Automotive,Denmark,Email
10,129.35,2022-03-11,C-37389171,Clo-231500,Clothing,Denmark,Web
17,422.23,2024-10-19,C-86752706,Toy-701428,Toys,Australia,Marketplace
3,194.29,2024-01-04,C-27206525,Jew-490736,Jewelry,Italy,App
6,391.95,2022-08-30,C-63261242,Fur-083082,Furniture,France,Phone
1,279.33,2022-01-30,C-95192926,Aut-024763,Automotive,Germany,Marketplace
9,224.83,2022-05-05,C-40066424,Boo-223939,Books,Mexico,Phone
10,165.93,2025-03-13,C-76800708,Foo-037278,Food,Denmark,Social Media
10,53.4,2025-08-19,C-37282969,Boo-042977,Books,Portugal,Phone
11,212.27,2023-06-06,C-98325575,Hea-191838,Health,Canada,Marketplace
1,265.0,2022-08-12,C-89667087,Gar-439036,Garden,Canada,Social Media
12,308.2,2022-01-27,C-30556313,Ele-956609,Electronics,Switzerland,Marketplace
8,423.54,2022-04-21,C-40066424,Foo-400831,Food,United Kingdom,Social Media
3,484.59,2025-05-07,C-25569498,Spo-815933,Sports,Spain,Social Media
11,87.21,2025-10-10,C-66447024,Bea-743744,Beauty,Netherlands,Phone
5,26.68,2022-08-01,C-12025094,Boo-191793,Books,Austria,Marketplace
5,428.31,2025-04-15,C-04388288,Foo-140730,Food,Canada,Web
3,170.64,2025-10-30,C-29463459,Jew-326209,Jewelry,United Kingdom,Phone
12,284.61,2025-03-29,C-31733702,Hea-160117,Health,United States,Web
12,355.78,2022-03-26,C-43310463,Fur-768356,Furniture,Brazil,Social Media
4,240.72,2022-06-22,C-18732299,Hea-114897,Health,Germany,Phone
15,267.86,2022-03-18,C-77772036,Foo-681390,Food,United States,Marketplace
7,108.1,2022-07-08,C-03016393,Hea-018247,Health,France,Email
11,284.07,2023-06-25,C-28523979,Clo-067938,Clothing,Sweden,App
16,447.6,2024-02-09,C-02890690,Off-440683,Office,Switzerland,Marketplace
4,278.2,2025-12-10,C-03964660,Fur-289360,Furniture,Japan,Store
1,388.8,2024-12-03,C-64967803,Tra-824858,Travel,Belgium,Phone
14,186.11,2023-10-29,C-24696321,Off-782854,Office,Switzerland,Email
11,417.85,2024-04-02,C-11985335,Bea-006133,Beauty,Spain,Phone
16,463.37,2022-03-24,C-27407092,Gar-448430,Garden,Japan,Marketplace
17,380.65,2023-12-13,C-04082137,Clo-259859,Clothing,Belgium,Phone
11,454.71,2022-05-16,C-27185779,Foo-455128,Food,Italy,Marketplace
5,410.58,2022-02-05,C-72966724,Bea-449003,Beauty,Denmark,App
15,437.85,2025-12-18,C-08303045,Bea-127401,Beauty,Austria,Social Media
12,292.67,2025-02-07,C-25388461,Aut-308247,Automotive,Switzerland,Social Media
12,212.85,2022-04-29,C-55521351,Aut-218620,Automotive,Mexico,Phone
19,273.56,2023-07-09,C-58631788,Mus-995694,Music,Japan,Web
18,302.86,2022-09-29,C-11177777,Tra-046131,Travel,Austria,App
3,275.58,2024-03-21,C-87547612,Bea-961724,Beauty,Norway,Phone
6,118.07,2022-05-20,C-56155330,Jew-946074,Jewelry,Austria,Phone
8,106.6,2022-03-01,C-34194127,Boo-957881,Books,Germany,Store
18,399.91,2025-06-28,C-43310463,Jew-259483,Jewelry,Portugal,Marketplace
6,367.77,2022-04-19,C-28875386,Toy-015409,Toys,Denmark,Marketplace
9,410.75,2022-02-18,C-78758323,Hea-135478,Health,Austria,Web
1,246.81,2023-11-16,C-10353855,Off-245792,Office,Denmark,Marketplace
12,358.52,2023-09-22,C-23912425,Off-111608,Office,Italy,Marketplace
12,235.81,2025-10-22,C-57391425,Hea-766456,Health,United Kingdom,App
13,205.63,2023-06-17,C-69723028,Clo-708197,Clothing,Germany,Phone
6,68.0,2023-02-08,C-33200552,Foo-935531,Food,Germany,Store
17,111.4,2024-05-09,C-66005265,Off-527654,Office,Spain,Social Media
19,299.9,2022-08-27,C-23912425,Clo-968968,Clothing,Italy,Social Media
11,273.29,2023-01-22,C-44489996,Clo-134813,Clothing,Norway,Web
10,429.57,2022-04-21,C-67124011,Gar-890970,Garden,France,Store
4,50.54,2024-08-25,C-66592869,Jew-927224,Jewelry,Japan,Email
4,239.31,2023-10-25,C-42970743,Clo-618668,Clothing,Netherlands,Web
6,250.51,2024-09-21,C-51214215,Spo-231965,Sports,Brazil,Email
9,325.58,2022-03-02,C-85441923,Ele-033116,Electronics,Switzerland,Phone
5,314.3,2023-08-07,C-34187596,Ele-235546,Electronics,Italy,Social Media
17,314.58,2023-10-12,C-84069645,Tra-595019,Travel,France,Email
7,323.43,2023-07-06,C-15627644,Fur-199555,Furniture,Germany,Web
8,234.91,2023-10-09,C-53082079,Bea-980543,Beauty,Australia,App
13,79.12,2024-04-23,C-69919834,Aut-253721,Automotive,Germany,Social Media
11,391.03,2022-03-08,C-66005265,Foo-216040,Food,Denmark,App
14,51.49,2023-06-13,C-04759341,Fur-512541,Furniture,Denmark,Phone
14,299.45,2023-12-30,C-60708577,Ele-389011,Electronics,Poland,Store
17,271.95,2025-12-26,C-97457004,Jew-561645,Jewelry,Japan,Store
15,290.9,2023-04-07,C-65235738,Jew-143070,Jewelry,Australia,Web
17,97.01,2023-05-18,C-18110411,Fur-094770,Furniture,Australia,Marketplace
14,93.53,2024-04-19,C-03989784,Clo-230645,Clothing,Spain,Store
14,169.75,2024-09-07,C-25388461,Fur-598410,Furniture,United States,Marketplace
14,76.87,2022-12-05,C-85201177,Toy-947629,Toys,Italy,Social Media
19,247.61,2023-09-08,C-45499076,Toy-939786,Toys,United Kingdom,App
1,388.94,2022-08-30,C-04082137,Fur-783284,Furniture,Mexico,Store
10,123.45,2024-02-05,C-83990482,Foo-851151,Food,United Kingdom,Phone
8,113.14,2023-10-04,C-82924856,Foo-956994,Food,Austria,Marketplace
12,409.17,2022-03-13,C-44777025,Gar-193610,Garden,Poland,Phone
17,119.47,2025-03-13,C-53082079,Foo-275268,Food,Belgium,Email
3,196.1,2022-11-05,C-78758323,Hea-954331,Health,United Kingdom,App
11,165.84,2022-11-12,C-89665842,Spo-045395,Sports,Poland,Email
6,179.04,2023-07-15,C-33414707,Toy-855080,Toys,Portugal,Social Media
18,41.97,2022-12-28,C-34194127,Boo-052805,Books,Brazil,App
10,189.12,2023-10-16,C-73352991,Foo-821076,Food,Austria,Phone
18,276.39,2025-02-28,C-28616400,Fur-421786,Furniture,Canada,Marketplace
12,225.59,2023-10-10,C-35605602,Boo-200314,Books,Spain,Phone
5,307.41,2022-06-27,C-92295932,Spo-114642,Sports,Brazil,App
3,76.09,2022-07-22,C-35700115,Off-904623,Office,Germany,Phone
13,57.36,2024-01-05,C-44561552,Toy-816787,Toys,United States,App
19,155.88,2025-02-18,C-10975431,Spo-244050,Sports,Portugal,Web
15,74.85,2025-11-29,C-14989806,Fur-578336,Furniture,Portugal,Store
3,248.88,2024-09-16,C-04388288,Gar-253209,Garden,Brazil,Email
19,484.71,2022-11-26,C-41671136,Gar-691523,Garden,United Kingdom,Store
2,426.57,2024-08-03,C-45237494,Off-816444,Office,Austria,Email
10,498.46,2024-11-01,C-33414707,Off-809180,Office,Japan,Marketplace
1,136.41,2023-08-10,C-12290630,Off-432990,Office,Brazil,Phone
12,359.06,2023-03-22,C-26183976,Boo-461015,Books,United Kingdom,App
8,278.11,2025-04-13,C-25746750,Boo-554398,Books,Japan,App
9,360.39,2025-06-17,C-86887776,Aut-879958,Automotive,Austria,Social Media
16,436.35,2023-04-28,C-56155330,Bea-691648,Beauty,Portugal,Phone
14,323.94,2025-02-15,C-63062112,Hea-131956,Health,Denmark,Email
6,103.3,2025-12-25,C-09537008,Aut-197586,Automotive,Brazil,Phone
15,143.97,2023-05-09,C-96899874,Ele-033637,Electronics,Japan,Social Media
13,327.28,2024-11-06,C-57391425,Off-149081,Office,France,Store
14,306.23,2025-12-28,C-61295722,Boo-800967,Books,Portugal,Email
2,241.04,2025-07-20,C-39312362,Fur-461673,Furniture,Australia,Web
17,347.22,2025-03-05,C-59804289,Jew-303459,Jewelry,Belgium,Web
17,305.23,2024-07-02,C-71703240,Boo-179169,Books,Italy,Marketplace
3,34.6,2025-06-03,C-61648314,Ele-325058,Electronics,Brazil,Marketplace
16,171.31,2025-08-30,C-85460227,Aut-054274,Automotive,Australia,Email
13,441.51,2024-10-16,C-58844515,Boo-489543,Books,United Kingdom,App
13,322.25,2025-06-23,C-65235738,Bea-637839,Beauty,Switzerland,Web
11,354.02,2025-09-06,C-12945345,Gar-307974,Garden,Italy,Store
19,343.73,2025-01-27,C-61635242,Gar-397969,Garden,Spain,Web
19,334.41,2023-09-27,C-95897450,Toy-489013,Toys,Brazil,Email
19,202.91,2024-09-28,C-63062112,Gar-744512,Garden,Australia,Social Media
2,216.19,2022-12-25,C-83984056,Hea-530849,Health,Brazil,App
19,448.79,2024-08-03,C-54087604,Off-794912,Office,Italy,Email
1,59.8,2023-04-05,C-84069645,Tra-787424,Travel,Spain,Store
17,235.84,2023-05-12,C-35862539,Foo-994780,Food,Brazil,Phone
5,183.07,2023-10-14,C-58844515,Hea-211702,Health,Japan,Web
12,323.6,2023-09-04,C-88072442,Mus-626963,Music,United States,Phone
6,220.94,2025-12-01,C-94751185,Toy-030101,Toys,Sweden,Store
13,481.3,2024-07-18,C-18110411,Boo-021417,Books,Brazil,App
4,230.24,2023-03-14,C-06140306,Boo-141116,Books,Sweden,Store
8,393.28,2025-01-13,C-42970743,Spo-277903,Sports,Switzerland,App
11,49.79,2024-11-17,C-65680713,Foo-615434,Food,Norway,Social Media
16,299.89,2023-04-26,C-03929539,Off-637772,Office,Denmark,Store
13,162.31,2022-06-14,C-77772036,Ele-435399,Electronics,Norway,Email
17,390.85,2022-12-27,C-46803455,Fur-321403,Furniture,Italy,Email
17,75.98,2022-05-29,C-82162312,Spo-239105,Sports,Mexico,Email
10,331.21,2024-03-22,C-49373053,Mus-382099,Music,United Kingdom,Web
17,300.69,2024-07-19,C-95897450,Foo-277444,Food,Sweden,Email
19,410.75,2025-07-11,C-49819326,Clo-669296,Clothing,Norway,Web
5,316.66,2024-06-19,C-47614337,Aut-260312,Automotive,Norway,Store
6,257.08,2025-11-26,C-21493738,Spo-690654,Sports,Belgium,Web
19,306.5,2024-05-07,C-31733702,Clo-382536,Clothing,Germany,Web
1,218.88,2022-05-05,C-60590184,Fur-693591,Furniture,United States,Store
7,79.49,2022-04-16,C-12290630,Mus-631531,Music,Austria,Phone
11,196.94,2022-11-15,C-45237494,Ele-308724,Electronics,United Kingdom,Social Media
8,379.27,2023-05-25,C-72966724,Jew-838780,Jewelry,Spain,Store
16,456.62,2024-04-04,C-93572459,Boo-524804,Books,Japan,Email
7,294.43,2022-06-16,C-03077799,Clo-605529,Clothing,United States,App
12,296.45,2023-09-20,C-08303045,Ele-676748,Electronics,Japan,Marketplace
19,6.76,2022-10-11,C-43364015,Fur-152917,Furniture,Switzerland,Marketplace
15,486.54,2023-02-02,C-15227782,Mus-673148,Music,Italy,Marketplace
7,240.65,2022-01-28,C-54942359,Ele-387726,Electronics,Norway,Store
2,69.81,2023-12-10,C-24943709,Toy-418792,Toys,Spain,Marketplace
12,242.4,2024-06-19,C-12290630,Spo-406573,Sports,Italy,Marketplace
3,300.36,2024-09-26,C-52196791,Off-407329,Office,Italy,Phone
1,493.17,2023-04-13,C-99466366,Spo-805803,Sports,Belgium,Social Media
17,36.35,2024-05-05,C-17115537,Bea-738082,Beauty,Norway,Email
3,425.33,2025-11-20,C-21013148,Foo-617643,Food,Portugal,Store
14,269.73,2025-06-29,C-24943709,Fur-886420,Furniture,Canada,Phone
19,369.39,2025-11-06,C-42970743,Ele-681017,Electronics,Canada,Phone
16,198.74,2024-08-10,C-10382808,Clo-760434,Clothing,Italy,Marketplace
4,12.16,2022-07-20,C-57589671,Fur-410121,Furniture,United States,App
9,283.75,2025-02-27,C-86674277,Mus-073714,Music,Netherlands,Email
10,435.91,2022-10-19,C-04675267,Bea-471862,Beauty,Denmark,Store
12,241.96,2024-10-14,C-28875386,Foo-895087,Food,Japan,Web
4,175.93,2025-04-23,C-85201177,Ele-755509,Electronics,Mexico,App
6,196.99,2025-03-16,C-65680713,Gar-342606,Garden,Netherlands,Social Media
8,134.83,2025-06-22,C-08845506,Foo-317425,Food,United States,Store
1,400.87,2025-08-10,C-27728798,Foo-535424,Food,France,App
19,99.72,2024-06-02,C-82162312,Aut-104111,Automotive,Sweden,Marketplace
9,237.66,2022-10-16,C-36941673,Ele-638488,Electronics,Sweden,Web
19,357.09,2024-06-02,C-11133828,Bea-077176,Beauty,Spain,App
4,300.57,2022-12-01,C-35511467,Tra-010116,Travel,Denmark,Marketplace
3,254.15,2023-05-24,C-05085836,Ele-935318,Electronics,Austria,App
14,499.93,2023-02-16,C-12376621,Jew-613364,Jewelry,Sweden,Web
8,499.77,2024-10-17,C-79340041,Clo-125316,Clothing,Australia,Marketplace
18,193.8,2023-05-15,C-00257180,Ele-294553,Electronics,United States,Phone
1,232.41,2022-04-04,C-27185779,Boo-619355,Books,Portugal,Marketplace
9,373.75,2023-02-10,C-43364015,Mus-916166,Music,Switzerland,Phone
9,70.44,2025-04-12,C-34194127,Hea-218260,Health,Canada,Marketplace
14,471.19,2023-12-29,C-76810864,Ele-178459,Electronics,France,Store
15,438.5,2022-07-18,C-58125275,Bea-953027,Beauty,Switzerland,Email
14,258.05,2022-01-02,C-28616400,Tra-230136,Travel,Netherlands,Marketplace
5,106.87,2022-11-08,C-59357876,Aut-353242,Automotive,United Kingdom,App
4,353.5,2022-10-01,C-17474126,Foo-218844,Food,Denmark,Web
10,92.11,2025-01-29,C-32487120,Bea-967668,Beauty,Austria,Web
5,204.78,2023-09-30,C-50169180,Jew-836167,Jewelry,Mexico,Phone
8,392.37,2024-11-04,C-49819326,Jew-475821,Jewelry,Austria,Web
7,474.56,2024-07-16,C-47831844,Spo-200075,Sports,Australia,Phone
12,245.45,2024-03-04,C-89572422,Jew-998011,Jewelry,Germany,Phone
13,54.95,2024-08-02,C-61223304,Jew-529627,Jewelry,Belgium,App
9,100.85,2023-11-14,C-33237296,Clo-010537,Clothing,Belgium,Store
4,76.16,2022-04-16,C-96899874,Boo-924359,Books,Germany,Store
11,17.05,2025-06-02,C-94779946,Boo-112313,Books,Belgium,Web
2,361.46,2023-10-19,C-07706214,Fur-536428,Furniture,Netherlands,Marketplace
15,404.97,2024-01-07,C-00341776,Clo-454648,Clothing,Belgium,Email
2,152.22,2024-04-09,C-78446420,Off-267468,Office,Canada,Phone
9,177.68,2023-12-17,C-82193345,Jew-073992,Jewelry,Norway,Phone
18,464.98,2022-10-28,C-84592199,Ele-261558,Electronics,Switzerland,Marketplace
4,103.82,2023-11-19,C-64801937,Gar-073520,Garden,Japan,Social Media
6,180.23,2025-08-15,C-93572459,Tra-410930,Travel,Netherlands,Email
9,15.52,2024-11-28,C-85555041,Bea-594417,Beauty,Portugal,Social Media
3,466.84,2022-09-26,C-00716732,Mus-192655,Music,Switzerland,Store
13,365.1,2024-07-16,C-25569498,Spo-341960,Sports,Australia,Phone
16,377.5,2022-04-16,C-15619280,Jew-587407,Jewelry,Canada,Social Media
5,136.07,2023-01-05,C-58623748,Spo-160166,Sports,Poland,Email
10,250.99,2023-09-11,C-43022236,Fur-376439,Furniture,Portugal,Web
4,33.95,2025-12-22,C-69850346,Mus-638863,Music,Mexico,Social Media
3,345.77,2022-09-28,C-85270860,Boo-617467,Books,Germany,Email
19,157.93,2024-10-07,C-61850780,Mus-637185,Music,United Kingdom,Phone
7,216.3,2023-12-06,C-36207775,Toy-420740,Toys,Norway,Web
12,117.73,2022-01-24,C-78758323,Fur-722448,Furniture,Spain,Marketplace
15,120.35,2024-05-31,C-43344687,Toy-226695,Toys,Spain,App
14,48.06,2025-03-21,C-72966724,Off-580721,Office,France,Web
6,206.0,2023-03-16,C-76319842,Toy-215040,Toys,Mexico,Marketplace
10,334.61,2023-10-17,C-63261242,Ele-109781,Electronics,Germany,Web
12,140.7,2023-05-24,C-72893017,Ele-521076,Electronics,Poland,App
17,96.39,2024-07-19,C-80839328,Tra-532185,Travel,United States,Marketplace
17,172.06,2023-12-17,C-86793558,Fur-509577,Furniture,United Kingdom,Store
3,485.6,2025-06-03,C-07718924,Jew-367485,Jewelry,Belgium,Social Media
7,464.34,2024-06-25,C-81261231,Bea-872006,Beauty,Netherlands,Web
1,136.64,2025-09-28,C-82799399,Toy-075037,Toys,United Kingdom,Web
10,432.05,2023-04-15,C-36941673,Foo-672073,Food,Poland,Email
9,13.23,2025-08-01,C-58623748,Clo-331425,Clothing,Sweden,Social Media
14,107.71,2025-04-06,C-45499076,Off-848113,Office,Netherlands,Store
4,492.8,2023-06-17,C-39312362,Fur-022288,Furniture,Netherlands,Web
4,237.24,2023-10-30,C-69425350,Boo-715116,Books,Canada,App
2,440.8,2025-12-23,C-49938177,Off-075710,Office,Portugal,Email
9,234.99,2025-04-25,C-78924248,Boo-027313,Books,Belgium,Phone
7,262.31,2022-02-19,C-51214215,Hea-375897,Health,Poland,Social Media
9,282.79,2024-01-07,C-55290918,Mus-532559,Music,Switzerland,Marketplace
6,420.86,2023-11-19,C-69358962,Tra-001076,Travel,Portugal,Social Media
11,467.39,2024-05-28,C-70140173,Tra-788849,Travel,Italy,Social Media
14,314.1,2022-10-16,C-69850346,Bea-279029,Beauty,Sweden,Marketplace
16,482.03,2025-03-08,C-04082137,Mus-359389,Music,Italy,App
18,209.12,2022-01-09,C-01425733,Hea-191236,Health,Italy,App
12,99.6,2025-09-18,C-28523979,Bea-988614,Beauty,France,Store
5,290.81,2025-08-03,C-55546816,Toy-777492,Toys,Australia,Social Media
2,458.54,2022-04-18,C-72026020,Off-281677,Office,Spain,Web
3,43.5,2023-07-10,C-80272452,Mus-065318,Music,France,Social Media
15,153.44,2025-08-26,C-66796277,Fur-180265,Furniture,Australia,Store
2,443.94,2022-03-09,C-36104271,Bea-194866,Beauty,Australia,Store
15,88.39,2025-07-11,C-15227782,Bea-550629,Beauty,Brazil,Phone
10,124.68,2023-10-11,C-14009990,Toy-798336,Toys,Italy,Marketplace
17,230.14,2024-08-17,C-59610177,Spo-062937,Sports,United States,Social Media
11,90.37,2022-11-28,C-59610177,Off-014255,Office,Denmark,Phone
6,177.91,2023-03-24,C-42531372,Hea-736078,Health,United States,Phone
1,463.43,2024-01-11,C-12198751,Spo-207765,Sports,United Kingdom,Email
18,295.44,2024-03-01,C-44259536,Spo-394424,Sports,Portugal,Marketplace
5,242.83,2025-01-28,C-80730111,Foo-823690,Food,Australia,Social Media
13,93.88,2023-04-11,C-44259536,Spo-206595,Sports,Netherlands,Web
19,127.2,2024-09-01,C-25764795,Hea-167612,Health,Portugal,Web
13,242.1,2023-11-27,C-98578568,Foo-969314,Food,Netherlands,Email
1,240.3,2024-10-08,C-27858217,Foo-777179,Food,Germany,Marketplace
10,315.93,2022-05-18,C-85460227,Clo-895380,Clothing,United States,App
10,244.39,2024-08-24,C-30786627,Foo-736726,Food,Canada,App
16,30.68,2025-10-08,C-99466366,Clo-635187,Clothing,Portugal,Social Media
16,356.26,2023-06-12,C-08303045,Foo-542159,Food,United States,Phone
7,231.98,2022-11-27,C-12780542,Toy-397264,Toys,Poland,Web
18,471.5,2025-09-10,C-07305300,Gar-877429,Garden,Poland,Email
5,384.48,2023-09-21,C-03298924,Jew-279946,Jewelry,Germany,Phone
11,333.02,2022-10-02,C-33971496,Foo-343551,Food,United States,App
17,245.72,2025-02-26,C-00716732,Gar-591015,Garden,Italy,App
8,194.35,2022-08-25,C-65189987,Hea-032091,Health,Brazil,App
16,73.67,2023-08-09,C-99725234,Tra-102976,Travel,Sweden,Email
3,77.75,2024-10-17,C-09075991,Foo-438637,Food,United States,Web
19,89.02,2023-05-18,C-63261242,Spo-594337,Sports,Denmark,Store
11,310.3,2022-02-10,C-85460227,Jew-767238,Jewelry,Belgium,App
12,441.68,2024-12-27,C-73291975,Jew-060535,Jewelry,Netherlands,Marketplace
10,50.35,2022-05-24,C-36596055,Gar-170870,Garden,Portugal,Marketplace
10,354.53,2023-08-14,C-28481406,Jew-223295,Jewelry,Portugal,Email
12,275.74,2022-09-08,C-61635242,Tra-260333,Travel,Australia,Marketplace
11,40.21,2025-10-09,C-92295932,Off-235005,Office,Canada,Social Media
6,216.21,2025-02-28,C-47614337,Hea-198506,Health,Denmark,App
13,128.14,2022-06-11,C-61223304,Ele-099467,Electronics,United Kingdom,Marketplace
15,349.31,2022-12-28,C-75609212,Hea-411544,Health,Switzerland,Social Media
5,301.22,2024-05-30,C-85201177,Fur-901485,Furniture,Switzerland,Phone
4,440.11,2025-09-22,C-64967803,Aut-614265,Automotive,Brazil,App
17,337.3,2025-07-26,C-12780542,Bea-444978,Beauty,France,Email
13,118.55,2024-01-08,C-65594419,Tra-635676,Travel,Switzerland,Store
9,17.81,2024-08-24,C-05163875,Off-859154,Office,Norway,Store
4,414.09,2025-10-13,C-95575943,Hea-559399,Health,United States,Store
3,368.03,2024-10-24,C-47607714,Fur-891470,Furniture,Norway,Phone
14,270.2,2025-06-17,C-16444729,Foo-092979,Food,Italy,Web
11,30.34,2025-08-11,C-01495378,Bea-272236,Beauty,Belgium,Web
12,313.39,2024-02-29,C-25569498,Off-466122,Office,Belgium,Store
6,159.02,2022-07-16,C-80434627,Toy-407881,Toys,Poland,Phone
16,306.14,2022-12-09,C-00341776,Spo-687182,Sports,Poland,Store
6,257.78,2022-04-07,C-31776064,Aut-306316,Automotive,Canada,Web
16,336.23,2023-03-01,C-35863083,Boo-512860,Books,Norway,App
9,395.42,2022-07-23,C-14582549,Gar-400979,Garden,Spain,Store
3,210.37,2024-02-12,C-08303045,Hea-107947,Health,Japan,Marketplace
18,479.99,2024-02-16,C-55696698,Spo-584140,Sports,Netherlands,Marketplace
9,183.04,2023-09-12,C-81092571,Hea-852990,Health,United States,Store
5,303.48,2024-03-02,C-57391425,Tra-933778,Travel,Italy,Web
2,422.17,2022-10-15,C-71521183,Hea-564568,Health,Belgium,Social Media
16,193.22,2025-07-08,C-04082137,Jew-370716,Jewelry,Mexico,Social Media
8,112.98,2024-12-16,C-30556313,Spo-515461,Sports,Denmark,Email
18,21.26,2024-08-21,C-73352991,Bea-752158,Beauty,Portugal,Web
17,5.79,2024-12-01,C-12564518,Spo-950710,Sports,United States,Social Media
15,162.08,2024-03-08,C-37792256,Ele-458583,Electronics,Italy,Social Media
6,155.18,2023-02-25,C-89337463,Hea-567432,Health,Germany,Email
2,131.26,2024-07-22,C-34756280,Clo-132737,Clothing,United States,App
19,248.08,2022-06-28,C-11133828,Bea-303532,Beauty,United States,Web
6,423.95,2024-10-14,C-80730111,Aut-225744,Automotive,Brazil,Marketplace
14,269.98,2025-06-25,C-37282969,Jew-547744,Jewelry,Canada,Email
13,158.66,2025-07-19,C-44561552,Hea-898815,Health,Belgium,Marketplace
2,181.78,2022-12-17,C-31490891,Clo-141432,Clothing,Mexico,Store
19,255.81,2024-09-22,C-93179907,Bea-750281,Beauty,France,Marketplace
16,62.32,2024-12-03,C-38384646,Spo-821025,Sports,Austria,Phone
5,43.31,2025-04-29,C-44259536,Spo-980263,Sports,Germany,Phone
10,191.71,2024-10-25,C-43344687,Foo-073262,Food,Australia,Web
3,126.9,2022-11-23,C-72893017,Boo-137116,Books,Sweden,Social Media
11,354.9,2024-01-14,C-24696321,Foo-262207,Food,Norway,Store
15,185.11,2025-05-12,C-09537008,Spo-500092,Sports,United States,Phone
10,72.88,2025-03-13,C-14863834,Gar-554785,Garden,Brazil,Marketplace
3,140.54,2024-09-20,C-49938177,Boo-417198,Books,United Kingdom,Marketplace
2,7.42,2025-05-06,C-64967803,Off-573519,Office,France,Marketplace
12,104.59,2024-05-10,C-33971496,Foo-920887,Food,Italy,App
3,79.04,2022-11-20,C-47607714,Fur-264616,Furniture,Italy,App
18,238.08,2025-07-21,C-85947324,Aut-710700,Automotive,Switzerland,Web
1,450.24,2025-07-06,C-03797010,Off-231915,Office,United States,Social Media
9,49.36,2025-11-11,C-94779946,Hea-546027,Health,Germany,Marketplace
12,499.07,2023-07-04,C-21013148,Bea-378603,Beauty,Japan,Email
14,75.42,2023-10-06,C-83990482,Fur-819535,Furniture,Portugal,Email
3,485.25,2024-06-08,C-82799399,Foo-824538,Food,Japan,Social Media
9,178.52,2025-10-16,C-33477060,Jew-628468,Jewelry,Germany,Social Media
1,432.77,2025-06-23,C-33389851,Clo-276033,Clothing,Spain,Web
7,204.14,2025-09-16,C-52196791,Off-750894,Office,Spain,Marketplace
5,198.75,2022-05-18,C-72341909,Hea-719353,Health,Norway,Store
11,340.79,2024-06-05,C-96899874,Clo-167705,Clothing,Italy,Marketplace
19,361.71,2022-02-20,C-24193676,Off-305498,Office,Mexico,Email
19,361.89,2024-05-11,C-28506804,Aut-595863,Automotive,Mexico,Social Media
9,481.08,2025-07-28,C-35169198,Gar-840498,Garden,Brazil,Email
1,68.77,2025-09-20,C-21047218,Boo-665663,Books,Switzerland,Marketplace
1,59.69,2024-01-02,C-73741620,Spo-478304,Sports,Denmark,Social Media
9,146.38,2024-12-28,C-25569498,Bea-387058,Beauty,Italy,Marketplace
19,99.65,2023-07-02,C-32487120,Jew-446416,Jewelry,Switzerland,App
13,137.8,2024-05-15,C-27853549,Boo-089766,Books,France,Email
12,171.58,2022-12-19,C-98578568,Aut-651348,Automotive,Norway,App
3,424.27,2022-03-23,C-37620194,Mus-351433,Music,Sweden,Phone
19,102.31,2025-07-06,C-94751185,Off-202605,Office,United Kingdom,Email
1,426.24,2025-10-07,C-33389851,Foo-186209,Food,Denmark,Social Media
14,491.63,2025-05-27,C-35991775,Boo-026334,Books,Spain,Store
16,253.29,2024-07-03,C-02638398,Bea-352566,Beauty,Poland,Phone
14,403.31,2025-06-09,C-63062112,Hea-102051,Health,Switzerland,Web
11,157.01,2023-12-05,C-12780542,Foo-524873,Food,Sweden,Marketplace
18,57.71,2025-11-05,C-64105322,Ele-034046,Electronics,Sweden,Phone
17,15.82,2022-08-21,C-99178431,Hea-517120,Health,Italy,App
12,280.4,2025-06-09,C-25764795,Toy-330062,Toys,Denmark,Store
7,483.54,2023-02-27,C-18244574,Tra-385441,Travel,Germany,Store
2,208.78,2022-09-07,C-83525743,Off-161403,Office,Poland,Phone
18,84.01,2022-07-11,C-94751185,Boo-477356,Books,Sweden,Social Media
1,172.34,2022-06-08,C-86887776,Mus-716959,Music,Netherlands,Social Media
7,459.41,2024-11-13,C-14989806,Boo-831963,Books,Denmark,App
14,454.22,2022-11-02,C-69919834,Jew-576002,Jewelry,Germany,App
1,270.77,2025-02-21,C-48574985,Gar-618465,Garden,Netherlands,Phone
8,293.43,2024-05-31,C-03016393,Foo-924525,Food,France,Store
6,302.93,2022-01-24,C-76605428,Ele-500884,Electronics,Austria,Phone
6,416.66,2023-08-13,C-58125275,Fur-212866,Furniture,Poland,Email
11,294.33,2024-02-16,C-75232822,Boo-061109,Books,France,Store
19,204.81,2024-10-21,C-11593189,Clo-167496,Clothing,Denmark,Marketplace
17,328.88,2022-07-17,C-69919834,Mus-473491,Music,Brazil,Social Media
10,226.55,2022-01-26,C-85002220,Ele-440411,Electronics,Germany,App
1,131.37,2023-11-29,C-31490891,Foo-772510,Food,United States,Email
11,357.2,2022-10-19,C-80730111,Jew-692365,Jewelry,Portugal,Web
18,121.13,2025-05-08,C-24825971,Fur-338739,Furniture,Australia,Web
3,164.38,2025-11-12,C-64801937,Spo-740277,Sports,Italy,Phone
9,417.13,2023-11-16,C-17115537,Foo-143904,Food,United Kingdom,Social Media
3,52.89,2025-08-01,C-29230901,Gar-874696,Garden,Poland,App
1,22.63,2023-10-31,C-58844515,Mus-700887,Music,United Kingdom,Email
2,396.83,2023-12-08,C-02885459,Spo-247916,Sports,Brazil,Store
10,37.8,2022-04-07,C-27407092,Toy-899954,Toys,Switzerland,Web
18,201.25,2022-11-04,C-99951237,Clo-710148,Clothing,Japan,Web
18,136.77,2025-05-11,C-10353855,Off-109417,Office,Belgium,Social Media
1,408.53,2023-09-09,C-15227782,Hea-185847,Health,Netherlands,Web
12,34.78,2024-04-29,C-18732299,Bea-734958,Beauty,Italy,Email
19,439.74,2022-05-07,C-17115537,Aut-099749,Automotive,Spain,Store
13,150.66,2023-10-15,C-19336679,Aut-622297,Automotive,Spain,Marketplace
17,64.01,2024-09-09,C-14348130,Bea-662229,Beauty,Australia,App
19,174.18,2024-08-03,C-27407092,Gar-698743,Garden,United States,Phone
6,83.4,2025-09-18,C-08804410,Gar-069660,Garden,United States,App
9,452.45,2024-06-22,C-33071308,Hea-885514,Health,Italy,Marketplace
16,256.66,2024-10-21,C-00716732,Foo-451801,Food,Spain,Social Media
16,25.26,2023-05-07,C-44259536,Off-136792,Office,Austria,Marketplace
12,179.38,2025-12-02,C-64105322,Jew-226283,Jewelry,Denmark,Phone
7,424.72,2023-07-12,C-66049568,Mus-212430,Music,Japan,Web
2,122.84,2022-01-13,C-38242955,Jew-456604,Jewelry,Denmark,Phone
2,395.32,2022-02-02,C-33067849,Boo-863031,Books,Austria,Marketplace
4,328.34,2022-04-13,C-29227444,Mus-472291,Music,Netherlands,Store
15,100.92,2025-12-15,C-45499076,Gar-553269,Garden,Brazil,Email
9,272.02,2022-01-08,C-58263729,Clo-329842,Clothing,Netherlands,Web
6,115.54,2024-12-20,C-46779506,Gar-933835,Garden,Australia,Email
4,370.04,2022-12-09,C-01499930,Foo-983472,Food,Poland,Social Media
2,171.45,2025-03-04,C-75310409,Fur-209842,Furniture,Denmark,App
12,365.27,2024-12-08,C-66447024,Hea-704504,Health,Denmark,Social Media
18,152.38,2024-03-22,C-88764007,Hea-593877,Health,United States,Marketplace
10,302.79,2025-03-14,C-36104271,Bea-484132,Beauty,United Kingdom,Phone
6,216.36,2025-12-13,C-24232452,Gar-047222,Garden,Austria,Store
13,42.34,2024-05-01,C-83069633,Bea-981897,Beauty,Sweden,Marketplace
4,23.68,2025-02-22,C-52687437,Jew-120989,Jewelry,Spain,App
7,182.64,2024-07-10,C-04675267,Bea-940339,Beauty,Denmark,Marketplace
16,292.02,2023-11-15,C-77391210,Toy-297707,Toys,Germany,Store
9,379.03,2023-02-10,C-33389851,Jew-759159,Jewelry,Australia,Store
3,343.3,2025-03-30,C-36973153,Off-656667,Office,Japan,Store
14,333.62,2023-07-05,C-29680788,Toy-879420,Toys,Italy,App
15,116.35,2024-10-16,C-72687598,Hea-347925,Health,Switzerland,Web
16,88.0,2025-10-27,C-21964351,Ele-127294,Electronics,Austria,Email
2,348.62,2023-01-04,C-33237296,Foo-380050,Food,Brazil,Phone
15,162.96,2024-08-18,C-83984056,Aut-927477,Automotive,United Kingdom,Marketplace
9,477.18,2023-07-15,C-41671136,Fur-210240,Furniture,France,Web
2,469.22,2023-04-19,C-60590184,Bea-617529,Beauty,Spain,Social Media
13,385.28,2024-03-30,C-37619890,Ele-578627,Electronics,Italy,Social Media
7,323.02,2023-08-28,C-76932090,Bea-471492,Beauty,Sweden,App
18,184.49,2022-03-04,C-04202589,Foo-738111,Food,Spain,Store
6,153.65,2022-12-26,C-38384646,Boo-524452,Books,Brazil,Phone
10,296.18,2024-07-01,C-03613300,Hea-908951,Health,Sweden,Web
9,460.19,2024-01-30,C-10975431,Jew-499102,Jewelry,United Kingdom,Web
15,235.35,2025-08-09,C-73352991,Gar-042507,Garden,Austria,Social Media
13,50.69,2022-01-08,C-96295925,Hea-810782,Health,United States,Marketplace
18,436.28,2024-10-24,C-38384646,Ele-952041,Electronics,Denmark,Store
8,202.42,2024-07-25,C-29832082,Fur-093808,Furniture,United Kingdom,Email
14,136.66,2025-09-26,C-66540515,Bea-249052,Beauty,Switzerland,Store
16,223.89,2024-11-23,C-49819326,Ele-724331,Electronics,France,Social Media
6,325.07,2023-08-13,C-12945345,Fur-839931,Furniture,Canada,Store
13,389.43,2025-06-24,C-27407092,Toy-409065,Toys,Austria,Store
4,495.72,2025-06-14,C-13838283,Boo-611861,Books,Austria,App
5,354.73,2023-06-24,C-03016393,Off-823173,Office,France,App
3,355.64,2023-09-25,C-97457004,Spo-826774,Sports,Portugal,Phone
17,15.89,2024-11-25,C-29463459,Bea-432539,Beauty,Norway,Store
9,144.12,2022-09-23,C-32317799,Bea-917405,Beauty,Norway,Store
7,115.72,2025-09-19,C-55546816,Hea-503595,Health,Germany,Phone
14,135.96,2024-06-13,C-54087604,Aut-209793,Automotive,Belgium,Web
18,106.09,2024-06-12,C-07674407,Tra-136416,Travel,Norway,Store
6,121.98,2022-06-30,C-50907432,Spo-606192,Sports,Brazil,Email
7,13.1,2024-10-03,C-17115537,Mus-846698,Music,France,Web
3,294.21,2023-01-04,C-38567964,Aut-677083,Automotive,United Kingdom,App
5,43.2,2025-08-13,C-23111318,Boo-220352,Books,Austria,Social Media
11,183.41,2023-08-03,C-33648030,Foo-846981,Food,United Kingdom,Marketplace
17,345.45,2024-11-02,C-47614337,Jew-905512,Jewelry,Norway,Marketplace
10,115.19,2023-10-23,C-41671136,Hea-471598,Health,Canada,Email
10,438.31,2025-04-14,C-86452949,Foo-449861,Food,Spain,Web
5,294.87,2025-01-20,C-13324549,Fur-163943,Furniture,Australia,Email
5,299.57,2023-07-08,C-65594419,Boo-621026,Books,Spain,Web
11,219.36,2024-07-18,C-14989806,Ele-588541,Electronics,Canada,Social Media
18,457.15,2022-11-17,C-27458375,Foo-637024,Food,United Kingdom,Email
4,448.9,2024-07-30,C-12376621,Mus-728916,Music,United States,Phone
15,243.04,2025-11-07,C-03074311,Bea-522117,Beauty,Japan,Social Media
8,51.11,2025-03-12,C-73541394,Spo-427823,Sports,Spain,Email
3,418.56,2022-03-25,C-58263729,Spo-178534,Sports,Italy,Phone
1,303.61,2024-02-13,C-99951237,Ele-670862,Electronics,Germany,Web
7,17.23,2025-06-06,C-40816416,Ele-034533,Electronics,France,Email
6,474.26,2025-10-23,C-60708577,Tra-463414,Travel,Australia,Social Media
7,208.51,2024-12-14,C-17640864,Clo-704580,Clothing,Belgium,Store
16,125.78,2022-05-16,C-46779506,Tra-465551,Travel,Spain,Email
17,271.04,2022-01-31,C-37389171,Fur-879814,Furniture,Mexico,Email
5,443.45,2022-05-10,C-87547612,Off-616748,Office,Belgium,Email
19,404.19,2025-06-22,C-38567964,Jew-516614,Jewelry,Canada,Store
12,360.84,2024-11-18,C-92010806,Boo-587546,Books,Portugal,Email
5,290.46,2025-09-05,C-14863834,Fur-953143,Furniture,Italy,Email
7,444.82,2024-02-24,C-69814469,Clo-937398,Clothing,Portugal,Phone
18,213.51,2024-04-18,C-66447024,Mus-399306,Music,Norway,Marketplace
2,382.51,2024-02-08,C-35862539,Ele-518498,Electronics,United States,Phone
3,75.71,2025-11-27,C-00571789,Foo-764896,Food,Italy,Store
17,278.31,2023-03-28,C-17640864,Clo-160072,Clothing,Brazil,Marketplace
17,23.24,2022-06-11,C-45189196,Fur-531577,Furniture,Switzerland,Marketplace
2,316.7,2024-06-04,C-81261231,Tra-071272,Travel,Denmark,Web
10,249.7,2025-06-03,C-89572422,Jew-847249,Jewelry,United States,Marketplace
19,100.64,2023-05-04,C-67555445,Mus-382873,Music,Germany,Web
7,133.98,2024-10-10,C-01499930,Bea-249815,Beauty,Germany,Social Media
13,43.68,2025-11-06,C-66370870,Fur-754316,Furniture,Canada,Store
11,59.83,2025-08-25,C-44214705,Toy-865473,Toys,Canada,App
15,277.47,2025-04-13,C-04655309,Bea-630259,Beauty,France,Store
8,107.45,2024-06-22,C-78669599,Toy-452414,Toys,Belgium,Web
2,233.79,2025-09-07,C-25814587,Spo-636544,Sports,Belgium,Web
4,381.41,2022-12-11,C-34756280,Boo-194039,Books,Switzerland,App
15,54.96,2022-08-27,C-95950020,Hea-561000,Health,Brazil,Phone
12,293.95,2022-12-12,C-03016393,Off-942259,Office,Netherlands,Phone
14,397.47,2023-07-04,C-18732299,Spo-313614,Sports,Italy,App
12,42.37,2024-10-20,C-33414707,Fur-768485,Furniture,France,Social Media
15,253.77,2024-11-09,C-22579567,Gar-564748,Garden,Brazil,Social Media
6,427.72,2025-03-14,C-66540515,Spo-163313,Sports,Norway,Phone
17,462.3,2022-03-06,C-36596055,Clo-044954,Clothing,Canada,Web
13,182.72,2023-03-29,C-77772036,Fur-670895,Furniture,United Kingdom,Web
11,29.35,2024-04-05,C-25096724,Off-402976,Office,Poland,Store
12,466.07,2023-05-31,C-38044479,Boo-566796,Books,Norway,Marketplace
19,254.32,2022-08-23,C-06670976,Off-365040,Office,Canada,Email
1,177.74,2023-01-30,C-45189196,Gar-093890,Garden,Italy,Social Media
13,67.98,2024-01-31,C-57589671,Jew-181856,Jewelry,Belgium,App
17,433.17,2022-09-24,C-07718924,Spo-107421,Sports,Italy,Store
14,209.07,2023-07-10,C-33200552,Fur-672091,Furniture,Germany,Web
15,39.86,2022-03-28,C-48365033,Gar-550633,Garden,Italy,Store
14,402.53,2023-05-11,C-76605428,Spo-493913,Sports,France,Phone
7,171.57,2024-11-16,C-08085231,Mus-439382,Music,United States,App
6,207.05,2023-02-05,C-64105322,Fur-876680,Furniture,Denmark,Phone
2,400.04,2024-01-07,C-32681044,Jew-050774,Jewelry,Spain,App
5,223.51,2022-08-23,C-08804410,Foo-159124,Food,Japan,Marketplace
19,293.9,2022-03-12,C-41585681,Spo-757126,Sports,Sweden,Store
14,333.28,2025-11-27,C-63879404,Fur-641104,Furniture,Norway,Phone
1,219.15,2024-11-17,C-66918517,Aut-814389,Automotive,Poland,Store
17,236.83,2024-08-21,C-59357876,Jew-705845,Jewelry,Poland,Social Media
11,196.66,2023-10-19,C-52687437,Ele-115304,Electronics,Japan,Store
7,30.25,2023-01-12,C-58631788,Tra-308622,Travel,United Kingdom,Phone
11,490.25,2024-05-07,C-44131482,Jew-383050,Jewelry,Italy,Marketplace
8,308.01,2022-07-18,C-43254822,Ele-481149,Electronics,Sweden,App
6,327.17,2024-10-28,C-00716732,Tra-295405,Travel,Poland,App
15,477.51,2023-12-01,C-28523979,Foo-202060,Food,Belgium,Web
8,411.66,2024-12-30,C-28663874,Clo-952460,Clothing,Australia,Email
7,354.46,2022-08-28,C-14582549,Boo-982661,Books,Belgium,Marketplace
2,141.16,2023-08-31,C-85730245,Spo-139994,Sports,Italy,Marketplace
5,378.78,2024-08-04,C-60590184,Toy-070280,Toys,United Kingdom,Marketplace
14,269.18,2025-12-05,C-42970743,Aut-538578,Automotive,Italy,Web
16,448.93,2023-04-10,C-56445786,Tra-604994,Travel,Belgium,App
15,42.06,2025-10-19,C-43310463,Boo-817799,Books,France,Email
14,365.62,2024-11-15,C-51790735,Fur-073875,Furniture,Brazil,Email
15,184.31,2023-06-12,C-36207775,Hea-277076,Health,Netherlands,Social Media
5,317.04,2024-03-10,C-11133828,Jew-949510,Jewelry,Austria,Phone
14,407.97,2022-07-23,C-28442622,Hea-653564,Health,Spain,App
19,97.47,2022-08-17,C-78758323,Fur-951865,Furniture,Italy,Phone
17,342.3,2024-04-02,C-95950020,Aut-954819,Automotive,United States,App
15,79.72,2022-05-08,C-25746750,Jew-412301,Jewelry,Mexico,Social Media
19,43.45,2022-12-27,C-40759502,Spo-886264,Sports,Italy,Web
16,192.12,2023-07-24,C-91611921,Clo-937285,Clothing,Mexico,Phone
1,62.78,2023-02-20,C-34187596,Off-710182,Office,Canada,Phone
7,24.16,2023-03-04,C-58593771,Off-391302,Office,United Kingdom,Store
15,96.64,2022-09-18,C-11498981,Gar-330250,Garden,Switzerland,Marketplace
15,304.21,2023-01-15,C-75310409,Boo-656863,Books,Brazil,Marketplace
17,231.71,2025-04-15,C-93594457,Foo-924207,Food,Netherlands,App
3,366.56,2023-03-15,C-44034970,Boo-253440,Books,Netherlands,Web
14,208.48,2022-06-19,C-59804289,Jew-739673,Jewelry,Portugal,Social Media
11,499.12,2024-08-14,C-39719554,Aut-005556,Automotive,United Kingdom,Store
18,409.14,2025-11-12,C-65347335,Fur-539727,Furniture,Poland,App
5,464.88,2024-08-19,C-61648314,Tra-850518,Travel,Austria,Marketplace
10,68.95,2024-01-09,C-10975431,Ele-640725,Electronics,Switzerland,App
15,379.1,2024-07-28,C-66592869,Clo-303869,Clothing,France,App
18,403.56,2022-09-21,C-11133828,Fur-360693,Furniture,Poland,Web
3,432.79,2025-06-25,C-79340041,Gar-758587,Garden,Denmark,Marketplace
1,65.66,2025-07-29,C-83525743,Gar-766089,Garden,Austria,Social Media
10,224.99,2022-04-03,C-02638398,Clo-091872,Clothing,Canada,Phone
5,255.59,2023-11-20,C-33648030,Off-020187,Office,Netherlands,App
12,239.15,2025-03-14,C-59357876,Fur-515178,Furniture,United Kingdom,Marketplace
9,125.77,2024-06-22,C-56171343,Boo-429502,Books,United States,Social Media
2,174.61,2023-12-29,C-09237099,Off-530473,Office,Sweden,Email
7,108.2,2024-02-04,C-47614337,Mus-303442,Music,Poland,Email
10,180.55,2025-10-29,C-49819326,Toy-743634,Toys,Spain,Email
18,96.9,2025-07-27,C-44214705,Jew-738482,Jewelry,Austria,Store
5,74.88,2023-11-06,C-44561552,Gar-708480,Garden,United Kingdom,Social Media
9,41.56,2025-04-05,C-73741620,Foo-364498,Food,Mexico,Marketplace
10,274.0,2023-09-26,C-30556313,Boo-005349,Books,Netherlands,Phone
7,89.53,2023-09-21,C-29004750,Clo-209382,Clothing,Norway,Phone
19,17.87,2024-11-21,C-24943709,Boo-514500,Books,Netherlands,Web
18,147.66,2022-04-01,C-28875386,Fur-716618,Furniture,Portugal,Social Media
16,410.27,2023-05-11,C-08397369,Ele-460805,Electronics,Portugal,Email
16,313.42,2025-12-22,C-76803278,Bea-637149,Beauty,Mexico,Phone
8,261.19,2022-01-23,C-85201177,Mus-295156,Music,Norway,Web
9,482.38,2025-01-23,C-85002220,Tra-534589,Travel,Australia,Email
15,492.59,2025-03-31,C-58988585,Off-954429,Office,Austria,App
5,61.43,2024-02-05,C-21013148,Clo-175834,Clothing,Italy,Email
11,245.18,2025-01-10,C-86898981,Mus-167528,Music,Germany,Marketplace
9,358.59,2025-01-10,C-24254708,Ele-299749,Electronics,Denmark,Marketplace
19,429.54,2022-08-03,C-56445786,Toy-529369,Toys,Sweden,Store
15,248.81,2023-11-10,C-91258005,Gar-799871,Garden,Germany,Store
16,241.61,2025-02-10,C-08303045,Toy-429585,Toys,Sweden,Web
11,174.6,2024-07-12,C-25814587,Spo-974634,Sports,Australia,Phone
19,236.34,2025-08-05,C-69358962,Toy-252764,Toys,Italy,Marketplace
5,340.63,2023-01-11,C-33648030,Foo-541543,Food,Denmark,Marketplace
9,409.44,2024-05-14,C-87547612,Ele-296905,Electronics,Poland,Store
17,41.97,2023-12-30,C-58844515,Hea-499244,Health,Sweden,Store
14,328.69,2022-12-10,C-04202589,Spo-397891,Sports,United Kingdom,Social Media
10,300.45,2023-11-22,C-23489168,Ele-830084,Electronics,Japan,Social Media
15,58.84,2024-10-08,C-93354569,Mus-144491,Music,Mexico,Store
12,197.38,2023-01-13,C-12247689,Gar-751705,Garden,Norway,Store
12,148.21,2022-04-09,C-07718924,Boo-497006,Books,Portugal,Phone
6,493.79,2025-06-27,C-32186206,Spo-713997,Sports,Belgium,Email
19,71.36,2023-11-25,C-24874629,Toy-239412,Toys,Canada,Email
9,121.0,2025-11-19,C-46779506,Spo-681059,Sports,Mexico,Marketplace
4,355.48,2025-04-28,C-07680834,Spo-840745,Sports,Canada,Store
5,475.65,2022-03-14,C-77186257,Fur-749651,Furniture,Denmark,Phone
18,228.42,2024-04-09,C-08804410,Jew-224543,Jewelry,Germany,Phone
19,227.54,2023-05-11,C-51629298,Clo-434063,Clothing,Brazil,Email
12,377.38,2025-03-10,C-58125275,Boo-545374,Books,Belgium,Email
4,364.0,2025-04-16,C-61453651,Gar-116631,Garden,Germany,Phone
19,393.92,2025-04-21,C-43344687,Off-831785,Office,Austria,Marketplace
17,80.12,2025-06-28,C-58988585,Bea-816207,Beauty,Denmark,Marketplace
2,265.27,2024-07-01,C-40066424,Clo-247021,Clothing,Portugal,Store
13,287.94,2025-05-09,C-45499076,Off-960094,Office,Brazil,Phone
11,219.62,2024-07-16,C-27407092,Clo-044093,Clothing,Norway,Web
7,401.8,2022-09-04,C-23489168,Toy-537008,Toys,Mexico,Store
5,246.21,2023-08-20,C-52729045,Off-373716,Office,Canada,Email
6,202.14,2024-07-17,C-89665842,Clo-550033,Clothing,Italy,Marketplace
9,203.1,2024-06-15,C-85460227,Hea-741390,Health,Portugal,Store
11,325.57,2023-08-03,C-72687598,Jew-389637,Jewelry,Austria,Phone
3,378.0,2024-07-02,C-95405257,Clo-953309,Clothing,Norway,Web
5,245.58,2025-12-05,C-18110411,Mus-577728,Music,Germany,Marketplace
16,21.36,2023-10-08,C-08303045,Spo-276620,Sports,France,Marketplace
1,76.73,2022-01-23,C-99951237,Toy-070284,Toys,Denmark,Email
11,324.01,2023-06-14,C-59804289,Off-521185,Office,Austria,Store
12,97.32,2022-11-15,C-35605602,Tra-454683,Travel,Italy,App
12,331.42,2025-03-31,C-78669599,Spo-087199,Sports,Japan,Store
4,323.92,2022-06-15,C-12564518,Toy-411778,Toys,United Kingdom,App
4,132.89,2023-07-03,C-27206525,Fur-489850,Furniture,United States,Email
13,332.54,2023-06-24,C-27407092,Toy-934245,Toys,Austria,Marketplace
9,271.55,2023-01-10,C-03358637,Boo-121812,Books,Sweden,Marketplace
19,40.92,2024-07-24,C-71666979,Off-762723,Office,Spain,Store
17,334.44,2025-12-13,C-37792256,Tra-923444,Travel,United States,Store
8,372.78,2023-06-05,C-44259536,Clo-052697,Clothing,Netherlands,Email
14,327.36,2022-05-11,C-06140306,Fur-123653,Furniture,Germany,Store
5,497.42,2025-10-25,C-35700115,Ele-627038,Electronics,Netherlands,Email
19,379.37,2024-11-14,C-51214215,Aut-752205,Automotive,Spain,Web
16,65.55,2025-03-27,C-95885847,Fur-672685,Furniture,Portugal,Store
1,331.31,2025-04-02,C-49938177,Tra-039912,Travel,Germany,Web
7,123.4,2025-12-08,C-51629298,Jew-491960,Jewelry,Brazil,Email
14,433.0,2024-09-23,C-98325575,Bea-419003,Beauty,Brazil,Phone
9,473.51,2024-03-05,C-29227444,Hea-721646,Health,Belgium,App
19,286.76,2023-01-29,C-11172808,Bea-902614,Beauty,Germany,Email
5,142.06,2023-09-02,C-49938177,Gar-824765,Garden,Japan,Marketplace
11,366.98,2023-05-12,C-83525743,Aut-642477,Automotive,Japan,Web
16,243.43,2022-08-10,C-23316927,Mus-357532,Music,Netherlands,Store
6,158.58,2023-01-31,C-87531984,Clo-020389,Clothing,Canada,Store
17,16.01,2023-09-29,C-72966724,Fur-156558,Furniture,Denmark,Store
10,39.88,2024-12-23,C-47607714,Off-868732,Office,Mexico,Store
10,437.56,2022-11-25,C-21964351,Aut-038609,Automotive,Switzerland,Phone
19,43.41,2023-05-16,C-89667087,Fur-443782,Furniture,Austria,Email
11,469.43,2025-11-24,C-96899874,Ele-865263,Electronics,Germany,Email
11,202.97,2023-07-15,C-87914090,Mus-354490,Music,Italy,App
15,60.63,2023-03-19,C-26963375,Fur-734950,Furniture,Japan,Phone
17,197.5,2025-06-19,C-45189196,Bea-273908,Beauty,Switzerland,Social Media
3,363.7,2024-12-21,C-52687437,Bea-369999,Beauty,Sweden,Store
14,409.15,2024-04-24,C-96295925,Hea-400634,Health,Portugal,Phone
14,158.95,2022-10-28,C-27458375,Aut-229074,Automotive,France,Store
7,138.53,2023-09-20,C-99466366,Hea-731386,Health,Canada,Store
16,355.96,2022-09-30,C-28616400,Jew-248708,Jewelry,Sweden,Social Media
13,84.24,2023-09-09,C-76932090,Tra-318618,Travel,United States,Social Media
12,359.07,2023-04-02,C-83525743,Foo-725667,Food,Sweden,Marketplace
19,283.9,2025-04-21,C-89101666,Toy-534176,Toys,Sweden,Web
18,364.43,2023-06-04,C-85441923,Clo-486098,Clothing,Austria,Web
16,248.14,2023-03-26,C-93179907,Fur-844431,Furniture,France,Web
19,133.99,2022-08-29,C-89101666,Aut-336587,Automotive,Italy,Store
18,322.54,2025-05-12,C-59473796,Jew-783029,Jewelry,France,Phone
5,134.31,2022-11-10,C-65594419,Foo-886245,Food,Norway,Store
3,480.56,2024-12-06,C-16552411,Jew-268276,Jewelry,Japan,Email
1,83.5,2023-05-30,C-29004750,Mus-589791,Music,France,Social Media
5,424.6,2023-01-24,C-99178431,Hea-226867,Health,United Kingdom,Phone
1,183.08,2025-01-17,C-97457004,Fur-323590,Furniture,United Kingdom,App
19,471.02,2024-08-21,C-33414707,Clo-892403,Clothing,Germany,Phone
14,205.14,2024-07-20,C-59241963,Off-407013,Office,Mexico,Social Media
18,73.67,2023-08-08,C-72966724,Boo-280101,Books,Italy,Phone
1,300.62,2024-01-07,C-60708577,Toy-293122,Toys,Portugal,Email
10,43.33,2023-08-26,C-89101666,Gar-038984,Garden,Norway,App
4,30.75,2025-05-15,C-40816416,Tra-666665,Travel,Portugal,App
3,420.74,2023-01-21,C-83525743,Aut-709327,Automotive,Portugal,Store
6,80.03,2025-11-13,C-37389171,Aut-567908,Automotive,Austria,Marketplace
2,27.19,2025-09-03,C-25746750,Tra-757018,Travel,Germany,App
5,306.16,2024-10-11,C-66447024,Aut-947019,Automotive,Netherlands,Web
12,273.52,2025-07-05,C-85460227,Mus-934247,Music,United States,Web
2,308.91,2023-07-08,C-07706214,Foo-679652,Food,Sweden,Marketplace
18,305.35,2023-01-17,C-67555445,Toy-793218,Toys,Netherlands,App
4,93.25,2023-02-19,C-22393430,Tra-765292,Travel,Canada,Social Media
6,318.71,2023-06-17,C-33648030,Tra-886408,Travel,Portugal,Marketplace
10,253.95,2022-03-10,C-56155330,Spo-596256,Sports,Sweden,Marketplace
1,288.28,2025-06-10,C-64967803,Off-240471,Office,Spain,Store
18,150.96,2024-06-29,C-65594419,Tra-958079,Travel,Belgium,Web
6,468.48,2025-07-29,C-40066424,Hea-012134,Health,Portugal,Email
1,153.52,2023-01-22,C-26963375,Foo-149228,Food,Austria,Phone
7,8.96,2022-02-05,C-54942359,Fur-943871,Furniture,Canada,Marketplace
14,22.82,2024-04-16,C-29004750,Hea-183335,Health,Belgium,App
13,123.75,2024-05-11,C-96984679,Spo-168089,Sports,Norway,Social Media
18,240.31,2022-05-04,C-99466366,Hea-070061,Health,Australia,Email
1,304.74,2023-10-20,C-14348130,Hea-368266,Health,Mexico,Phone
9,346.49,2024-06-26,C-27728798,Aut-618507,Automotive,Italy,Phone
8,68.71,2023-02-28,C-28442622,Ele-422904,Electronics,United States,Web
15,68.91,2025-09-11,C-65235738,Aut-210606,Automotive,Mexico,Marketplace
16,203.66,2022-10-01,C-51073307,Bea-464716,Beauty,Switzerland,Social Media
5,348.67,2022-08-09,C-25868269,Clo-410701,Clothing,Netherlands,App
2,454.14,2023-09-17,C-76810864,Jew-161907,Jewelry,Sweden,App
5,112.63,2024-10-19,C-36596055,Toy-026431,Toys,Netherlands,Store
4,89.88,2022-01-26,C-84069645,Mus-439061,Music,Poland,Email
13,323.32,2022-12-21,C-98578568,Bea-449804,Beauty,Poland,Phone
13,369.7,2022-09-10,C-66447024,Spo-038266,Sports,Denmark,Store
15,422.01,2022-03-06,C-14348130,Jew-270182,Jewelry,Mexico,Web
17,133.27,2022-03-08,C-06670976,Boo-145026,Books,Canada,Marketplace
1,331.42,2024-12-13,C-73541394,Gar-036461,Garden,Spain,Marketplace
1,108.57,2024-11-09,C-10628881,Foo-618564,Food,Mexico,Marketplace
8,68.1,2023-07-02,C-27858217,Ele-531419,Electronics,Netherlands,Marketplace
12,40.03,2024-03-30,C-61295722,Fur-518112,Furniture,Portugal,Email
12,9.2,2024-09-03,C-17115537,Spo-284740,Sports,United Kingdom,Social Media
2,67.55,2025-03-27,C-31491448,Aut-297837,Automotive,United States,Marketplace
5,283.27,2025-08-28,C-64801937,Off-115827,Office,Mexico,Marketplace
5,272.16,2025-08-11,C-63261242,Off-900485,Office,United States,Social Media
2,467.13,2023-09-19,C-21815651,Fur-801491,Furniture,Norway,Store
12,114.89,2022-03-27,C-78669599,Mus-358160,Music,Spain,Social Media
14,151.74,2023-12-20,C-66049568,Hea-867220,Health,Norway,Email
16,16.57,2023-03-09,C-93712739,Hea-335619,Health,Japan,Web
10,189.02,2025-12-04,C-72966724,Ele-348785,Electronics,France,Social Media
18,335.17,2023-11-08,C-76319842,Hea-323715,Health,United Kingdom,Store
4,20.76,2023-02-16,C-41671136,Bea-635860,Beauty,Portugal,Email
18,307.91,2022-05-02,C-90940416,Boo-763741,Books,United States,Phone
15,319.18,2025-02-03,C-48574985,Fur-856136,Furniture,Japan,Phone
11,283.24,2023-08-15,C-33334129,Fur-758750,Furniture,Canada,Store
8,67.09,2024-02-05,C-28523979,Ele-968138,Electronics,Portugal,App
18,226.43,2024-08-09,C-69752771,Spo-626901,Sports,United States,App
16,245.72,2023-05-19,C-72957339,Aut-787764,Automotive,Canada,Email
10,7.05,2023-05-17,C-43258668,Gar-314886,Garden,United States,Social Media
1,22.22,2023-01-05,C-69025898,Off-465012,Office,Denmark,App
10,453.97,2025-04-13,C-11177777,Ele-332923,Electronics,Japan,Marketplace
2,355.04,2024-06-16,C-81092571,Spo-851693,Sports,Denmark,Marketplace
8,122.94,2024-09-04,C-28481406,Clo-166003,Clothing,France,Email
18,403.2,2023-03-16,C-42531372,Mus-469515,Music,United Kingdom,Store
14,130.94,2025-03-11,C-25814587,Mus-998291,Music,Austria,Phone
9,178.4,2025-06-05,C-78446420,Aut-873489,Automotive,Belgium,Store
15,422.6,2024-04-25,C-29832082,Mus-209960,Music,Canada,Phone
5,290.98,2022-11-29,C-10382808,Tra-395581,Travel,Netherlands,Phone
4,190.13,2022-06-28,C-91848903,Toy-451466,Toys,Denmark,Store
19,428.19,2025-12-19,C-94751185,Tra-363468,Travel,Canada,Web
4,80.51,2023-09-07,C-15627644,Mus-312748,Music,Mexico,Social Media
3,119.97,2022-09-14,C-21493738,Hea-474989,Health,Brazil,App
4,300.68,2025-06-19,C-44034970,Tra-472467,Travel,Canada,Social Media
16,317.74,2025-11-20,C-13192293,Tra-391913,Travel,Denmark,Store
5,387.75,2025-02-28,C-28442622,Boo-213823,Books,Switzerland,Web
10,341.22,2025-07-17,C-89101666,Gar-012389,Garden,Brazil,Marketplace
17,28.2,2022-07-28,C-14863834,Mus-558030,Music,Australia,Social Media
4,74.85,2025-11-22,C-49819326,Boo-065941,Books,Japan,Web
6,467.02,2025-04-02,C-60259140,Hea-205109,Health,Poland,Marketplace
1,19.82,2024-12-05,C-15227782,Aut-115719,Automotive,Austria,Web
1,163.49,2024-09-22,C-73823713,Clo-062628,Clothing,Austria,Store
11,301.37,2025-08-03,C-85780309,Bea-044558,Beauty,United Kingdom,App
14,461.95,2022-09-02,C-25388461,Fur-841506,Furniture,Austria,App
16,10.18,2024-07-12,C-50907432,Mus-985209,Music,Norway,Marketplace
4,426.74,2025-09-11,C-55290918,Toy-312359,Toys,Austria,Marketplace
3,85.63,2023-06-19,C-72893017,Mus-935662,Music,Austria,Email
16,248.61,2023-05-20,C-25388461,Fur-185205,Furniture,Japan,Marketplace
19,325.9,2024-01-02,C-34756280,Aut-061203,Automotive,Germany,Phone
15,465.46,2025-06-30,C-75021103,Boo-997455,Books,Germany,Phone
14,360.08,2025-05-09,C-61635242,Hea-462567,Health,Spain,Store
16,133.69,2022-08-07,C-25388461,Aut-792721,Automotive,Italy,Social Media
7,155.68,2023-04-26,C-60708577,Aut-645196,Automotive,Japan,Phone
15,112.39,2024-10-30,C-19336679,Ele-216585,Electronics,Spain,Marketplace
18,389.17,2024-02-17,C-86674277,Gar-665673,Garden,Austria,Social Media
18,43.74,2024-02-07,C-61223304,Mus-501147,Music,Australia,Web
17,316.33,2024-02-24,C-63879404,Tra-135884,Travel,Spain,Phone
19,46.72,2023-07-29,C-07305300,Tra-801227,Travel,Norway,App
13,122.7,2025-12-17,C-00257180,Spo-128193,Sports,United Kingdom,App
4,148.09,2025-03-12,C-98325575,Tra-258419,Travel,Canada,Web
6,317.26,2023-11-17,C-82162312,Gar-367557,Garden,Denmark,Web
2,133.74,2023-01-23,C-48219660,Ele-723333,Electronics,Brazil,App
3,6.21,2025-08-13,C-95364434,Mus-724796,Music,Mexico,Email
18,408.48,2024-08-14,C-08084208,Jew-496355,Jewelry,Spain,Web
9,77.71,2025-02-21,C-59241963,Gar-995018,Garden,Italy,App
16,331.52,2024-03-10,C-38567964,Gar-731339,Garden,Mexico,Phone
4,63.78,2023-11-29,C-59473796,Mus-448339,Music,Australia,Marketplace
12,31.07,2024-11-04,C-61453651,Spo-514216,Sports,Belgium,Email
5,176.26,2022-03-27,C-13838283,Boo-484486,Books,United Kingdom,Social Media
8,68.87,2023-11-26,C-23316927,Aut-034822,Automotive,Japan,Marketplace
19,273.92,2024-09-29,C-22393430,Toy-144225,Toys,Spain,Marketplace
4,248.45,2025-09-14,C-97457004,Jew-598537,Jewelry,France,Social Media
10,242.97,2023-10-16,C-85460227,Tra-325938,Travel,Sweden,App
16,441.76,2022-12-25,C-52729045,Bea-568433,Beauty,Poland,Social Media
6,454.65,2024-08-18,C-51073307,Boo-130592,Books,Poland,Social Media
14,449.7,2024-01-08,C-73541394,Ele-118027,Electronics,Netherlands,Email
5,184.86,2024-07-02,C-23111318,Aut-519876,Automotive,Austria,App
11,306.89,2025-10-02,C-18244574,Ele-973451,Electronics,Denmark,Social Media
12,33.29,2025-03-25,C-24943709,Tra-826319,Travel,France,Phone
13,343.01,2022-08-14,C-86674277,Off-665240,Office,Austria,Social Media
7,389.89,2022-10-30,C-56155330,Fur-490287,Furniture,Sweden,Email
2,211.32,2022-05-31,C-18732299,Tra-233012,Travel,Denmark,Phone
5,149.06,2025-01-29,C-59804289,Fur-142319,Furniture,Germany,Social Media
9,355.34,2024-06-18,C-24232452,Spo-532225,Sports,Italy,Email
15,279.11,2024-01-08,C-79632009,Clo-289811,Clothing,Belgium,Social Media
19,20.06,2025-05-18,C-08084208,Jew-474228,Jewelry,France,Email
3,340.13,2024-11-08,C-03613300,Clo-710602,Clothing,Portugal,Email
3,48.39,2025-08-09,C-72957339,Bea-126157,Beauty,Norway,Store
2,364.97,2025-06-06,C-03440880,Aut-429029,Automotive,France,Social Media
6,272.6,2025-04-10,C-95897450,Boo-778814,Books,Germany,Store
2,163.47,2022-08-19,C-28506804,Tra-737758,Travel,United States,Marketplace
2,234.08,2025-04-03,C-88764007,Gar-485695,Garden,Austria,Email
12,476.27,2023-12-26,C-95538520,Gar-175733,Garden,Poland,Store
17,236.22,2022-03-18,C-76270600,Ele-617780,Electronics,Brazil,Email
4,90.55,2022-12-17,C-28481406,Fur-370584,Furniture,Brazil,Store
1,386.0,2024-05-02,C-11177777,Spo-304431,Sports,Poland,Web
3,69.48,2024-06-05,C-95950020,Gar-261135,Garden,Italy,Email
17,309.13,2024-01-04,C-38242955,Tra-038081,Travel,Portugal,Marketplace
13,86.73,2024-03-14,C-44561552,Bea-719739,Beauty,Sweden,Web
18,369.74,2023-07-30,C-15227782,Boo-634154,Books,United Kingdom,Web
18,301.76,2025-01-19,C-94752604,Boo-650174,Books,Switzerland,App
5,280.62,2024-02-16,C-64801937,Jew-999353,Jewelry,Japan,Email
14,459.52,2024-02-19,C-78446420,Hea-800756,Health,Canada,Email
3,446.82,2022-09-03,C-03298924,Toy-271920,Toys,Switzerland,Store
3,390.96,2023-06-14,C-80434627,Fur-366666,Furniture,Italy,Phone
2,420.01,2025-11-16,C-65347335,Fur-283961,Furniture,Denmark,Store
3,481.85,2022-03-20,C-30556313,Jew-312971,Jewelry,France,Marketplace
5,54.61,2022-06-24,C-36941673,Foo-862315,Food,Sweden,Phone
5,44.4,2023-07-17,C-99882419,Clo-942500,Clothing,Japan,App
4,92.31,2024-07-24,C-83896442,Mus-537207,Music,Belgium,Phone
5,446.5,2023-02-22,C-27407092,Gar-261485,Garden,United Kingdom,Marketplace
4,442.3,2022-01-03,C-82924856,Bea-019198,Beauty,Canada,Store
5,339.69,2023-09-25,C-28252670,Off-476518,Office,Denmark,Web
1,91.35,2023-05-28,C-58631788,Jew-134458,Jewelry,Belgium,Social Media
4,463.29,2023-03-28,C-59241963,Jew-174925,Jewelry,Netherlands,Web
4,97.79,2024-12-16,C-13192293,Toy-467166,Toys,Belgium,App
11,290.66,2024-02-26,C-85270860,Boo-307340,Books,Canada,App
2,221.04,2024-04-13,C-77391210,Mus-327905,Music,Brazil,Web
11,7.01,2025-11-11,C-58623748,Tra-428594,Travel,Netherlands,Web
8,81.53,2023-01-13,C-37792256,Gar-202911,Garden,Italy,Email
15,17.3,2024-07-03,C-96638930,Gar-409158,Garden,France,Web
14,490.62,2023-10-06,C-32024053,Tra-613035,Travel,Sweden,Phone
7,149.18,2023-10-31,C-35862539,Jew-416146,Jewelry,Denmark,Email
1,280.51,2022-07-11,C-85780309,Spo-820048,Sports,Mexico,Store
11,326.82,2023-07-01,C-28663874,Foo-560395,Food,Mexico,Store
6,234.9,2023-02-03,C-34187596,Mus-747944,Music,Switzerland,App
8,465.43,2024-06-08,C-47607714,Clo-581727,Clothing,Norway,Social Media
12,131.08,2022-01-27,C-99178431,Clo-778856,Clothing,Poland,Store
15,120.42,2025-01-29,C-85270860,Toy-625293,Toys,Brazil,App
5,15.22,2024-11-03,C-22579567,Off-384492,Office,Austria,Marketplace
5,482.14,2022-11-23,C-76764761,Aut-841784,Automotive,Poland,Social Media
17,424.84,2024-01-18,C-01499930,Clo-242025,Clothing,Mexico,Email
19,367.87,2024-04-21,C-76270600,Off-296503,Office,Japan,Marketplace
17,208.14,2022-02-08,C-26931360,Clo-110831,Clothing,Spain,Web
4,487.4,2022-10-02,C-04131834,Aut-844862,Automotive,France,Social Media
15,251.23,2022-12-01,C-69919834,Tra-808581,Travel,Denmark,Phone
11,173.0,2022-11-13,C-17474126,Gar-448862,Garden,Austria,Email
11,429.22,2022-09-13,C-58844515,Off-283357,Office,Spain,Phone
8,492.09,2024-06-29,C-14582549,Ele-325192,Electronics,United States,Phone
13,234.62,2024-04-02,C-29230901,Aut-995699,Automotive,Germany,Marketplace
13,466.41,2022-06-02,C-13324549,Off-073516,Office,Spain,Marketplace
13,439.36,2024-03-17,C-32186206,Bea-503183,Beauty,Belgium,Store
3,75.79,2024-10-11,C-12945345,Ele-603099,Electronics,Japan,Store
7,439.44,2022-12-26,C-89047975,Fur-869783,Furniture,Australia,Social Media
3,6.07,2024-04-25,C-40066424,Ele-181727,Electronics,United Kingdom,Marketplace
5,310.86,2024-05-17,C-46803455,Foo-825908,Food,Switzerland,Web
10,351.01,2024-03-05,C-65235738,Aut-326803,Automotive,Spain,Marketplace
6,217.99,2025-10-14,C-59637217,Aut-273543,Automotive,Poland,Phone
15,76.83,2025-02-07,C-65189987,Foo-923331,Food,Brazil,Marketplace
10,127.28,2024-10-10,C-17074239,Hea-318680,Health,United States,Phone
18,288.32,2022-04-22,C-87531984,Hea-946064,Health,Poland,Email
6,272.7,2022-12-25,C-86674277,Jew-839130,Jewelry,United States,Marketplace
9,311.84,2023-06-06,C-63062112,Bea-789851,Beauty,Denmark,Phone
15,119.31,2023-03-06,C-03077799,Ele-194163,Electronics,Norway,Marketplace
1,63.85,2023-11-29,C-50907432,Toy-150704,Toys,Austria,Web
3,235.79,2023-01-07,C-35991775,Clo-848596,Clothing,Mexico,Phone
1,36.74,2025-04-13,C-98325575,Boo-511460,Books,United States,App
4,369.35,2023-05-20,C-47614337,Hea-374713,Health,Norway,Web
15,231.41,2023-01-02,C-43310463,Mus-711698,Music,Belgium,Phone
19,30.97,2024-06-16,C-65189987,Bea-957293,Beauty,Netherlands,Social Media
18,483.45,2022-10-19,C-49819326,Tra-616943,Travel,United Kingdom,Phone
13,431.19,2025-12-23,C-82799399,Off-909156,Office,Belgium,Phone
8,12.66,2022-02-19,C-95950020,Gar-174494,Garden,Austria,Email
7,489.96,2023-07-14,C-41585681,Toy-439376,Toys,Australia,Web
13,85.25,2024-09-05,C-25096724,Mus-534145,Music,Netherlands,Marketplace
5,114.01,2023-03-31,C-47607714,Foo-506901,Food,Norway,Email
13,95.06,2022-03-22,C-31490891,Mus-900028,Music,Poland,Store
2,94.61,2024-03-26,C-30786627,Boo-945513,Books,Belgium,Marketplace
3,314.86,2025-03-26,C-85555041,Gar-473180,Garden,Germany,Social Media
6,440.45,2025-05-19,C-02890690,Ele-353117,Electronics,Sweden,App
16,498.06,2022-09-25,C-82799399,Jew-023908,Jewelry,Canada,Marketplace
19,341.78,2025-06-04,C-78669599,Gar-495403,Garden,Australia,Email
11,206.07,2023-08-11,C-33200552,Aut-325966,Automotive,United States,Phone
13,335.86,2024-07-23,C-37619890,Hea-570994,Health,Switzerland,App
10,362.32,2024-09-11,C-83940354,Gar-487093,Garden,United States,Store
7,341.21,2023-05-16,C-41671136,Foo-843942,Food,Japan,Store
4,367.6,2024-02-02,C-58858217,Boo-298819,Books,Portugal,Phone
11,264.24,2025-10-06,C-25764795,Jew-547117,Jewelry,United States,Store
14,111.45,2023-04-08,C-56171343,Off-649532,Office,Norway,Phone
8,385.68,2023-06-26,C-73291975,Tra-637135,Travel,Belgium,Email
9,456.45,2024-08-19,C-16276701,Boo-906933,Books,Canada,Marketplace
14,53.53,2025-11-27,C-44561552,Clo-044703,Clothing,Norway,Web
7,133.16,2022-08-21,C-86898981,Toy-286054,Toys,Norway,Store
14,496.33,2022-06-09,C-09095261,Ele-387208,Electronics,Austria,Marketplace
12,21.89,2024-12-12,C-68849874,Foo-870835,Food,Spain,Marketplace
17,99.39,2024-06-16,C-00221948,Foo-384815,Food,Denmark,Phone
15,264.32,2022-03-18,C-71521183,Bea-911482,Beauty,Portugal,Email
11,51.52,2023-07-05,C-63261242,Spo-044612,Sports,Brazil,App
14,23.83,2024-06-05,C-73478428,Off-160499,Office,Australia,Email
8,172.72,2025-12-15,C-86452949,Jew-670084,Jewelry,Denmark,Email
19,429.95,2024-08-03,C-89665842,Toy-303333,Toys,Poland,Marketplace
4,233.92,2025-09-27,C-83525743,Gar-964348,Garden,Switzerland,Social Media
7,123.09,2023-09-12,C-20120738,Clo-573160,Clothing,Poland,App
8,162.02,2025-04-30,C-79109200,Fur-311810,Furniture,Mexico,Web
11,21.45,2024-05-21,C-49373053,Jew-781141,Jewelry,Switzerland,Web
12,48.89,2023-03-29,C-69425350,Aut-238602,Automotive,Portugal,Social Media
8,287.31,2022-10-17,C-10382808,Off-712829,Office,Belgium,Social Media
15,450.99,2024-04-29,C-12945345,Bea-524175,Beauty,Australia,Store
18,78.15,2023-10-30,C-21493738,Fur-927912,Furniture,Austria,App
14,37.47,2025-09-05,C-89337463,Foo-697987,Food,Portugal,Marketplace
18,444.51,2022-09-24,C-36207775,Clo-932663,Clothing,Austria,Marketplace
11,31.34,2025-10-05,C-99466366,Aut-806675,Automotive,Australia,Store
7,380.64,2023-11-24,C-77186257,Mus-671057,Music,United Kingdom,Email
15,82.88,2022-06-11,C-17074239,Tra-573205,Travel,Austria,Marketplace
15,68.53,2025-02-26,C-14863834,Bea-037411,Beauty,Switzerland,Email
1,344.83,2023-07-11,C-64967803,Spo-337969,Sports,Spain,Social Media
12,93.53,2025-08-20,C-80410341,Jew-286319,Jewelry,Sweden,App
2,306.69,2023-03-09,C-44034970,Gar-840418,Garden,Canada,App
3,74.76,2025-12-21,C-25764795,Spo-047769,Sports,Spain,App
18,261.01,2023-05-07,C-54942359,Toy-773964,Toys,Austria,Web
11,71.49,2025-03-15,C-45237494,Aut-617854,Automotive,Switzerland,App
9,310.48,2024-10-26,C-20625702,Aut-849562,Automotive,Spain,App
15,286.8,2023-05-09,C-51629298,Spo-406904,Sports,Poland,Store
16,328.91,2025-05-21,C-25746750,Bea-319526,Beauty,Germany,Email
6,343.02,2024-10-06,C-42435059,Jew-694188,Jewelry,Germany,Email
12,156.62,2025-06-30,C-09075991,Toy-634549,Toys,Netherlands,Store
6,54.79,2023-01-09,C-31562395,Ele-460972,Electronics,Portugal,App
11,206.99,2024-03-31,C-38242955,Hea-138177,Health,Italy,Social Media
8,155.96,2023-02-28,C-94779946,Foo-472833,Food,Brazil,Email
1,195.34,2024-04-15,C-14167380,Foo-142046,Food,Denmark,Marketplace
8,380.99,2022-02-21,C-91611921,Tra-500381,Travel,Belgium,Social Media
6,363.39,2022-09-16,C-45237494,Bea-688935,Beauty,Denmark,Email
7,149.39,2023-11-24,C-41671136,Off-262369,Office,Switzerland,Web
4,495.38,2025-09-11,C-85460227,Toy-377953,Toys,Portugal,App
4,277.67,2023-04-27,C-05085836,Fur-874931,Furniture,Mexico,Store
7,244.25,2022-09-14,C-65793662,Bea-179645,Beauty,Australia,App
16,209.6,2025-09-10,C-85201177,Aut-882665,Automotive,Switzerland,App
8,239.6,2022-11-08,C-99178431,Foo-480846,Food,Poland,App
15,250.59,2024-01-08,C-91848903,Jew-992792,Jewelry,Switzerland,Email
14,122.01,2023-08-08,C-43344687,Boo-167086,Books,Sweden,App
17,425.19,2025-07-24,C-98797738,Toy-513505,Toys,Denmark,Web
2,273.25,2022-03-26,C-43254822,Gar-140334,Garden,Norway,Store
5,395.1,2023-08-30,C-58623748,Tra-893772,Travel,France,Web
15,93.7,2023-05-26,C-38044479,Off-973749,Office,France,Web
4,433.96,2023-05-23,C-61453651,Mus-821042,Music,Portugal,Store
2,455.63,2025-02-27,C-10628881,Off-422321,Office,Japan,Social Media
12,246.59,2024-11-08,C-35700115,Foo-614935,Food,Italy,Store
1,203.71,2023-05-23,C-16115109,Hea-594824,Health,Belgium,Web
6,62.62,2025-05-23,C-42531372,Hea-549367,Health,Mexico,Social Media
14,190.76,2024-11-29,C-24254708,Clo-991065,Clothing,United Kingdom,Store
11,115.94,2022-07-15,C-49819326,Clo-910322,Clothing,Germany,Store
12,365.95,2023-11-09,C-95897450,Bea-162907,Beauty,Australia,Email
11,87.19,2022-03-24,C-43254822,Hea-412523,Health,Sweden,Store
8,6.03,2023-11-08,C-03016393,Clo-613871,Clothing,United Kingdom,App
2,410.84,2025-07-02,C-01878061,Gar-738291,Garden,Netherlands,Web
9,414.28,2024-04-02,C-54512617,Jew-568855,Jewelry,Portugal,Store
13,352.88,2025-11-07,C-89619648,Tra-718567,Travel,Spain,Store
14,144.57,2025-11-28,C-95405257,Fur-341462,Furniture,Brazil,Email
7,278.99,2024-08-15,C-99466366,Aut-082028,Automotive,Italy,Store
6,429.42,2024-03-12,C-95575943,Spo-955407,Sports,Sweden,App
19,98.89,2024-10-22,C-78446420,Spo-455362,Sports,Poland,Web
1,307.84,2022-12-23,C-28875386,Aut-846618,Automotive,Australia,App
16,93.05,2022-08-30,C-03989784,Hea-247358,Health,Austria,Marketplace
1,375.89,2022-09-11,C-96899874,Off-714003,Office,Portugal,Email
6,199.28,2025-11-14,C-46803455,Spo-210198,Sports,Spain,Web
17,129.93,2022-05-25,C-12450349,Tra-213047,Travel,Japan,Web
4,101.99,2024-06-09,C-51790735,Foo-607773,Food,United Kingdom,Email
11,140.44,2023-05-14,C-65680713,Hea-580069,Health,United Kingdom,Store
16,205.59,2025-04-08,C-40712411,Toy-456148,Toys,Spain,Email
6,347.93,2023-12-01,C-40816416,Ele-101413,Electronics,United States,Phone
5,385.51,2022-07-20,C-33648030,Foo-928964,Food,Austria,Email
6,328.19,2024-01-16,C-66540515,Aut-713159,Automotive,Australia,Social Media
15,195.17,2022-11-14,C-22393430,Hea-895828,Health,Spain,Phone
9,285.19,2023-06-14,C-21047218,Jew-781389,Jewelry,Belgium,Phone
18,473.45,2022-01-17,C-33477060,Toy-801280,Toys,Netherlands,Phone
17,184.6,2025-06-23,C-98797738,Mus-746986,Music,Mexico,Email
15,377.08,2023-03-10,C-19495025,Tra-379144,Travel,Brazil,Marketplace
18,159.11,2022-08-15,C-28558128,Boo-895282,Books,Denmark,App
7,294.66,2025-05-18,C-76319842,Boo-360167,Books,Mexico,Email
10,42.74,2025-06-09,C-46238432,Bea-419023,Beauty,France,Marketplace
11,220.4,2024-10-04,C-57391425,Bea-703622,Beauty,Norway,Social Media
6,411.71,2025-11-27,C-31490891,Bea-178273,Beauty,Netherlands,Store
8,158.09,2023-05-23,C-71666979,Hea-850928,Health,Belgium,Social Media
11,329.06,2023-10-30,C-21815651,Boo-610743,Books,Sweden,Phone
14,455.39,2024-11-11,C-56445786,Jew-147283,Jewelry,Mexico,Phone
18,328.11,2023-01-11,C-39312362,Off-585267,Office,Denmark,Social Media
8,455.81,2025-01-31,C-83990482,Fur-704590,Furniture,Canada,App
1,87.74,2024-05-07,C-81260270,Gar-786267,Garden,Japan,Web
15,200.62,2024-07-14,C-77186257,Ele-896863,Electronics,Switzerland,Marketplace
5,312.77,2025-08-20,C-35863083,Jew-564208,Jewelry,Japan,Social Media
8,312.92,2022-05-09,C-98578568,Mus-811586,Music,Sweden,Social Media
7,352.96,2024-03-18,C-58844515,Off-464459,Office,United States,Phone
6,17.38,2025-09-16,C-23912425,Spo-746707,Sports,Brazil,Phone
7,60.45,2022-02-10,C-32013927,Jew-235355,Jewelry,Spain,Web
17,411.3,2023-11-26,C-16444729,Gar-235679,Garden,Japan,Email
2,352.41,2025-12-10,C-66796277,Fur-992751,Furniture,Mexico,Marketplace
17,330.4,2023-09-28,C-41585681,Fur-899806,Furniture,Spain,Phone
13,327.6,2025-04-29,C-45499076,Bea-988078,Beauty,Canada,Social Media
9,375.09,2024-11-10,C-61635242,Fur-086067,Furniture,Austria,Email
8,194.25,2024-07-31,C-33067849,Foo-044570,Food,Australia,Web
2,293.96,2023-03-20,C-47467171,Ele-646129,Electronics,Australia,Web
14,186.43,2022-10-03,C-82193345,Aut-439237,Automotive,Mexico,Marketplace
9,176.63,2025-12-12,C-95897450,Clo-451484,Clothing,France,Marketplace
2,291.56,2023-02-26,C-39719554,Foo-450779,Food,Norway,Store
4,315.34,2023-02-16,C-03440880,Off-127742,Office,France,Web
3,129.84,2023-01-08,C-80272452,Gar-951460,Garden,Belgium,Email
9,412.58,2024-06-10,C-51073307,Jew-208602,Jewelry,United Kingdom,Marketplace
15,173.76,2025-08-19,C-37389171,Toy-013294,Toys,France,App
13,123.5,2023-04-16,C-02638398,Gar-660991,Garden,Norway,Store
4,438.13,2022-07-24,C-59473796,Fur-240954,Furniture,United States,Email
9,234.94,2025-04-02,C-49938177,Boo-074539,Books,France,Email
17,305.57,2023-11-29,C-91611921,Fur-299143,Furniture,Germany,Web
15,189.39,2022-10-13,C-19818284,Mus-639224,Music,Belgium,Social Media
6,288.38,2022-01-20,C-92295932,Gar-076128,Garden,Italy,Marketplace
5,12.24,2025-06-10,C-99178431,Spo-435340,Sports,Austria,Phone
1,355.56,2025-12-15,C-06140306,Toy-092867,Toys,Italy,Email
4,225.49,2024-06-16,C-91848903,Hea-170802,Health,United States,Marketplace
5,35.95,2022-10-15,C-66592869,Fur-381690,Furniture,France,Web
7,341.42,2024-10-03,C-01499930,Bea-485880,Beauty,Brazil,Social Media
14,485.13,2023-03-19,C-34194127,Jew-937908,Jewelry,Germany,Marketplace
5,290.97,2024-07-31,C-82162312,Jew-541860,Jewelry,Switzerland,Email
1,465.02,2023-04-01,C-04675267,Aut-039110,Automotive,Poland,Marketplace
16,397.96,2023-02-12,C-13838283,Aut-681762,Automotive,Spain,Social Media
3,486.02,2025-12-24,C-45499076,Bea-332566,Beauty,Poland,Email
4,278.93,2023-10-15,C-44214705,Mus-132425,Music,Norway,App
11,463.06,2022-03-19,C-59610177,Spo-240329,Sports,Austria,Email
7,13.93,2022-01-19,C-89047975,Tra-349223,Travel,Spain,Social Media
14,125.03,2022-04-11,C-91258005,Clo-499588,Clothing,Mexico,App
6,449.16,2025-04-02,C-80410341,Ele-198928,Electronics,France,App
7,271.91,2022-10-11,C-25764795,Jew-504885,Jewelry,Belgium,Phone
17,315.95,2022-02-13,C-25569498,Jew-946321,Jewelry,Belgium,Store
11,315.51,2023-10-28,C-02638398,Ele-596936,Electronics,Italy,App
18,114.3,2025-06-23,C-68421440,Aut-369678,Automotive,Netherlands,Phone
7,249.37,2022-10-23,C-46238432,Tra-636580,Travel,Brazil,Phone
5,108.67,2023-10-09,C-86452949,Tra-714600,Travel,Denmark,App
15,32.43,2024-10-17,C-23489168,Spo-077151,Sports,Portugal,Social Media
9,122.31,2022-11-30,C-65189987,Mus-427655,Music,Germany,Web
4,364.7,2023-04-03,C-01495378,Toy-455949,Toys,Japan,Email
19,179.55,2022-03-30,C-78446420,Jew-865381,Jewelry,Germany,App
1,467.2,2025-10-25,C-16276701,Clo-417692,Clothing,Austria,Marketplace
2,451.43,2025-08-05,C-88904378,Off-271923,Office,Austria,Phone
1,451.14,2025-01-17,C-76932090,Gar-167655,Garden,Canada,Store
18,22.74,2025-06-09,C-64838435,Mus-004078,Music,Spain,Marketplace
9,462.19,2024-01-04,C-44394558,Ele-807854,Electronics,Brazil,Web
14,473.4,2024-12-27,C-03964660,Off-580642,Office,Australia,Store
2,32.89,2025-06-20,C-48248138,Gar-503324,Garden,Austria,Store
11,105.51,2023-08-10,C-03797010,Mus-789049,Music,Belgium,Phone
15,219.42,2023-10-26,C-64933370,Gar-735899,Garden,Canada,Store
4,69.26,2025-04-19,C-69358962,Boo-549707,Books,United Kingdom,Marketplace
17,133.11,2022-12-31,C-57442109,Off-248679,Office,Netherlands,Phone
8,300.85,2025-05-18,C-97457004,Clo-603507,Clothing,Denmark,Marketplace
12,268.01,2023-02-03,C-79340041,Hea-210890,Health,Poland,Store
2,166.22,2024-09-21,C-37792256,Foo-262903,Food,United Kingdom,Phone
9,193.01,2022-12-31,C-43320541,Bea-396145,Beauty,Austria,Store
12,24.88,2023-06-03,C-20625702,Boo-724188,Books,Brazil,Social Media
4,419.97,2024-10-18,C-66540515,Off-730700,Office,United States,Phone
15,234.14,2023-03-31,C-96899874,Off-061246,Office,Norway,Phone
15,164.07,2025-11-25,C-13247287,Boo-526420,Books,United Kingdom,Social Media
8,150.23,2025-07-23,C-29230901,Hea-314109,Health,Brazil,Marketplace
1,25.03,2023-05-14,C-33414707,Off-577462,Office,Portugal,Web
14,454.18,2024-01-04,C-26183976,Tra-263727,Travel,United States,Social Media
17,478.24,2025-11-19,C-92601313,Gar-375669,Garden,Norway,App
8,232.95,2024-05-07,C-45178159,Toy-481230,Toys,Switzerland,Email
12,288.99,2024-08-07,C-36312598,Aut-011012,Automotive,Mexico,App
7,405.57,2025-06-13,C-59241963,Gar-811325,Garden,Spain,Social Media
7,497.73,2023-02-25,C-17474126,Gar-855265,Garden,Denmark,Web
15,173.29,2025-02-02,C-28558128,Fur-003436,Furniture,Germany,Social Media
16,387.09,2022-11-20,C-33414707,Fur-615168,Furniture,Portugal,Email
13,312.84,2025-10-29,C-44561552,Jew-646160,Jewelry,Portugal,Marketplace
9,158.77,2025-09-09,C-73659733,Boo-997623,Books,Portugal,Social Media
4,37.58,2025-04-05,C-44131482,Toy-259149,Toys,France,Social Media
15,381.07,2024-09-16,C-06140306,Gar-846416,Garden,Japan,Web
6,403.32,2025-12-19,C-24696321,Gar-477162,Garden,Italy,Store
19,352.93,2023-03-11,C-08804410,Jew-829543,Jewelry,Canada,Email
19,14.96,2022-02-27,C-71666979,Ele-083742,Electronics,Sweden,Web
14,241.64,2023-11-24,C-33414707,Clo-608739,Clothing,Brazil,Email
16,456.74,2022-04-06,C-64933370,Ele-664760,Electronics,United States,Web
15,375.46,2024-11-06,C-69919834,Hea-440293,Health,Mexico,Social Media
8,235.31,2022-04-02,C-94752604,Fur-061415,Furniture,Spain,Marketplace
12,325.48,2024-04-28,C-17474126,Gar-688926,Garden,Germany,Marketplace
15,103.49,2022-06-20,C-29680788,Jew-494774,Jewelry,Denmark,Web
7,43.07,2022-11-04,C-52729045,Spo-168499,Sports,Australia,Social Media
4,79.39,2022-05-05,C-87914090,Boo-973627,Books,Switzerland,Social Media
5,199.82,2024-02-09,C-67734713,Jew-459496,Jewelry,Austria,Phone
10,374.69,2024-10-05,C-73741620,Clo-915883,Clothing,Brazil,Store
15,463.4,2024-11-05,C-76264318,Gar-135762,Garden,Canada,Phone
1,20.86,2024-06-27,C-10975431,Hea-149515,Health,Austria,Web
6,332.49,2022-10-16,C-78758323,Jew-433420,Jewelry,Mexico,Web
9,315.67,2023-09-09,C-86793558,Spo-954515,Sports,Mexico,Phone
14,494.0,2023-12-18,C-26931360,Spo-701498,Sports,Switzerland,App
8,195.66,2022-12-21,C-82162312,Gar-454198,Garden,Austria,Marketplace
14,145.24,2023-12-25,C-08397369,Boo-424365,Books,Portugal,Store
11,349.16,2024-07-27,C-24943709,Spo-477170,Sports,Poland,Marketplace
2,421.96,2025-11-02,C-78758323,Hea-869335,Health,Japan,Email
6,128.68,2022-04-26,C-65793662,Tra-228737,Travel,Australia,App
15,208.95,2024-07-02,C-66447024,Foo-271693,Food,Sweden,Web
18,175.35,2024-06-03,C-69723028,Aut-546621,Automotive,United Kingdom,Marketplace
11,20.84,2023-08-07,C-14823370,Boo-501760,Books,Austria,Email
3,454.61,2024-09-15,C-38044479,Fur-204056,Furniture,Netherlands,App
3,153.0,2024-03-28,C-12198751,Spo-758655,Sports,United Kingdom,Web
12,149.08,2022-06-06,C-28616400,Foo-266906,Food,Portugal,Email
12,60.89,2024-04-25,C-36973153,Toy-803839,Toys,Sweden,Social Media
15,56.41,2022-06-10,C-75123250,Clo-713326,Clothing,Australia,App
14,240.72,2022-03-11,C-14582549,Fur-566063,Furniture,Switzerland,App
13,343.68,2025-04-04,C-93179907,Toy-025512,Toys,Switzerland,App
3,436.47,2022-08-21,C-01499930,Aut-615413,Automotive,Mexico,Email
16,341.59,2023-04-12,C-07305300,Jew-555691,Jewelry,Portugal,App
11,246.41,2024-05-06,C-81261231,Tra-002907,Travel,Japan,Web
10,448.35,2022-02-12,C-12450349,Hea-743521,Health,Germany,Store
10,269.94,2023-02-01,C-03797010,Hea-737788,Health,Portugal,Store
19,435.73,2022-02-13,C-65680713,Bea-335910,Beauty,United States,Phone
19,334.68,2025-03-07,C-49373053,Hea-672842,Health,Denmark,Store
16,290.82,2025-06-28,C-23912425,Mus-368140,Music,Netherlands,Web
17,382.61,2023-02-24,C-96899874,Toy-410775,Toys,Australia,Email
11,179.84,2025-08-29,C-64933370,Hea-245167,Health,Italy,Phone
17,189.58,2025-11-03,C-20625702,Spo-774645,Sports,Brazil,App
14,215.68,2023-08-17,C-28442622,Mus-625394,Music,Canada,Email
6,191.27,2022-01-06,C-04202589,Gar-386141,Garden,Sweden,Social Media
14,312.51,2022-05-05,C-33648030,Off-264936,Office,Spain,Web
6,375.75,2024-02-27,C-58815004,Aut-660645,Automotive,United Kingdom,Web
4,304.87,2022-08-04,C-32487120,Foo-355238,Food,Japan,Social Media
4,166.97,2022-02-18,C-86898981,Foo-321794,Food,Denmark,App
13,395.9,2022-11-12,C-48248138,Bea-773641,Beauty,Norway,App
16,394.82,2023-12-31,C-42531372,Foo-251218,Food,Belgium,Phone
10,384.75,2024-10-11,C-11133828,Clo-174171,Clothing,Spain,Social Media
3,368.45,2024-06-29,C-36596055,Aut-362974,Automotive,Denmark,Phone
11,236.23,2024-10-11,C-72687598,Boo-734654,Books,Denmark,Web
10,414.66,2025-12-30,C-14863834,Clo-314233,Clothing,Portugal,Phone
8,352.86,2024-02-23,C-47467171,Spo-755435,Sports,Italy,Store
14,304.64,2022-04-20,C-24193676,Bea-233925,Beauty,Spain,Social Media
9,182.22,2023-03-05,C-42970743,Mus-178596,Music,Australia,App
1,469.29,2022-04-20,C-40066424,Spo-450609,Sports,Canada,App
11,289.59,2024-12-23,C-17474126,Bea-429115,Beauty,Switzerland,Social Media
3,424.48,2023-02-17,C-23316927,Clo-322607,Clothing,Spain,Phone
8,408.9,2025-03-10,C-88072442,Boo-965598,Books,Japan,Marketplace
12,430.15,2023-01-23,C-12376621,Aut-353234,Automotive,United Kingdom,Marketplace
13,480.96,2024-06-09,C-84592199,Toy-705203,Toys,Norway,Social Media
19,448.78,2024-04-28,C-99466366,Hea-605016,Health,Australia,Web
14,482.35,2024-09-01,C-73352991,Bea-968419,Beauty,Australia,Store
15,99.05,2022-03-19,C-85780309,Hea-255871,Health,Austria,Web
7,239.92,2025-05-01,C-07674407,Boo-675788,Books,Japan,Store
7,151.03,2024-10-19,C-61453651,Bea-182336,Beauty,Japan,App
8,391.62,2024-10-15,C-66592869,Clo-145112,Clothing,Denmark,Social Media
12,303.79,2024-07-18,C-05163875,Boo-135092,Books,United Kingdom,Phone
4,367.28,2022-07-20,C-67404415,Gar-535354,Garden,Netherlands,Phone
6,223.47,2023-02-21,C-39719554,Mus-664430,Music,Japan,Email
19,40.67,2023-04-22,C-12247689,Aut-259606,Automotive,Italy,App
3,383.83,2024-01-04,C-21013148,Hea-169363,Health,Italy,App
5,106.5,2023-11-16,C-95405257,Gar-993696,Garden,Portugal,Marketplace
11,81.16,2023-03-30,C-29463459,Aut-681267,Automotive,Norway,Social Media
15,406.97,2024-07-07,C-12564518,Mus-780165,Music,Germany,Store
10,287.53,2025-10-13,C-09075991,Mus-273919,Music,Portugal,App
17,442.38,2022-05-01,C-60259140,Toy-906858,Toys,Norway,Phone
3,330.52,2023-07-22,C-89572422,Hea-199325,Health,Denmark,Phone
2,90.53,2023-04-08,C-93572459,Ele-377017,Electronics,Portugal,Marketplace
13,485.33,2022-01-12,C-10353855,Hea-413736,Health,Norway,App
4,244.5,2022-05-12,C-09237099,Gar-319387,Garden,Mexico,App
18,305.23,2025-07-06,C-80839328,Boo-736381,Books,Canada,Store
19,253.44,2025-12-04,C-03964660,Bea-887061,Beauty,Japan,Phone
15,249.62,2025-12-29,C-73478428,Jew-195431,Jewelry,Switzerland,Store
3,452.72,2023-03-10,C-91258005,Jew-313704,Jewelry,Australia,Store
15,263.54,2023-11-18,C-32317799,Hea-967943,Health,Italy,Email
1,259.26,2022-11-25,C-93712739,Fur-087784,Furniture,Austria,Web
8,260.52,2025-02-24,C-01425733,Jew-606116,Jewelry,Denmark,App
5,302.3,2024-05-17,C-61295722,Foo-218199,Food,Denmark,App
19,358.02,2022-08-23,C-94752604,Jew-653126,Jewelry,Mexico,Social Media
12,470.78,2022-01-20,C-09075991,Foo-887124,Food,United Kingdom,Phone
17,180.53,2022-12-20,C-83984056,Jew-674425,Jewelry,Denmark,Store
10,491.63,2025-02-12,C-51073307,Tra-869585,Travel,Portugal,Email
18,430.42,2025-01-06,C-43022236,Spo-769249,Sports,Poland,App
9,444.38,2023-01-01,C-31490891,Aut-794277,Automotive,Japan,Marketplace
7,371.33,2023-05-25,C-88904378,Jew-213374,Jewelry,Spain,Store
1,66.13,2023-08-01,C-73352991,Off-691525,Office,Switzerland,Email
6,210.39,2024-04-29,C-46857022,Toy-609698,Toys,Australia,App
4,92.0,2024-11-22,C-12564518,Mus-532251,Music,Mexico,Marketplace
11,271.33,2023-06-11,C-01495378,Ele-844676,Electronics,Austria,Email
3,302.63,2022-08-29,C-13838283,Tra-655845,Travel,Denmark,Phone
6,73.95,2022-11-18,C-44489996,Bea-118426,Beauty,United States,App
18,316.12,2024-09-24,C-16115109,Foo-665533,Food,Brazil,App
9,483.93,2022-03-08,C-83984056,Gar-843918,Garden,Australia,Web
15,487.06,2023-01-23,C-59473796,Toy-305810,Toys,Austria,Web
9,142.05,2023-01-12,C-51510185,Clo-590185,Clothing,United Kingdom,Marketplace
17,22.42,2023-10-01,C-36104271,Fur-327870,Furniture,Japan,Email
4,87.99,2023-10-22,C-45499076,Mus-018886,Music,United States,Marketplace
19,46.76,2025-03-26,C-24232452,Foo-164809,Food,Denmark,App
9,473.22,2025-05-16,C-01495378,Aut-948342,Automotive,France,Store
13,497.07,2025-06-18,C-72957339,Toy-022343,Toys,Italy,Store
19,432.76,2023-11-27,C-24254708,Gar-751942,Garden,Germany,Web
15,435.83,2025-06-10,C-49819326,Foo-806285,Food,France,Phone
5,396.63,2025-12-08,C-09537008,Aut-894968,Automotive,Poland,App
6,335.7,2025-11-30,C-30556313,Bea-579556,Beauty,Norway,Phone
15,24.31,2024-11-20,C-05163875,Boo-473524,Books,Germany,Marketplace
2,369.06,2025-11-13,C-08085231,Spo-919144,Sports,Spain,Marketplace
10,446.32,2022-07-28,C-17474126,Hea-619884,Health,Italy,Web
7,152.83,2023-10-07,C-71354562,Fur-470851,Furniture,Germany,Store
1,364.3,2023-08-02,C-82799399,Tra-143098,Travel,United States,Web
17,302.92,2022-01-15,C-37792256,Off-031080,Office,Norway,Store
15,214.28,2022-07-18,C-86898981,Hea-899352,Health,Canada,Web
3,484.4,2022-05-18,C-11172808,Bea-961404,Beauty,United Kingdom,Web
3,226.95,2022-12-08,C-18244574,Fur-507777,Furniture,Canada,App
6,275.17,2023-10-18,C-94779946,Off-651997,Office,Japan,Phone
8,179.64,2024-12-18,C-45178159,Spo-034009,Sports,Belgium,Marketplace
8,210.01,2025-10-10,C-43320541,Hea-969904,Health,Norway,Social Media
15,133.39,2022-05-12,C-72687598,Spo-723536,Sports,Norway,Email
7,190.94,2025-05-07,C-30456182,Boo-553793,Books,Austria,Web
11,107.71,2025-10-07,C-17640864,Bea-718769,Beauty,Sweden,Social Media
4,34.58,2022-03-29,C-54087604,Mus-754434,Music,Switzerland,Web
18,79.33,2024-03-04,C-51510185,Jew-962521,Jewelry,Japan,Web
10,9.22,2023-02-18,C-37792256,Ele-394844,Electronics,Switzerland,App
10,331.77,2025-11-26,C-82983097,Spo-567751,Sports,United States,Web
14,54.63,2025-07-20,C-95364434,Bea-287222,Beauty,Australia,Email
12,306.4,2024-05-17,C-93179907,Boo-737001,Books,Switzerland,Web
17,349.3,2022-07-21,C-57589671,Mus-668267,Music,Mexico,Marketplace
6,443.66,2024-07-29,C-69850346,Boo-079328,Books,Poland,Store
10,239.93,2022-02-04,C-01425733,Tra-595282,Travel,Switzerland,Social Media
2,381.32,2024-08-31,C-45499076,Bea-247503,Beauty,Sweden,Store
10,50.91,2024-06-15,C-91258005,Gar-697486,Garden,Austria,Email
10,169.69,2024-04-10,C-86674277,Fur-615399,Furniture,United States,Web
4,253.51,2023-09-19,C-46857022,Tra-444411,Travel,France,Store
18,148.96,2025-05-08,C-89337463,Spo-912230,Sports,France,Marketplace
16,382.2,2025-06-12,C-07706214,Hea-352675,Health,Sweden,Email
8,59.54,2023-03-13,C-36312598,Clo-552312,Clothing,Belgium,Web
7,35.87,2023-04-25,C-55546816,Clo-225129,Clothing,Sweden,Web
1,186.99,2024-10-26,C-33334129,Fur-784033,Furniture,Switzerland,App
2,494.37,2024-07-23,C-03077799,Boo-230811,Books,United Kingdom,App
15,280.73,2025-02-13,C-07674407,Boo-679762,Books,France,Phone
4,129.78,2024-10-07,C-24193676,Off-051383,Office,Belgium,Social Media
8,391.25,2024-01-21,C-73823713,Off-720299,Office,United Kingdom,App
5,326.14,2025-05-26,C-61850780,Off-213344,Office,Australia,Phone
9,230.99,2022-06-14,C-33071308,Bea-554500,Beauty,Switzerland,App
13,334.0,2023-05-28,C-49373053,Gar-643626,Garden,Sweden,Marketplace
16,364.3,2024-12-16,C-68421440,Bea-250155,Beauty,Belgium,Phone
14,358.75,2022-08-13,C-65594419,Spo-068971,Sports,Netherlands,Social Media
5,143.91,2024-05-11,C-08303045,Tra-011505,Travel,Belgium,Web
5,158.45,2022-12-23,C-60590184,Aut-207753,Automotive,Mexico,Marketplace
19,230.94,2025-06-10,C-09237099,Boo-095016,Books,Brazil,Store
14,429.98,2022-10-26,C-76605428,Clo-421452,Clothing,Canada,Social Media
7,376.17,2023-01-07,C-71666979,Gar-340499,Garden,Japan,Social Media
14,354.49,2023-05-15,C-51510185,Clo-022063,Clothing,Portugal,Social Media
19,81.76,2022-12-14,C-01878061,Clo-003344,Clothing,Canada,Social Media
5,117.0,2025-02-13,C-99466366,Aut-244742,Automotive,Germany,Phone
3,106.28,2022-06-28,C-39200287,Tra-092421,Travel,Japan,Social Media
7,280.69,2025-09-07,C-04759341,Jew-305050,Jewelry,Brazil,Phone
3,105.2,2023-03-03,C-68849874,Foo-335896,Food,Italy,Marketplace
1,496.36,2022-02-20,C-19818284,Hea-172607,Health,Norway,Email
6,218.26,2023-04-02,C-14823370,Boo-541939,Books,Netherlands,Social Media
11,392.82,2024-12-06,C-86793558,Tra-635850,Travel,Netherlands,Store
10,120.38,2023-01-20,C-99336445,Foo-550621,Food,Australia,Social Media
9,263.86,2022-06-07,C-85441923,Mus-137223,Music,Portugal,App
18,111.49,2024-04-22,C-85645658,Off-075970,Office,Italy,App
10,381.29,2024-01-07,C-28442622,Jew-389142,Jewelry,France,Store
13,128.69,2024-03-25,C-95538520,Foo-210555,Food,Switzerland,Phone
8,40.22,2024-03-04,C-59357876,Toy-559918,Toys,Denmark,Email
19,80.34,2022-12-15,C-14989806,Boo-622242,Books,Brazil,Email
16,49.63,2022-08-16,C-09237099,Gar-310769,Garden,Spain,Store
12,441.76,2023-07-19,C-46779506,Foo-799322,Food,United States,Web
16,163.33,2024-07-28,C-28506804,Fur-586929,Furniture,Germany,Store
9,120.73,2024-10-11,C-14348130,Hea-808232,Health,Mexico,Social Media
7,36.6,2024-02-08,C-29004750,Clo-563196,Clothing,Sweden,App
11,237.62,2023-03-24,C-81092571,Foo-311501,Food,Netherlands,Phone
8,439.43,2024-04-25,C-83990482,Tra-178234,Travel,Denmark,Web
6,157.03,2022-03-03,C-53923828,Hea-995082,Health,Australia,Marketplace
19,150.54,2022-04-18,C-93572459,Off-242251,Office,Belgium,Store
10,122.45,2025-12-03,C-87914090,Spo-907156,Sports,Sweden,Web
18,359.47,2024-07-05,C-51790735,Mus-263390,Music,Belgium,Web
9,126.16,2024-11-08,C-34187596,Off-056096,Office,Poland,App
19,278.54,2022-09-30,C-86674277,Tra-099640,Travel,Spain,Marketplace
17,361.14,2025-08-11,C-37619890,Aut-385742,Automotive,Poland,Web
3,194.42,2022-02-05,C-08845506,Jew-103642,Jewelry,Spain,Marketplace
3,140.52,2022-07-16,C-92141302,Tra-009373,Travel,France,App
13,176.98,2022-09-01,C-31733702,Mus-691784,Music,Spain,Marketplace
16,117.2,2023-05-09,C-25746750,Boo-169921,Books,Denmark,Phone
15,134.04,2023-06-13,C-81092571,Off-528467,Office,Switzerland,Email
14,227.69,2025-04-06,C-80730111,Hea-894943,Health,Italy,Web
13,311.36,2025-07-11,C-14989806,Bea-011637,Beauty,Denmark,Social Media
10,234.28,2023-03-02,C-73659733,Boo-282768,Books,United States,Marketplace
8,465.0,2022-01-20,C-38384646,Fur-782941,Furniture,Netherlands,Web
13,28.12,2022-11-15,C-69025898,Foo-794984,Food,Belgium,Marketplace
14,79.16,2022-10-11,C-05163875,Jew-434152,Jewelry,France,Web
15,232.54,2025-12-26,C-95885847,Gar-259298,Garden,Australia,Social Media
17,317.91,2024-11-26,C-72341909,Clo-268235,Clothing,United Kingdom,Phone
13,88.84,2025-06-02,C-27853549,Clo-921615,Clothing,Japan,Store
14,467.8,2025-10-25,C-44259536,Gar-594386,Garden,Belgium,Marketplace
18,249.9,2023-06-13,C-44489996,Clo-258423,Clothing,Mexico,Marketplace
7,137.04,2025-01-10,C-16552411,Jew-029570,Jewelry,Netherlands,Store
3,129.62,2023-04-24,C-91258005,Jew-092022,Jewelry,Switzerland,Web
17,223.64,2023-08-25,C-66447024,Jew-127496,Jewelry,Canada,Store
3,466.49,2022-04-24,C-97457004,Off-008257,Office,Italy,Phone
17,432.54,2024-10-18,C-35700115,Clo-651725,Clothing,Canada,Marketplace
15,311.65,2025-09-30,C-95897450,Gar-757776,Garden,Netherlands,Store
3,16.47,2023-01-01,C-26183976,Aut-843712,Automotive,Austria,Web
15,65.86,2024-05-28,C-45178159,Toy-111903,Toys,Sweden,Email
3,112.87,2023-02-02,C-79632009,Off-550942,Office,Switzerland,Store
4,12.37,2023-09-21,C-64801937,Toy-623663,Toys,Norway,App
18,254.2,2022-11-15,C-89101666,Hea-244301,Health,Canada,Email
4,52.43,2022-12-05,C-57442109,Jew-763224,Jewelry,Denmark,Web
15,274.72,2025-02-16,C-61453651,Gar-217209,Garden,United Kingdom,Web
16,195.17,2023-01-18,C-73478428,Off-612882,Office,United States,Store
3,142.42,2024-06-18,C-12780542,Hea-990161,Health,Australia,Web
2,184.33,2022-06-17,C-73291975,Boo-989863,Books,Japan,App
14,349.6,2025-11-27,C-44394558,Hea-660201,Health,Brazil,Email
16,316.28,2024-01-24,C-99178431,Jew-037267,Jewelry,Japan,Email
12,211.98,2023-08-06,C-75232822,Toy-787297,Toys,Mexico,App
7,454.61,2025-01-25,C-80272452,Boo-801668,Books,France,Email
9,450.26,2023-08-17,C-92295932,Mus-194479,Music,Italy,Phone
3,55.37,2023-02-10,C-63062112,Bea-765516,Beauty,Denmark,Marketplace
17,326.64,2023-06-26,C-57391425,Foo-306528,Food,Sweden,Phone
4,352.27,2025-10-15,C-80410341,Clo-543946,Clothing,Switzerland,Store
3,45.18,2024-04-17,C-56171343,Boo-937291,Books,Germany,Phone
15,357.3,2023-05-12,C-55631850,Gar-735606,Garden,United States,App
10,470.79,2022-12-23,C-11985335,Jew-444125,Jewelry,Mexico,Marketplace
4,21.62,2024-08-10,C-95405257,Spo-415683,Sports,Mexico,Social Media
6,117.44,2022-08-26,C-66370870,Toy-645670,Toys,Norway,Web
2,48.77,2022-12-26,C-85270860,Clo-153160,Clothing,Austria,App
8,280.75,2025-11-09,C-85947324,Mus-959953,Music,Norway,Web
13,434.68,2025-05-06,C-98797738,Boo-691843,Books,Denmark,Marketplace
7,380.21,2023-02-07,C-83940354,Fur-424808,Furniture,United States,Phone
14,273.72,2025-07-05,C-24193676,Hea-285866,Health,Sweden,Marketplace
8,412.5,2025-08-05,C-96319520,Foo-007969,Food,Austria,App
1,242.05,2025-01-18,C-65594419,Clo-657375,Clothing,Brazil,Email
7,288.93,2022-09-12,C-91258005,Boo-703135,Books,Italy,Store
14,358.82,2022-05-22,C-10353855,Clo-889688,Clothing,Denmark,Phone
11,128.58,2023-08-30,C-66370870,Bea-036659,Beauty,Belgium,Email
12,210.45,2022-04-11,C-29463459,Gar-551849,Garden,Norway,Marketplace
13,497.83,2024-04-09,C-33200552,Clo-167918,Clothing,Canada,Web
4,248.6,2024-09-17,C-80839328,Tra-878253,Travel,Poland,Email
11,53.23,2022-05-07,C-61648314,Ele-607785,Electronics,Portugal,Store
6,451.46,2023-12-11,C-83990482,Spo-898806,Sports,Netherlands,Social Media
9,25.72,2022-02-17,C-00571789,Boo-509446,Books,Australia,Phone
19,460.29,2024-06-21,C-03989784,Foo-759810,Food,Belgium,Phone
3,52.01,2022-02-14,C-86674277,Bea-567430,Beauty,Brazil,Store
13,59.05,2025-07-12,C-43022236,Mus-528652,Music,Belgium,Marketplace
15,153.6,2024-10-11,C-32317799,Jew-217993,Jewelry,Japan,Social Media
1,458.68,2023-06-02,C-93712739,Foo-833540,Food,France,Social Media
8,428.45,2024-07-11,C-71354562,Boo-650855,Books,Denmark,Phone
2,100.72,2023-07-08,C-36207775,Bea-137987,Beauty,Norway,Web
2,459.06,2023-03-17,C-83984056,Foo-532568,Food,Switzerland,Phone
12,344.68,2023-06-01,C-09075991,Mus-735020,Music,Mexico,Phone
19,89.82,2024-10-29,C-66005265,Bea-134329,Beauty,France,Email
6,76.9,2024-05-30,C-71679333,Hea-330202,Health,Australia,App
2,137.14,2025-07-06,C-67555445,Clo-718213,Clothing,Australia,Email
13,474.35,2023-02-12,C-75310409,Tra-989113,Travel,Japan,Email
6,292.17,2024-01-11,C-95538520,Spo-441192,Sports,Austria,Marketplace
1,249.51,2023-09-25,C-51790735,Jew-893014,Jewelry,Mexico,App
12,375.44,2023-11-21,C-51214215,Bea-157973,Beauty,Austria,Email
2,395.64,2025-10-12,C-35863083,Jew-418702,Jewelry,Japan,Email
17,261.24,2023-05-08,C-07718924,Bea-870521,Beauty,Denmark,Email
12,150.54,2022-10-23,C-76800708,Boo-834746,Books,Canada,Marketplace
13,376.58,2022-12-31,C-37792256,Gar-678665,Garden,Portugal,App
8,89.32,2025-04-05,C-11593189,Toy-252500,Toys,Sweden,Email
18,369.31,2023-02-10,C-13192293,Ele-682117,Electronics,Japan,App
3,167.55,2024-02-20,C-07375902,Boo-105210,Books,Italy,Phone
9,63.7,2024-01-25,C-95370570,Fur-278561,Furniture,Canada,Marketplace
14,265.71,2023-07-03,C-50560434,Spo-188515,Sports,Poland,Store
2,162.62,2025-05-14,C-55597799,Spo-717270,Sports,Switzerland,Phone
19,142.18,2023-07-06,C-25814587,Ele-835352,Electronics,United Kingdom,Web
4,468.87,2025-12-21,C-69850346,Mus-570167,Music,France,Social Media
7,195.12,2023-01-14,C-78669599,Boo-747784,Books,Switzerland,Social Media
9,320.79,2023-12-13,C-65347335,Hea-176932,Health,Mexico,Social Media
12,413.53,2023-03-18,C-34043398,Mus-681102,Music,Germany,Social Media
6,354.54,2025-06-18,C-03358637,Mus-932605,Music,Austria,Web
1,155.06,2022-03-08,C-84592199,Hea-008987,Health,Netherlands,Marketplace
16,121.43,2025-06-15,C-56155330,Bea-081021,Beauty,Belgium,App
8,417.18,2023-10-11,C-91611921,Boo-568737,Books,Canada,Marketplace
3,112.54,2024-01-30,C-10975431,Hea-715025,Health,Switzerland,Phone
2,63.21,2022-07-10,C-88131584,Toy-046027,Toys,Japan,Web
11,80.53,2023-01-26,C-33067849,Fur-425964,Furniture,Spain,Web
15,324.44,2022-07-23,C-27458375,Tra-602841,Travel,Netherlands,Marketplace
2,291.63,2022-11-28,C-46857022,Gar-646884,Garden,Germany,Marketplace
7,193.33,2024-03-21,C-83069633,Foo-063152,Food,Belgium,Store
12,233.29,2025-05-26,C-90940416,Boo-716094,Books,Netherlands,Web
17,307.66,2023-06-10,C-84592199,Foo-538956,Food,Austria,Marketplace
6,173.26,2024-04-10,C-37389171,Jew-587236,Jewelry,Netherlands,App
13,101.91,2023-07-31,C-04655309,Aut-478835,Automotive,Spain,App
16,179.93,2025-12-30,C-65235738,Gar-795744,Garden,United Kingdom,Store
16,278.61,2024-02-09,C-28655580,Mus-408962,Music,Poland,App
9,470.93,2024-07-11,C-51629298,Tra-983735,Travel,Spain,Email
11,183.95,2023-03-04,C-85201177,Tra-697337,Travel,Germany,Web
16,452.05,2023-06-02,C-64967803,Aut-349088,Automotive,United Kingdom,Email
16,28.61,2024-03-14,C-94779946,Tra-370420,Travel,Austria,Phone
10,442.13,2024-03-09,C-28558128,Fur-876565,Furniture,Belgium,Social Media
6,134.26,2025-05-20,C-76399890,Gar-320099,Garden,Brazil,Marketplace
6,96.8,2025-11-01,C-18732299,Gar-279571,Garden,Mexico,Store
13,91.1,2023-04-12,C-12198751,Aut-231454,Automotive,Spain,Store
2,180.55,2024-05-21,C-29680788,Aut-293764,Automotive,Australia,Web
18,323.0,2025-11-07,C-65680713,Off-602053,Office,Japan,Social Media
7,431.33,2023-08-31,C-93354569,Ele-732023,Electronics,Canada,Phone
6,42.23,2024-02-01,C-92010806,Foo-560800,Food,Spain,Social Media
10,481.06,2025-09-27,C-23562036,Toy-716487,Toys,Spain,Phone
17,70.05,2024-06-06,C-17074239,Tra-115834,Travel,Germany,Web
17,230.04,2024-08-27,C-44034970,Bea-721595,Beauty,Poland,Web
19,241.79,2023-02-17,C-85780309,Aut-426339,Automotive,Brazil,Web
8,101.42,2022-01-10,C-29004750,Hea-763841,Health,Spain,App
5,104.0,2023-06-28,C-80410341,Boo-807406,Books,Germany,Marketplace
10,212.95,2023-01-30,C-29680788,Gar-491276,Garden,United States,Web
16,229.53,2023-01-08,C-01878061,Off-404227,Office,Brazil,Marketplace
16,381.48,2022-11-15,C-52165873,Aut-713694,Automotive,Mexico,Marketplace
